FID,type_fp,type_sk,program,distadd,distboro,distzip,fp_days_orig,fp_hours_orig,sk_days_orig,sk_hours_orig,fp_mon,fp_mon_open1,fp_mon_close1,fp_mon_open2,fp_mon_close2,fp_tue,fp_tue_open1,fp_tue_close1,fp_tue_open2,fp_tue_close2,fp_wed,fp_wed_open1,fp_wed_close1,fp_wed_open2,fp_wed_close2,fp_thu,fp_thu_open1,fp_thu_close1,fp_thu_open2,fp_thu_close2,fp_fri,fp_fri_open1,fp_fri_close1,fp_fri_open2,fp_fri_close2,fp_sat,fp_sat_open1,fp_sat_close1,fp_sat_open2,fp_sat_close2,fp_sun,fp_sun_open1,fp_sun_close1,fp_sun_open2,fp_sun_close2,sk_mon,sk_mon_open1,sk_mon_close1,sk_mon_open2,sk_mon_close2,sk_tue,sk_tue_open1,sk_tue_close1,sk_tue_open2,sk_tue_close2,sk_wed,sk_wed_open1,sk_wed_close1,sk_wed_open2,sk_wed_close2,sk_thu,sk_thu_open1,sk_thu_close1,sk_thu_open2,sk_thu_close2,sk_fri,sk_fri_open1,sk_fri_close1,sk_fri_open2,sk_fri_close2,sk_sat,sk_sat_open1,sk_sat_close1,sk_sat_open2,sk_sat_close2,sk_sun,sk_sun_open1,sk_sun_close1,sk_sun_open2,sk_sun_close2,CreationDate,EditDate,GlobalID,lat,lon,address_score,subregion,status,program_type,fp_mon_open3,fp_mon_close3,fp_tue_open3,fp_tue_close3,fp_wed_open3,fp_wed_close3,fp_thu_open3,fp_thu_close3,fp_fri_open3,fp_fri_close3,fp_sat_open3,fp_sat_close3,fp_sun_open3,fp_sun_close3,sk_mon_open3,sk_mon_close3,sk_tue_open3,sk_tue_close3,sk_wed_open3,sk_wed_close3,sk_thu_open3,sk_thu_close3,sk_fri_open3,sk_fri_close3,sk_sat_open3,sk_sat_close3,sk_sun_open3,sk_sun_close3
1,FP,,CHURCH OF ST. NICHOLAS OF TOLENTINE,"2345 University Ave, Bronx, New York, 10468",BX,10468,TUE,9-11AM,,,closed,,,,,open,09:00 AM,11:00 AM,,,closed,,,,,closed,,,,,closed,,,,,closed,,,,,closed,,,,,,,,,,,,,,,,,,,,,,,,,,,,,,,,,,,,,,,,1652213735225,1732784423781,200d88be-6abe-44ff-a13a-769d8c9ef9a1,40.862216353818,-73.905672642358,100,Bronx County,Open,FP,,,,,,,,,,,,,,,,,,,,,,,,,,,,
2,FP,,BREAD OF LIFE FOOD PANTRY,"1104 Elder Ave, Bronx, New York, 10472",BX,10472,SAT,1:30 - 4:30PM,,,closed,,,,,closed,,,,,closed,,,,,closed,,,,,closed,,,,,open,01:30 PM,04:30 PM,,,closed,,,,,,,,,,,,,,,,,,,,,,,,,,,,,,,,,,,,,,,,1652213735225,1684807282066,4979e8c4-94af-485b-b826-e0134d818c94,40.8264247052495,-73.878539164494,100,Bronx County,Open,FP,,,,,,,,,,,,,,,,,,,,,,,,,,,,
3,FP,,NYC FAMILY JUSTICE CENTERS (FJCs) BROOKLYN,"350 Jay St, Brooklyn, New York, 11201",BK,11201,,,,,,,,,,,,,,,,,,,,,,,,,,,,,,,,,,,,,,,,,,,,,,,,,,,,,,,,,,,,,,,,,,,,,,,,,,,1652213735225,1758096016739,9e6629d1-8154-4152-beae-f972a5ab8fd6,40.693456246841,-73.987760643469,100,Kings County,Inactive,FP,,,,,,,,,,,,,,,,,,,,,,,,,,,,
4,FP,,CHANCE FOR CHILDREN,"11 Mc Keever Pl, Brooklyn, New York, 11225",BK,11225,FRI,10AM-12:30PM,,,closed,,,,,closed,,,,,closed,,,,,closed,,,,,open,10:00 AM,12:30 PM,,,closed,,,,,closed,,,,,,,,,,,,,,,,,,,,,,,,,,,,,,,,,,,,,,,,1652213735225,1684807282066,4548975a-8b70-4698-a35b-3eddb61704d7,40.6656935814143,-73.9584754472405,100,Kings County,Open,FP,,,,,,,,,,,,,,,,,,,,,,,,,,,,
5,FP,,GOD BLESS YOU ALL INC (QUEENS),"95-31 Jamaica Ave, Woodhaven, New York, 11421",QN,11421,,,,,,,,,,,,,,,,,,,,,,,,,,,,,,,,,,,,,,,,,,,,,,,,,,,,,,,,,,,,,,,,,,,,,,,,,,,1652213735225,1756368018432,1ff362a1-a50f-44f4-8a01-fb462822423a,40.694609177622,-73.849267379311,100,Queens County,Permanently Closed,FP,,,,,,,,,,,,,,,,,,,,,,,,,,,,
6,FP,,HEALTH ESSENTIAL ASSOCIATION INC (BK),"2101 E 16th St, Brooklyn, New York, 11229",BK,11229,FRI (4TH),10AM-12PM,,,closed,,,,,closed,,,,,closed,,,,,closed,,,,,open,10:00 AM,12:00 PM,,,closed,,,,,closed,,,,,,,,,,,,,,,,,,,,,,,,,,,,,,,,,,,,,,,,1652213735225,1689840015185,e92cfeb9-cecb-4c99-aea5-2ae81d8dd267,40.598606630507,-73.955282193588,100,Kings County,Open,FP,,,,,,,,,,,,,,,,,,,,,,,,,,,,
7,FP,,NYC FAMILY JUSTICE CENTERS (FJCs) BRONX,"198 E 161st St, Bronx, New York, 10451",BX,10451,,,,,,,,,,,,,,,,,,,,,,,,,,,,,,,,,,,,,,,,,,,,,,,,,,,,,,,,,,,,,,,,,,,,,,,,,,,1652213735225,1715068814652,87d838dc-f8da-4e1f-a37c-6dd32c55b5ce,40.826149150183,-73.92090842776,100,Bronx County,Inactive,FP,,,,,,,,,,,,,,,,,,,,,,,,,,,,
8,FP,,DEPARTMENT OF PROBATION QUEENS OFFICE,"162-24 Jamaica Ave, Jamaica, New York, 11433",QN,11433,,,,,,,,,,,,,,,,,,,,,,,,,,,,,,,,,,,,,,,,,,,,,,,,,,,,,,,,,,,,,,,,,,,,,,,,,,,1652213735225,1740214834100,85e7d1f2-1a9f-4a89-b722-6f8bf5940d12,40.704442072056,-73.797072346228,100,Queens County,Inactive,FP,,,,,,,,,,,,,,,,,,,,,,,,,,,,
9,FP,,BAILEY HOUSE FOOD PANTRY,"1751 Park Ave, New York, New York, 10035",NY,10035,,,,,,,,,,,,,,,,,,,,,,,,,,,,,,,,,,,,,,,,,,,,,,,,,,,,,,,,,,,,,,,,,,,,,,,,,,,1652213735225,1719475247741,43592b6a-1436-42c0-a2bf-2312c71ab9f5,40.80286116376652,-73.94034312755817,100,New York County,Permanently Closed,FP,,,,,,,,,,,,,,,,,,,,,,,,,,,,
10,FPHA,,AIDS CENTER OF QUEENS COUNTY (WOODSIDE),"62-07 Woodside Ave, Woodside, New York, 11377",QN,11377,"TUE, THUR",9-11AM,,,closed,,,,,open,08:00 AM,10:00 AM,,,closed,,,,,closed,,,,,closed,,,,,closed,,,,,closed,,,,,,,,,,,,,,,,,,,,,,,,,,,,,,,,,,,,,,,,1652213735225,1743148822019,eee81264-446f-4836-8ba4-1fd8e4b71782,40.744659030225,-73.902187195561,100,Queens County,Open,FP,,,,,,,,,,,,,,,,,,,,,,,,,,,,
11,FPHA,,AIDS CENTER OF QUEENS COUNTY (ACQC),"16-00 Central Ave, Far Rockaway, NY, 11691, USA",QN,11691,FRI,9:30-10:30AM,,,closed,,,,,closed,,,,,closed,,,,,closed,,,,,open,09:30 AM,10:30 AM,,,closed,,,,,closed,,,,,,,,,,,,,,,,,,,,,,,,,,,,,,,,,,,,,,,,1652213735225,1719475247741,01b60024-4e7a-45d9-af18-279087a2127c,40.60515532763915,-73.75217845372491,100,Queens County,Open,FP,,,,,,,,,,,,,,,,,,,,,,,,,,,,
12,FP,,FUTA MASJID,"2020 Cortelyou Rd, Brooklyn, New York, 11226",BK,11226,,,,,,,,,,,,,,,,,,,,,,,,,,,,,,,,,,,,,,,,,,,,,,,,,,,,,,,,,,,,,,,,,,,,,,,,,,,1652213735225,1719475247741,cdd487f3-6c0d-4f6a-aba0-8dc990d56607,40.643521435858446,-73.95902638973622,100,Kings County,Permanently Closed,FP,,,,,,,,,,,,,,,,,,,,,,,,,,,,
13,FPK,,SHOREFRONT JEWISH COMMUNITY COUNCIL (FPK),"128 Brighton Beach Ave, Brooklyn, New York, 11235",BK,11235,,,,,,,,,,,,,,,,,,,,,,,,,,,,,,,,,,,,,,,,,,,,,,,,,,,,,,,,,,,,,,,,,,,,,,,,,,,1652213735225,1730624432568,44076f36-76ff-4530-80ca-0877f554e1ba,40.576215633459,-73.96722833345,100,Kings County,Inactive,FP,,,,,,,,,,,,,,,,,,,,,,,,,,,,
14,FP,,NYC FAMILY JUSTICE CENTERS (FJCs) MANHATTAN,"80 Centre St, New York, NY, 10013, USA",NY,10013,,,,,,,,,,,,,,,,,,,,,,,,,,,,,,,,,,,,,,,,,,,,,,,,,,,,,,,,,,,,,,,,,,,,,,,,,,,1652213735225,1719475247741,f01ff708-ab89-453f-a9d9-d6bf2f336ad7,40.7153709422403,-74.00172665435902,100,New York County,Inactive,FP,,,,,,,,,,,,,,,,,,,,,,,,,,,,
15,FP,,DEPARTMENT OF PROBATION BROOKLYN OFFICE,"345 Adams St, Brooklyn, NY, 11201, USA",BK,11201,,,,,,,,,,,,,,,,,,,,,,,,,,,,,,,,,,,,,,,,,,,,,,,,,,,,,,,,,,,,,,,,,,,,,,,,,,,1652213735225,1719475247741,0ec91163-c5c4-4360-ad46-a3d168d2635f,40.692890258828584,-73.98859028424536,100,Kings County,Inactive,FP,,,,,,,,,,,,,,,,,,,,,,,,,,,,
16,FP,,"NEW ALTERNATIVE FOR CHILDREN, INC","37 W 26th St, New York, NY, 10001, USA",NY,10010,,,,,,,,,,,,,,,,,,,,,,,,,,,,,,,,,,,,,,,,,,,,,,,,,,,,,,,,,,,,,,,,,,,,,,,,,,,1652213735225,1725436828322,a80c08f4-cd5e-4c2b-bb81-93ee5090c280,40.744521189828,-73.990492557171,99.6,New York County,Permanently Closed,FP,,,,,,,,,,,,,,,,,,,,,,,,,,,,
17,FPHA,,AIDS CENTER OF QUEENS COUNTY (JAMAICA),"161-21 Jamaica Ave, Jamaica, New York, 11432",QN,11432,"TUE,THUR",8:30-11AM,,,closed,,,,,closed,,,,,closed,,,,,open,08:30 AM,09:30 AM,,,closed,,,,,closed,,,,,closed,,,,,,,,,,,,,,,,,,,,,,,,,,,,,,,,,,,,,,,,1652213735225,1701507623795,575f361b-edae-499d-9ecd-4436a73beffc,40.704402048469,-73.79790575886,100,Queens County,Open,FP,,,,,,,,,,,,,,,,,,,,,,,,,,,,
18,FP,,RIVERSIDE CHURCH FOOD PANTRY (FP),"91 Claremont Ave, New York, New York, 10027",NY,10027,"TUE,WED,FRI",9AM-1PM,,,closed,,,,,open,09:00 AM,01:00 PM,,,open,09:00 AM,01:00 PM,,,open,09:00 AM,01:00 PM,,,open,09:00 AM,01:00 PM,,,closed,,,,,closed,,,,,,,,,,,,,,,,,,,,,,,,,,,,,,,,,,,,,,,,1652213735225,1705136414996,230e6aa2-ff2d-49de-af8d-5ad7934c5a76,40.811964203982,-73.962512926181,100,New York County,Open,FP,,,,,,,,,,,,,,,,,,,,,,,,,,,,
19,FP,SK,BETH HARK CHRISTIAN COUNSELING CENTER,"1832 Madison Ave, New York, New York, 10035",NY,10035,,,,,closed,,,,,open,12:00 PM,02:00 PM,,,closed,,,,,open,11:00 AM,01:00 PM,,,closed,,,,,closed,,,,,closed,,,,,closed,,,,,closed,,,,,open,12:00 PM,02:00 PM,,,open,12:00 PM,02:00 PM,,,closed,,,,,closed,,,,,closed,,,,,1652213735225,1732093221565,20a47689-de61-426a-80fe-4d8380b62bfe,40.802320111917,-73.943367988776,100,New York County,Open,"FP,SK",,,,,,,,,,,,,,,,,,,,,,,,,,,,
20,FP,,HARLEM DOWLING WEST SIDE CENTER/SPECIALIZED SERVICES,"2139 Adam Clayton Powell Jr Blvd, New York, New York, 10027",NY,10027,FRI,12-2PM,,,closed,,,,,closed,,,,,closed,,,,,closed,,,,,open,12:00 PM,02:00 PM,,,closed,,,,,closed,,,,,,,,,,,,,,,,,,,,,,,,,,,,,,,,,,,,,,,,1652213735225,1684807282066,4a317184-8202-418d-91b7-98f068c3395b,40.810031630476,-73.9472302859403,100,New York County,Open,FP,,,,,,,,,,,,,,,,,,,,,,,,,,,,
21,FP,,UPPER MANHATTAN MENTAL HEALTH CENTER (FP),"1727 Amsterdam Ave, New York, New York, 10031",NY,10031,,,,,,,,,,,,,,,,,,,,,,,,,,,,,,,,,,,,,,,,,,,,,,,,,,,,,,,,,,,,,,,,,,,,,,,,,,,1652213735225,1771923632262,c0033eef-4680-4b71-9e66-cab95de44f00,40.825537145522,-73.947163063077,100,New York County,Inactive,FP,,,,,,,,,,,,,,,,,,,,,,,,,,,,
22,,SK,ST. PETER'S CHURCH BREAKFAST PROGRAM,"619 Lexington Ave, New York, New York, 10022",NY,10022,,,,,,,,,,,,,,,,,,,,,,,,,,,,,,,,,,,,,,,,closed,,,,,open,07:15 AM,08:00 AM,,,closed,,,,,closed,,,,,closed,,,,,closed,,,,,closed,,,,,1652213735225,1684807282066,f5c6d99f-febb-4216-8646-87dc843ffc90,40.7586867319228,-73.9703800966825,100,New York County,Open,SK,,,,,,,,,,,,,,,,,,,,,,,,,,,,
23,,SK,CHRIST CHURCH UNITED METHODIST,"524 Park Ave, New York, NY, 10065, USA",NY,10065,,,,,,,,,,,,,,,,,,,,,,,,,,,,,,,,,,,,,,,,closed,,,,,closed,,,,,closed,,,,,closed,,,,,closed,,,,,closed,,,,,open,04:30 PM,06:00 PM,,,1652213735225,1684807282066,027928fa-f0c5-465d-930a-07d06c563d42,40.763942939585,-73.9694903576604,100,New York County,Open,SK,,,,,,,,,,,,,,,,,,,,,,,,,,,,
24,FP,,CONVENT AVENUE BAPTIST CHURCH,"425 W 144th St, New York, New York, 10031",NY,10031,,,,,open,09:00 AM,12:00 PM,,,closed,,,,,closed,,,,,closed,,,,,closed,,,,,closed,,,,,closed,,,,,,,,,,,,,,,,,,,,,,,,,,,,,,,,,,,,,,,,1652213735225,1693987214367,8b92571b-85d5-4f95-9126-7e0913cee710,40.823860597249,-73.946118007389,100,New York County,Open,FP,,,,,,,,,,,,,,,,,,,,,,,,,,,,
25,,SK,CATHEDRAL OF ST. JOHN THE DIVINE,"1047 Amsterdam Ave, New York, New York, 10025",NY,10025,,,,,,,,,,,,,,,,,,,,,,,,,,,,,,,,,,,,,,,,closed,,,,,closed,,,,,closed,,,,,closed,,,,,closed,,,,,closed,,,,,open,10:00 AM,03:00 PM,,,1652213735225,1684807282066,41b85d7f-689a-4f4c-9d87-86af1e44014b,40.8041168147717,-73.9625784726639,100,New York County,Open,SK,,,,,,,,,,,,,,,,,,,,,,,,,,,,
26,FP,,WESTSIDE CAMPAIGN AGAINST HUNGER,"263 W 86th St, New York, New York, 10024",NY,10024,TUE-FRI,9AM-1PM,,,closed,,,,,open,09:00 AM,01:00 PM,,,open,09:00 AM,01:00 PM,,,open,09:00 AM,01:00 PM,,,open,09:00 AM,01:00 PM,,,closed,,,,,closed,,,,,,,,,,,,,,,,,,,,,,,,,,,,,,,,,,,,,,,,1652213735225,1684807282066,0ccaf57e-be93-4256-8b83-53ce9b950d04,40.7888001020946,-73.9772663330553,100,New York County,Open,FP,,,,,,,,,,,,,,,,,,,,,,,,,,,,
27,,SK,SOUP KITCHEN/COMMUNITY LUNCH,"601 W 114th St, New York, New York, 10025",NY,10025,,,,,,,,,,,,,,,,,,,,,,,,,,,,,,,,,,,,,,,,,,,,,,,,,,,,,,,,,,,,,,,,,,,,,,,,,,,1652213735225,1752220815036,a03204b0-6da5-456e-9e98-af751e2d4aa9,40.806913436766,-73.965059432185,100,New York County,Permanently Closed,SK,,,,,,,,,,,,,,,,,,,,,,,,,,,,
28,FP,,CROCHERON PARK,"214-41 34th Ave, Bayside, New York, 11361",QN,11361,,,,,,,,,,,,,,,,,,,,,,,,,,,,,,,,,,,,,,,,,,,,,,,,,,,,,,,,,,,,,,,,,,,,,,,,,,,1652213735225,1711699215075,54ecf200-3b25-4331-8b28-442f7cc3bb55,40.771949794503,-73.769340316658,100,Queens County,Permanently Closed,FP,,,,,,,,,,,,,,,,,,,,,,,,,,,,
29,FP,,LA JORNADA,"133-36 Roosevelt Ave, Flushing, New York, 11354",QN,11354,,,,,,,,,,,,,,,,,,,,,,,,,,,,,,,,,,,,,,,,,,,,,,,,,,,,,,,,,,,,,,,,,,,,,,,,,,,1652213735225,1693641616110,d22b9bcb-030b-4515-a145-f9e624ec4ab6,40.758245424721,-73.832707756121,100,Queens County,Permanently Closed,FP,,,,,,,,,,,,,,,,,,,,,,,,,,,,
30,FP,,INSTITUTE FOR COMMUNITY EQUITY AND SHARING INC,"13 Greene Ave, Brooklyn, NY, 11238, USA",BK,11238,,,,,,,,,,,,,,,,,,,,,,,,,,,,,,,,,,,,,,,,,,,,,,,,,,,,,,,,,,,,,,,,,,,,,,,,,,,1652213735225,1773993624922,9d574c76-3cf6-42a1-af21-2011bd20a624,40.686060516483,-73.972817805583,100,Kings County,Permanently Closed,FP,,,,,,,,,,,,,,,,,,,,,,,,,,,,
31,FP,,MORIAH CITY COMMUNITY FOOD PANTRY,"206-14 Linden Blvd, Cambria Heights, New York, 11411",QN,11411,,,,,closed,,,,,closed,,,,,open,03:00 PM,05:00 PM,,,closed,,,,,closed,,,,,closed,,,,,closed,,,,,,,,,,,,,,,,,,,,,,,,,,,,,,,,,,,,,,,,1652213735225,1695196816170,8c54fc13-a19a-4115-ada3-e1ce3003d619,40.696176509697,-73.745540321686,100,Queens County,Open,FP,,,,,,,,,,,,,,,,,,,,,,,,,,,,
32,FP,,FIRST REFORMED CHURCH OF COLLEGE POINT,"118-01 14th Ave, College Point, New York, 11356",QN,11356,,,,,,,,,,,,,,,,,,,,,,,,,,,,,,,,,,,,,,,,,,,,,,,,,,,,,,,,,,,,,,,,,,,,,,,,,,,1652213735225,1719475247741,8fd31234-6d48-4ab0-89e1-f63c3eb21e30,40.78603839072679,-73.84940283086588,100,Queens County,Permanently Closed,FP,,,,,,,,,,,,,,,,,,,,,,,,,,,,
33,FP,,IGLESIA CRISTIANA EVANGELICA,"34-35 96th St, Corona, New York, 11368",QN,11368,SAT,11AM-12PM,,,closed,,,,,closed,,,,,closed,,,,,closed,,,,,closed,,,,,open,11:00 AM,12:00 PM,,,closed,,,,,,,,,,,,,,,,,,,,,,,,,,,,,,,,,,,,,,,,1652213735225,1684807282066,31b0d8ca-d342-468f-bc30-fccf5b1d3bc7,40.7539893876547,-73.8715487410648,100,Queens County,Open,FP,,,,,,,,,,,,,,,,,,,,,,,,,,,,
34,FP,,MT. OLIVET GOSPEL CHURCH,"33-27 97th St, Corona, New York, 11368",QN,11368,WED,5:30-6:30PM,,,closed,,,,,closed,,,,,open,05:30 PM,06:30 PM,,,closed,,,,,closed,,,,,closed,,,,,closed,,,,,,,,,,,,,,,,,,,,,,,,,,,,,,,,,,,,,,,,1652213735225,1684807282066,19887e6f-82e9-4c45-9840-450f932dd4e2,40.7560735059698,-73.8710050908248,100,Queens County,Open,FP,,,,,,,,,,,,,,,,,,,,,,,,,,,,
35,,SK,FIRST BAPTIST CHURCH (SK),"100-10 Astoria Blvd, East Elmhurst, New York, 11369",QN,11369,,,,,,,,,,,,,,,,,,,,,,,,,,,,,,,,,,,,,,,,,,,,,,,,,,,,,,,,,,,,,,,,,,,,,,,,,,,1652213735225,1771405229860,8586b446-3e0f-4e2b-87b5-aa4a0fa8e83f,40.761622074415,-73.868736947826,100,Queens County,Inactive,SK,,,,,,,,,,,,,,,,,,,,,,,,,,,,
36,FP,,BETHANY PANTRY,"48-08 91st Pl, Elmhurst, New York, 11373",QN,11373,SAT ,9-10AM,,,closed,,,,,closed,,,,,closed,,,,,closed,,,,,closed,,,,,open,09:00 AM,10:00 AM,,,closed,,,,,,,,,,,,,,,,,,,,,,,,,,,,,,,,,,,,,,,,1652213735225,1684807282066,8bc197c9-80d1-4d5c-9015-39f5aba49b58,40.7414233222331,-73.8730636024257,100,Queens County,Open,FP,,,,,,,,,,,,,,,,,,,,,,,,,,,,
37,FP,,EVANGELICAL CHURCH CHRIST IS THE LIGHT,"89-16 48th Ave, Elmhurst, New York, 11373",QN,11373,,,,,,,,,,,,,,,,,,,,,,,,,,,,,,,,,,,,,,,,,,,,,,,,,,,,,,,,,,,,,,,,,,,,,,,,,,,1652213735225,1774080024795,35caee82-11e2-4dc0-abd4-bb4b6c13e81a,40.741132679741,-73.874885744357,100,Queens County,Inactive,FP,,,,,,,,,,,,,,,,,,,,,,,,,,,,
38,FP,,NEW LIFE COMMUNITY DEVELOPMENT CORPORATION,"82-10 Queens Blvd, Elmhurst, New York, 11373",QN,11373,,,,,,,,,,,,,,,,,,,,,,,,,,,,,,,,,,,,,,,,,,,,,,,,,,,,,,,,,,,,,,,,,,,,,,,,,,,1652213735225,1739005219352,5ceecaef-cedc-4591-99a1-18c9b3c6d4eb,40.737123112537,-73.881077288595,100,Queens County,Inactive,FP,,,,,,,,,,,,,,,,,,,,,,,,,,,,
39,FP,,FIRST PRESBYTERIAN RUSSELL SAGE MEMORIAL CHURCH OF FAR ROCKAWAY,"896 Central Ave, Far Rockaway, NY, 11691, USA",QN,11691,SAT,9:30-10:30AM,,,closed,,,,,closed,,,,,closed,,,,,closed,,,,,closed,,,,,open,09:00 AM,10:30 AM,,,closed,,,,,,,,,,,,,,,,,,,,,,,,,,,,,,,,,,,,,,,,1652213735225,1733994035331,6447e8b4-b646-4943-8ae7-e737d670ebd3,40.610138340413,-73.744640161527,100,Queens County,Open,FP,,,,,,,,,,,,,,,,,,,,,,,,,,,,
40,FP,,QUEENS DEFENDERS,"19-22 Mott Ave, Far Rockaway, New York, 11691",QN,11691,,,,,,,,,,,,,,,,,,,,,,,,,,,,,,,,,,,,,,,,,,,,,,,,,,,,,,,,,,,,,,,,,,,,,,,,,,,1652213735225,1719475247741,9417065d-c766-40a4-b146-11592a6598cb,40.604082737399295,-73.75236285559477,100,Queens County,Permanently Closed,FP,,,,,,,,,,,,,,,,,,,,,,,,,,,,
41,FP,,CHAZAQ,"141-47 72nd Ave, Flushing, New York, 11367",QN,11367,,,,,closed,,,,,open,02:30 PM,05:00 PM,,,closed,,,,,closed,,,,,closed,,,,,closed,,,,,closed,,,,,,,,,,,,,,,,,,,,,,,,,,,,,,,,,,,,,,,,1652213735225,1720598414608,fc593f57-82c5-4740-9d8d-a29374d8b5cd,40.72673558757,-73.822208248927,100,Queens County,Open,FP,,,,,,,,,,,,,,,,,,,,,,,,,,,,
42,FP,,FOOD SHARING WITH OUR NEIGHBORS PROGRAMS (FP),"38-24 149th St, Flushing, New York, 11354",QN,11354,,,,,closed,,,,,closed,,,,,closed,,,,,open,10:00 AM,12:00 PM,,,closed,,,,,closed,,,,,closed,,,,,,,,,,,,,,,,,,,,,,,,,,,,,,,,,,,,,,,,1652213735225,1697097618337,0266190d-1a78-4ad5-96b5-e5fba57abb84,40.763794537989,-73.816887165334,100,Queens County,Open,FP,,,,,,,,,,,,,,,,,,,,,,,,,,,,
43,FP,,PROMISE MINISTRIES INTERNATIONAL,"130-30 31st Ave, Flushing, New York, 11354",QN,11354,,,,,,,,,,,,,,,,,,,,,,,,,,,,,,,,,,,,,,,,,,,,,,,,,,,,,,,,,,,,,,,,,,,,,,,,,,,1652213735225,1719475247741,5d4408a8-d478-41f9-919a-7ea008e1c06c,40.76953446528387,-73.83872713606745,100,Queens County,Permanently Closed,FP,,,,,,,,,,,,,,,,,,,,,,,,,,,,
44,FP,,TZU CHI FOUNDATION FOOD PANTRY,"137 Northern Blvd, Staten Island, NY, 10301, USA",SI,10301,,,,,,,,,,,,,,,,,,,,,,,,,,,,,,,,,,,,,,,,,,,,,,,,,,,,,,,,,,,,,,,,,,,,,,,,,,,1652213735225,1719475247741,41630144-6906-469e-b0f3-025330f9047d,40.612437847606046,-74.10766512247463,100,Richmond County,Permanently Closed,FP,,,,,,,,,,,,,,,,,,,,,,,,,,,,
45,FPM,,LA JORNADA FOOD TRUCK,135-32 38TH AVENUE ,QN,11354,,,,,,,,,,,,,,,,,,,,,,,,,,,,,,,,,,,,,,,,,,,,,,,,,,,,,,,,,,,,,,,,,,,,,,,,,,,1652213735225,1693641616110,12144a31-32c3-43e2-8c43-ced2f3d77b36,40.760460803639,-73.831487183381,100,Queens County,Permanently Closed,FP,,,,,,,,,,,,,,,,,,,,,,,,,,,,
46,FPK,,QUEENS JEWISH COMMUNITY COUNCIL,"119-45 Union Tpke, Forest Hills, New York, 11375",QN,11375,M-THUR,11AM-2PM,,,open,11:00 AM,02:00 PM,,,open,11:00 AM,02:00 PM,,,open,11:00 AM,02:00 PM,,,open,11:00 AM,02:00 PM,,,closed,,,,,closed,,,,,closed,,,,,,,,,,,,,,,,,,,,,,,,,,,,,,,,,,,,,,,,1652213735225,1684807282066,d01c2267-ca95-454e-8f29-f9e234077126,40.7140070808651,-73.8323344261536,100,Queens County,Open,FP,,,,,,,,,,,,,,,,,,,,,,,,,,,,
47,FP,,THE LEGACY CENTER COMMUNITY DEVELOPMENT CORP,"71-02 Cypress Hills St, Ridgewood, NY, 11385, USA",QN,11385,THUR,9AM-1PM,,,closed,,,,,closed,,,,,closed,,,,,open,09:00 AM,12:00 PM,,,closed,,,,,closed,,,,,closed,,,,,,,,,,,,,,,,,,,,,,,,,,,,,,,,,,,,,,,,1652213735225,1756368018432,2fce6093-f825-448d-81fe-85c4bcebc3aa,40.70174687109,-73.89255311987,100,Queens County,Open,FP,,,,,,,,,,,,,,,,,,,,,,,,,,,,
48,FP,,BENNY'S FOOD PANTRY AT CITY COLLEGE,"160 Convent Ave, New York, New York, 10031",NY,10031,,,,,,,,,,,,,,,,,,,,,,,,,,,,,,,,,,,,,,,,,,,,,,,,,,,,,,,,,,,,,,,,,,,,,,,,,,,1652213735225,1719475247741,d09fa38b-36e3-4cad-bea4-fb52d7685dfb,40.819415632085594,-73.95017082521234,100,New York County,Inactive,FP,,,,,,,,,,,,,,,,,,,,,,,,,,,,
49,FP,,MUNA FOOTHILL AVE,196-43 FOOTHILL AVENUE ,QN,11423,,,,,,,,,,,,,,,,,,,,,,,,,,,,,,,,,,,,,,,,,,,,,,,,,,,,,,,,,,,,,,,,,,,,,,,,,,,1652213735225,1684807282066,e044fc9c-e983-4e11-8185-1509db345887,40.7187589075038,-73.7666917190732,100,Queens County,Permanently Closed,FP,,,,,,,,,,,,,,,,,,,,,,,,,,,,
50,FP,,OUR LADY OF GRACE MINISTRY,"158-10 101st St, Howard Beach, New York, 11414",QN,11414,TUE,10AM-12PM,,,closed,,,,,open,10:30 AM,12:00 PM,,,closed,,,,,closed,,,,,closed,,,,,closed,,,,,closed,,,,,,,,,,,,,,,,,,,,,,,,,,,,,,,,,,,,,,,,1652213735225,1720512022568,83a43075-a35b-490e-8261-8d1d5090e5b4,40.660986681777,-73.832888889049,100,Queens County,Open,FP,,,,,,,,,,,,,,,,,,,,,,,,,,,,
51,FP,,ATONEMENT LUTHERAN CHURCH,"30-61 87th St, East Elmhurst, New York, 11369",QN,11369,,,,,,,,,,,,,,,,,,,,,,,,,,,,,,,,,,,,,,,,,,,,,,,,,,,,,,,,,,,,,,,,,,,,,,,,,,,1652213735225,1719475247741,288f23b6-0bea-423f-8a1b-ea5e193ec90e,40.76001622749493,-73.88127644261405,100,Queens County,Inactive,FP,,,,,,,,,,,,,,,,,,,,,,,,,,,,
52,FP,,LOVE WINS FOOD PANTRY,"78-13 Roosevelt Ave, Jackson Heights, New York, 11372",QN,11372,,,,,,,,,,,,,,,,,,,,,,,,,,,,,,,,,,,,,,,,,,,,,,,,,,,,,,,,,,,,,,,,,,,,,,,,,,,1652213735225,1719475247741,ee0abf91-6bc4-4eff-882c-489fa699c8a6,40.7474331468099,-73.88709826110261,100,Queens County,Permanently Closed,FP,,,,,,,,,,,,,,,,,,,,,,,,,,,,
53,FP,,GREATHER BETHEL COMM. DEVEL,"95-26 Sutphin Blvd, Jamaica, New York, 11435",QN,11435,,,,,,,,,,,,,,,,,,,,,,,,,,,,,,,,,,,,,,,,,,,,,,,,,,,,,,,,,,,,,,,,,,,,,,,,,,,1652213735225,1719475247741,2e59dd38-304b-4bae-98ce-7ac0452029d7,40.697791157615285,-73.80623829262622,100,Queens County,Permanently Closed,FP,,,,,,,,,,,,,,,,,,,,,,,,,,,,
54,FP,,MASDJID AL ABBASI,"109-01 153rd St, Jamaica, New York, 11433",QN,11433,,,,,,,,,,,,,,,,,,,,,,,,,,,,,,,,,,,,,,,,,,,,,,,,,,,,,,,,,,,,,,,,,,,,,,,,,,,1652213735225,1719475247741,7e1b12bb-50bf-452b-8eb6-dd525c36b6f5,40.691898092949714,-73.79696145364873,100,Queens County,Permanently Closed,FP,,,,,,,,,,,,,,,,,,,,,,,,,,,,
55,FP,,MASJID OMAR BEN ABDEL-AZIZ,"88-29 161st St, Jamaica, New York, 11432",QN,11432,,,,,,,,,,,,,,,,,,,,,,,,,,,,,,,,,,,,,,,,,,,,,,,,,,,,,,,,,,,,,,,,,,,,,,,,,,,1652213735225,1719475247741,1d0ab599-6bf2-4b58-97c3-df366b764bae,40.7074577131809,-73.80047087268926,100,Queens County,Permanently Closed,FP,,,,,,,,,,,,,,,,,,,,,,,,,,,,
56,FP,,MUNA 108TH AVE,"64-38 108th St, Forest Hills, New York, 11375",QN,11375,,,,,,,,,,,,,,,,,,,,,,,,,,,,,,,,,,,,,,,,,,,,,,,,,,,,,,,,,,,,,,,,,,,,,,,,,,,1652213735225,1719475247741,e0ff5e61-14e6-4611-b008-9deb233e60a2,40.73212519156357,-73.84928037077682,100,Queens County,Permanently Closed,FP,,,,,,,,,,,,,,,,,,,,,,,,,,,,
57,FP,,NORTHEASTERN CONF ADVENTIST,"115-50 Merrick Blvd, Jamaica, New York, 11434",QN,11434,,,,,,,,,,,,,,,,,,,,,,,,,,,,,,,,,,,,,,,,,,,,,,,,,,,,,,,,,,,,,,,,,,,,,,,,,,,1652213735225,1719475247741,260d197e-af03-4ccd-bc80-4b2e8ed48b15,40.688558994181705,-73.77710925125382,100,Queens County,Permanently Closed,FP,,,,,,,,,,,,,,,,,,,,,,,,,,,,
58,FP,,SOUTH JAMAICA COMMUNITY PANTRY,"109-04 160th St, Jamaica, New York, 11433",QN,11433,,,,,,,,,,,,,,,,,,,,,,,,,,,,,,,,,,,,,,,,,,,,,,,,,,,,,,,,,,,,,,,,,,,,,,,,,,,1652213735225,1719475247741,50fcc1f6-0565-4a22-b56e-957d120d93e4,40.69388598701633,-73.7921908096374,100,Queens County,Permanently Closed,FP,,,,,,,,,,,,,,,,,,,,,,,,,,,,
59,FP,,GETHSEMANE SEVENTH DAY ADVENTIST CHURCH,"357 Empire Blvd, Brooklyn, New York, 11225",BK,11225,SUN/WED,12-1PM/5-6PM,,,closed,,,,,closed,,,,,open,05:00 PM,06:00 PM,,,closed,,,,,closed,,,,,closed,,,,,open,12:00 PM,01:00 PM,,,,,,,,,,,,,,,,,,,,,,,,,,,,,,,,,,,,,,1652213735225,1733994035331,066e6df9-5b91-4884-b35e-14c93d112e15,40.664109946538,-73.950237293705,100,Kings County,Open,FP,,,,,,,,,,,,,,,,,,,,,,,,,,,,
60,FP,,GLOVER MEMORIAL BREAD OF LIFE FOOD PANTRY (FP),"2134 Dean St, Brooklyn, New York, 11233",BK,11233,,,,,closed,,,,,closed,,,,,closed,,,,,open,09:00 AM,11:30 AM,,,closed,,,,,closed,,,,,closed,,,,,,,,,,,,,,,,,,,,,,,,,,,,,,,,,,,,,,,,1652213735225,1760083216027,a7ddf956-c68d-49c7-a658-501b15aaa7bf,40.674917488673,-73.917033976837,100,Kings County,Open,FP,,,,,,,,,,,,,,,,,,,,,,,,,,,,
61,FP,,GOD'S BATTALION OF PRAYER CHURCH,"661 Linden Blvd, Brooklyn, New York, 11203",BK,11203,"TUE,THUR",9AM-12PM,,,closed,,,,,open,09:00 AM,12:00 PM,,,closed,,,,,open,09:00 AM,12:00 PM,,,closed,,,,,closed,,,,,closed,,,,,,,,,,,,,,,,,,,,,,,,,,,,,,,,,,,,,,,,1652213735225,1733994035331,c684d00e-e991-439f-803f-1e0ba325d456,40.653831679678,-73.933806165091,100,Kings County,Open,FP,,,,,,,,,,,,,,,,,,,,,,,,,,,,
62,FP,,BASILICA OF OUR LADY OF PERPETUAL HELP,"545 60th St, Brooklyn, New York, 11220",BK,11220,,,,,,,,,,,,,,,,,,,,,,,,,,,,,,,,,,,,,,,,,,,,,,,,,,,,,,,,,,,,,,,,,,,,,,,,,,,1652213735225,1700125220048,73c06a5c-bf39-4342-a444-0fb687ee5a0c,40.638740733563,-74.014656829655,100,Kings County,Permanently Closed,FP,,,,,,,,,,,,,,,,,,,,,,,,,,,,
63,FP,,"GOD'S DELIVERANCE TEMPLE, INC","438 Ralph Ave, Brooklyn, New York, 11233",BK,11233,,,,,,,,,,,,,,,,,,,,,,,,,,,,,,,,,,,,,,,,,,,,,,,,,,,,,,,,,,,,,,,,,,,,,,,,,,,1652213735225,1780473619083,f1045314-76ce-4739-bd04-54048492052c,40.674182856769,-73.922234277205,100,Kings County,Inactive,FP,,,,,,,,,,,,,,,,,,,,,,,,,,,,
64,FP,,GOOD NEWS DELIVERANCE TABERNACLE,"442 Cleveland St, Brooklyn, New York, 11208",BK,11208,,,,,,,,,,,,,,,,,,,,,,,,,,,,,,,,,,,,,,,,,,,,,,,,,,,,,,,,,,,,,,,,,,,,,,,,,,,1652213735225,1719475247741,498462c8-5809-4a67-a1eb-a859f438097a,40.673909313359246,-73.88440129993688,100,Kings County,Permanently Closed,FP,,,,,,,,,,,,,,,,,,,,,,,,,,,,
65,FP,,GOOD SHEPHERD LUTHERAN CH,"7420 4th Ave, Brooklyn, NY, 11209, USA",BK,11209,,,,,,,,,,,,,,,,,,,,,,,,,,,,,,,,,,,,,,,,,,,,,,,,,,,,,,,,,,,,,,,,,,,,,,,,,,,1652213735225,1719475247741,bd36aa2d-efe8-42b9-864a-be8dd72a9f0f,40.631427481133215,-74.02503597271863,100,Kings County,Permanently Closed,FP,,,,,,,,,,,,,,,,,,,,,,,,,,,,
66,FP,,GOSHEN TEMPLE OF SDA,"2414 Church Ave, Brooklyn, New York, 11226",BK,11226,,,,,,,,,,,,,,,,,,,,,,,,,,,,,,,,,,,,,,,,,,,,,,,,,,,,,,,,,,,,,,,,,,,,,,,,,,,1652213735225,1719475247741,996642fa-6490-410d-bed7-7bd36b6db28b,40.650439942558506,-73.95515696795432,100,Kings County,Permanently Closed,FP,,,,,,,,,,,,,,,,,,,,,,,,,,,,
67,FP,,GRANT HOUSE UNITY CORPORATION,"2046 Flatbush Ave, Brooklyn, New York, 11234",BK,11234,"W,THU,SAT",11AM-4PM,,,closed,,,,,closed,,,,,open,11:00 AM,04:00 PM,,,open,11:00 AM,04:00 PM,,,closed,,,,,closed,,,,,closed,,,,,,,,,,,,,,,,,,,,,,,,,,,,,,,,,,,,,,,,1652213735225,1684807282066,c37b7bf8-e586-4f2a-8dee-8e3f99957ee5,40.6198947367351,-73.9341653296417,100,Kings County,Open,FP,,,,,,,,,,,,,,,,,,,,,,,,,,,,
68,FP,,GREENPOINT REFORMED CHURCH FOOD PANTRY (FP),"136 Milton St, Brooklyn, New York, 11222",BK,11222,THUR,4-7PM,,,closed,,,,,closed,,,,,closed,,,,,open,04:00 PM,07:00 PM,,,closed,,,,,closed,,,,,closed,,,,,,,,,,,,,,,,,,,,,,,,,,,,,,,,,,,,,,,,1652213735225,1748073614085,234c8a4b-61e8-4e7f-a3ab-0abae97557e5,40.729274549861,-73.954981283264,100,Kings County,Open,FP,,,,,,,,,,,,,,,,,,,,,,,,,,,,
69,FP,,HANSON PLACE SEVENTH DAY ADVENTIST CHURCH (FP),"88 Hanson Pl, Brooklyn, NY, 11217, USA",BK,11217,THUR,1:30-5PM,,,closed,,,,,closed,,,,,closed,,,,,open,01:30 PM,05:00 PM,,,closed,,,,,closed,,,,,closed,,,,,,,,,,,,,,,,,,,,,,,,,,,,,,,,,,,,,,,,1652213735225,1726041623455,afb2ec47-38f9-443e-871d-ce8451dc5a68,40.685432837664,-73.974032259534,100,Kings County,Open,FP,,,,,,,,,,,,,,,,,,,,,,,,,,,,
70,FP,,HEALTH ESSENTIAL ASSOCIATION CPMM,"2336 86th St, Brooklyn, New York, 11214",BK,11214,"THUR (1,3)",10AM-12PM,,,closed,,,,,closed,,,,,closed,,,,,open,10:00 AM,12:00 PM,,,closed,,,,,closed,,,,,closed,,,,,,,,,,,,,,,,,,,,,,,,,,,,,,,,,,,,,,,,1652213735225,1684807282066,45a65375-8a8d-435c-931a-5fad8ea5a621,40.5998786262236,-73.9907439304473,100,Kings County,Open,FP,,,,,,,,,,,,,,,,,,,,,,,,,,,,
71,FP,,HISPANIC PROJECT,"230 Arlington Ave, Brooklyn, NY, 11207, USA",BK,11207,,,,,,,,,,,,,,,,,,,,,,,,,,,,,,,,,,,,,,,,,,,,,,,,,,,,,,,,,,,,,,,,,,,,,,,,,,,1652213735225,1719475247741,6b677f10-f6ef-4c6c-b660-84e6a85d6a11,40.680500129554645,-73.88622428005851,100,Kings County,Permanently Closed,FP,,,,,,,,,,,,,,,,,,,,,,,,,,,,
72,FP,,HOLDING HANDS MINISTRIES (FP),"2828 Neptune Ave, Brooklyn, NY, 11224, USA",BK,11224,,,,,closed,,,,,closed,,,,,closed,,,,,closed,,,,,open,04:00 PM,08:00 PM,,,closed,,,,,closed,,,,,,,,,,,,,,,,,,,,,,,,,,,,,,,,,,,,,,,,1652213735225,1767862868096,6784296f-6a17-452c-a005-9bd60c0fabd2,40.577606945568,-73.995632424017,100,Kings County,Open,FP,,,,,,,,,,,,,,,,,,,,,,,,,,,,
73,FP,,HOLY CROSS FOOD PANTRY - BROOKLYN,"2530 Church Ave, Brooklyn, New York, 11226",BK,11226,"TUE,THUR",2-3:30PM,,,closed,,,,,open,02:00 PM,03:30 PM,,,closed,,,,,open,02:00 PM,03:30 PM,,,closed,,,,,closed,,,,,closed,,,,,,,,,,,,,,,,,,,,,,,,,,,,,,,,,,,,,,,,1652213735225,1733994035331,959e4f6c-a87f-44f5-99c9-0157422df7eb,40.650442624768,-73.953526184873,100,Kings County,Open,FP,,,,,,,,,,,,,,,,,,,,,,,,,,,,
74,FP,,HOLY INNOCENTS,"279 E 17th St, Brooklyn, New York, 11226",BK,11226,,,,,,,,,,,,,,,,,,,,,,,,,,,,,,,,,,,,,,,,,,,,,,,,,,,,,,,,,,,,,,,,,,,,,,,,,,,1652213735225,1695196816170,a808c98a-4f72-42a8-ba54-1415b59a6bc6,40.644177194053,-73.962814004143,100,Kings County,Inactive,FP,,,,,,,,,,,,,,,,,,,,,,,,,,,,
75,FP,,HOLY SPIRIT FOOD PANTRY,"1712 45th St, Brooklyn, NY, 11204, USA",BK,11204,,,,,,,,,,,,,,,,,,,,,,,,,,,,,,,,,,,,,,,,,,,,,,,,,,,,,,,,,,,,,,,,,,,,,,,,,,,1652213735225,1719475247741,a8d7b589-db02-45ef-b7fa-21487b33c36d,40.6314936981683,-73.98045279736651,100,Kings County,Inactive,FP,,,,,,,,,,,,,,,,,,,,,,,,,,,,
76,FP,,HOPE CENTER DEVELOPMENT CORPORATION,"414 E 95th St, Brooklyn, New York, 11212",BK,11212,"SAT(1,2,3,4)",11AM-1:30PM,,,closed,,,,,closed,,,,,closed,,,,,closed,,,,,closed,,,,,open,11:00 AM,01:30 PM,,,closed,,,,,,,,,,,,,,,,,,,,,,,,,,,,,,,,,,,,,,,,1652213735225,1684807282066,61e25194-a5ae-478c-ab55-c992447b832e,40.6570453432654,-73.9186232694977,100,Kings County,Open,FP,,,,,,,,,,,,,,,,,,,,,,,,,,,,
77,FP,,HOPE EMPOWERMENT,"369 New Lots Ave, Brooklyn, NY, 11207, USA",BK,11207,,,,,,,,,,,,,,,,,,,,,,,,,,,,,,,,,,,,,,,,,,,,,,,,,,,,,,,,,,,,,,,,,,,,,,,,,,,1652213735225,1684807282066,6a0dcbac-b63d-4b0d-b1a9-1c32209f014f,40.6617543383789,-73.893592727321,100,Kings County,Permanently Closed,FP,,,,,,,,,,,,,,,,,,,,,,,,,,,,
78,FP,,HOREB SEVENTH DAY ADVENTIST COMMUNITY SERVICES,"520 Kingston Ave, Brooklyn, New York, 11225",BK,11225,TUE,10-11AM,,,closed,,,,,open,10:00 AM,11:00 AM,,,closed,,,,,closed,,,,,closed,,,,,closed,,,,,closed,,,,,,,,,,,,,,,,,,,,,,,,,,,,,,,,,,,,,,,,1652213735225,1719475247741,21178803-e2f4-4e06-b5c6-88e5fb29fc60,40.66105688021568,-73.94282819421163,100,Kings County,Open,FP,,,,,,,,,,,,,,,,,,,,,,,,,,,,
79,FP,,ICL AND CHN FOOD PANTRY,"2581 Atlantic Ave, Brooklyn, New York, 11207",BK,11207,,,,,,,,,,,,,,,,,,,,,,,,,,,,,,,,,,,,,,,,,,,,,,,,,,,,,,,,,,,,,,,,,,,,,,,,,,,1652213735225,1719475247741,7b0321b6-0d80-491e-bf83-6f859132ea47,40.675803916843506,-73.8991091930769,100,Kings County,Permanently Closed,FP,,,,,,,,,,,,,,,,,,,,,,,,,,,,
80,FP,,ICNA RELIEF USA FOOD PANTRY,"281 Neptune Ave, Brooklyn, NY, 11235, USA",BK,11235,MON,11AM-1PM,,,open,12:00 PM,01:00 PM,,,closed,,,,,closed,,,,,closed,,,,,closed,,,,,closed,,,,,closed,,,,,,,,,,,,,,,,,,,,,,,,,,,,,,,,,,,,,,,,1652213735225,1775894425592,ef099605-7261-46bf-8091-292bfbe6d725,40.581370168636,-73.96376392523,100,Kings County,Open,FP,,,,,,,,,,,,,,,,,,,,,,,,,,,,
81,FP,,IGLESIA PENTECOSTAL ESMIRNA,"1115 Blake Ave, Brooklyn, New York, 11208",BK,11208,,,,,,,,,,,,,,,,,,,,,,,,,,,,,,,,,,,,,,,,,,,,,,,,,,,,,,,,,,,,,,,,,,,,,,,,,,,1652213735225,1719475247741,fc0b2dd8-60ba-4ed7-af1b-09a7d081764a,40.67063052238461,-73.876699252928,100,Kings County,Permanently Closed,FP,,,,,,,,,,,,,,,,,,,,,,,,,,,,
82,FP,,IMMANUEL FIRST SPANISH UNITED METHODIST CHURCH,"424 Dean St, Brooklyn, New York, 11217",BK,11217,TUE,1-2:45PM,,,closed,,,,,open,01:00 PM,02:45 PM,,,closed,,,,,closed,,,,,closed,,,,,closed,,,,,closed,,,,,,,,,,,,,,,,,,,,,,,,,,,,,,,,,,,,,,,,1652213735225,1684807282066,c90efb84-e90b-40bd-8123-6481146ed7f0,40.6822239517617,-73.9771723719207,100,Kings County,Open,FP,,,,,,,,,,,,,,,,,,,,,,,,,,,,
83,FP,,INTERNATIONAL PENTECOSTAL CITY MISSION,"9202 Church Ave, Brooklyn, New York, 11236",BK,11236,SAT,11AM-1PM,,,closed,,,,,closed,,,,,closed,,,,,closed,,,,,closed,,,,,open,11:00 AM,01:00 PM,,,closed,,,,,,,,,,,,,,,,,,,,,,,,,,,,,,,,,,,,,,,,1652213735225,1684807282066,c4c7551e-3d46-44cc-b92f-817fb8b7c383,40.6538787021553,-73.9180204430213,100,Kings County,Open,FP,,,,,,,,,,,,,,,,,,,,,,,,,,,,
84,FP,,KINGDOM MANNA INTERNATIONAL CH,"2896 W 12nd St, Brooklyn, New York, 11224",BK,11224,,,,,,,,,,,,,,,,,,,,,,,,,,,,,,,,,,,,,,,,,,,,,,,,,,,,,,,,,,,,,,,,,,,,,,,,,,,1652213735225,1719475247741,f755f782-013d-4915-bfd6-36145874870e,40.57700034723479,-73.97976145799261,100,Kings County,Permanently Closed,FP,,,,,,,,,,,,,,,,,,,,,,,,,,,,
85,FP,,KINGLAWN UNITED PRESBYTERIAN CHURCH,"2368 Ralph Ave, Brooklyn, New York, 11234",BK,11234,,,,,closed,,,,,closed,,,,,closed,,,,,closed,,,,,closed,,,,,open,10:00 AM,11:00 AM,,,closed,,,,,,,,,,,,,,,,,,,,,,,,,,,,,,,,,,,,,,,,1652213735225,1772614829387,72ccae17-f4ef-406e-89a7-947c6d4608b6,40.620229326231,-73.917413365069,100,Kings County,Open,FP,,,,,,,,,,,,,,,,,,,,,,,,,,,,
86,FP,,KINGSBOROUGH COMMUNITY COLLEGE,"2001 Oriental Blvd, Brooklyn, NY, 11235, USA",BK,11235,,,,,,,,,,,,,,,,,,,,,,,,,,,,,,,,,,,,,,,,,,,,,,,,,,,,,,,,,,,,,,,,,,,,,,,,,,,1652213735225,1719475247741,ca3a2756-b577-489d-a6a9-e1a8276639e4,40.57782273766483,-73.93556217380593,100,Kings County,Inactive,FP,,,,,,,,,,,,,,,,,,,,,,,,,,,,
87,FP,,LADIES IN WAITING,"276 Fenimore St, Brooklyn, New York, 11225",BK,11225,TUE,10AM-1PM,,,closed,,,,,open,10:00 AM,01:00 PM,,,closed,,,,,closed,,,,,closed,,,,,closed,,,,,closed,,,,,,,,,,,,,,,,,,,,,,,,,,,,,,,,,,,,,,,,1652213735225,1684807282066,7bb86688-9a3a-4d08-8045-b46ef1b3229a,40.6583750902947,-73.9536245045967,100,Kings County,Open,FP,,,,,,,,,,,,,,,,,,,,,,,,,,,,
88,FP,,LAS MARAVILLAS DEL EXODO,"302 Elton St, Brooklyn, New York, 11208",BK,11208,WED,9AM-12PM,,,closed,,,,,closed,,,,,open,09:00 AM,11:00 AM,,,closed,,,,,closed,,,,,closed,,,,,closed,,,,,,,,,,,,,,,,,,,,,,,,,,,,,,,,,,,,,,,,1652213735225,1764061216115,890604e9-b028-4a26-a4bf-b757de22343d,40.675856387557,-73.884051942213,100,Kings County,Open,FP,,,,,,,,,,,,,,,,,,,,,,,,,,,,
89,FP,,LIFEBRIDGENY/BKPANTRY,"1895 Flatbush Ave, Brooklyn, New York, 11210",BK,11210,TUE-FRI,10AM-6PM,,,closed,,,,,open,10:00 AM,06:00 PM,,,open,10:00 AM,06:00 PM,,,open,10:00 AM,06:00 PM,,,open,10:00 AM,06:00 PM,,,closed,,,,,closed,,,,,,,,,,,,,,,,,,,,,,,,,,,,,,,,,,,,,,,,1652213735225,1684807282066,046c8eec-004d-499f-b398-ffc23256d338,40.6235013858525,-73.9375453320972,100,Kings County,Open,FP,,,,,,,,,,,,,,,,,,,,,,,,,,,,
90,FP,,LIGHTHOUSE OF HOPE OUTREACH AND RESOURCE CENTER,"66 E 96th St, Brooklyn, New York, 11212",BK,11212,,,,,,,,,,,,,,,,,,,,,,,,,,,,,,,,,,,,,,,,,,,,,,,,,,,,,,,,,,,,,,,,,,,,,,,,,,,1652213735225,1719475247741,7d92642e-6110-4866-9025-5246108881f5,40.664218743641044,-73.92511304185032,100,Kings County,Permanently Closed,FP,,,,,,,,,,,,,,,,,,,,,,,,,,,,
91,FP,,LITTLE JERUSALEM HOUSE OF PRAYER,"447 Herzl St, Brooklyn, New York, 11212",BK,11212,"SAT (2,4)",1-2PM,,,closed,,,,,closed,,,,,closed,,,,,closed,,,,,closed,,,,,open,01:00 PM,01:00 PM,,,closed,,,,,,,,,,,,,,,,,,,,,,,,,,,,,,,,,,,,,,,,1652213735225,1735635620636,28556d48-ee94-447b-a12a-c4d2ab1ef71d,40.658941581221,-73.91270614877,100,Kings County,Open,FP,,,,,,,,,,,,,,,,,,,,,,,,,,,,
92,FP,,LOVE GALLERY OUR FOOD NYC,"1254 Myrtle Ave, Brooklyn, New York, 11221",BK,11221,,,,,,,,,,,,,,,,,,,,,,,,,,,,,,,,,,,,,,,,,,,,,,,,,,,,,,,,,,,,,,,,,,,,,,,,,,,1652213735225,1719475247741,34223c45-d326-41d4-8de2-d3409d4826e3,40.697767101553154,-73.92728336803954,100,Kings County,Permanently Closed,FP,,,,,,,,,,,,,,,,,,,,,,,,,,,,
93,FP,,MAKE THE ROAD NEW YORK              (BK),"301 Grove St, Brooklyn, NY, 11237, USA",BK,11237,"MON,FRI(APPT ONLY)",9:30AM-2:30PM,,,closed,,,,,closed,,,,,closed,,,,,closed,,,,,open,08:00 AM,11:00 AM,,,closed,,,,,closed,,,,,,,,,,,,,,,,,,,,,,,,,,,,,,,,,,,,,,,,1652213735225,1719475247741,03c7d75f-7f7c-45f2-8bc3-9f0b86f09d8b,40.6984242008526,-73.91579739466114,100,Kings County,Open,FP,,,,,,,,,,,,,,,,,,,,,,,,,,,,
94,FP,,MAMRE ENRICHMENT PROGRAM (FP),"1623 Utica Ave, Brooklyn, New York, 11234",BK,11234,"WED(3),SUN(1ST)",10AM-12PM,,,closed,,,,,closed,,,,,closed,,,,,closed,,,,,closed,,,,,closed,,,,,open,10:00 AM,12:00 PM,,,,,,,,,,,,,,,,,,,,,,,,,,,,,,,,,,,,,,1652213735225,1732006822551,6702483d-2258-44b4-8ce9-4e8b43adb64d,40.632633175995,-73.928144440953,100,Kings County,Open,FP,,,,,,,,,,,,,,,,,,,,,,,,,,,,
95,FP,,MASJID TAQWA,"1184 Fulton St, Brooklyn, New York, 11216",BK,11216,,,,,,,,,,,,,,,,,,,,,,,,,,,,,,,,,,,,,,,,,,,,,,,,,,,,,,,,,,,,,,,,,,,,,,,,,,,1652213735225,1719475247741,11b6f252-4e4c-4571-9a6f-fa053fbb9e7d,40.680579631906284,-73.95361561977938,100,Kings County,Permanently Closed,FP,,,,,,,,,,,,,,,,,,,,,,,,,,,,
96,FP,,METRO WORLD CHILD,"11 Harman St, Brooklyn, New York, 11221",BK,11221,,,,,,,,,,,,,,,,,,,,,,,,,,,,,,,,,,,,,,,,,,,,,,,,,,,,,,,,,,,,,,,,,,,,,,,,,,,1652213735225,1719475247741,7f5aba42-fb16-4b81-b6ee-c29a04ad5c0f,40.69393971501569,-73.92489326834907,100,Kings County,Permanently Closed,FP,,,,,,,,,,,,,,,,,,,,,,,,,,,,
97,FP,,MOUNT CARMEL WORSHIP AND OUTREACH CENTER (FP),"784 E 46th St, Brooklyn, New York, 11203",BK,11203,MON,12-2PM,,,open,12:00 PM,02:00 PM,,,closed,,,,,closed,,,,,closed,,,,,closed,,,,,closed,,,,,closed,,,,,,,,,,,,,,,,,,,,,,,,,,,,,,,,,,,,,,,,1652213735225,1705050014194,aa6ffb17-920a-491e-a127-625cc7173034,40.642163441815,-73.933387908122,100,Kings County,Open,FP,,,,,,,,,,,,,,,,,,,,,,,,,,,,
98,FP,,MOUNT OF OLIVES,"975 Bushwick Ave, Brooklyn, New York, 11221",BK,11221,,,,,,,,,,,,,,,,,,,,,,,,,,,,,,,,,,,,,,,,,,,,,,,,,,,,,,,,,,,,,,,,,,,,,,,,,,,1652213735225,1719475247741,f3380519-194a-4d0e-a58b-187c13ae4630,40.69221823974149,-73.92250040263053,100,Kings County,Permanently Closed,FP,,,,,,,,,,,,,,,,,,,,,,,,,,,,
99,FP,,MOVEMENT OF PENTECOSTAL CHRISTIAN CHURCH,"90 92nd St, Brooklyn, New York, 11209",BK,11209,SUN,12:30-2PM,,,closed,,,,,closed,,,,,closed,,,,,closed,,,,,closed,,,,,closed,,,,,open,12:30 PM,02:00 PM,,,,,,,,,,,,,,,,,,,,,,,,,,,,,,,,,,,,,,1652213735225,1734512422582,bf908c4e-bbc5-4fb8-ace5-f01b2b5d3c74,40.620561271594,-74.038228767017,100,Kings County,Open,FP,,,,,,,,,,,,,,,,,,,,,,,,,,,,
100,FP,,MT. HEBRON CHURCH OF CHRIST (FP),"905 Sutter Ave, Brooklyn, NY, 11207, USA",BK,11207,,,,,closed,,,,,closed,,,,,closed,,,,,open,11:30 AM,01:00 PM,,,closed,,,,,closed,,,,,closed,,,,,,,,,,,,,,,,,,,,,,,,,,,,,,,,,,,,,,,,1652213735225,1745568021027,41296a05-c133-4c17-98ee-6d9a999ea5cc,40.671011312246,-73.884983004017,100,Kings County,Open,FP,,,,,,,,,,,,,,,,,,,,,,,,,,,,
101,FP,,MUNA 43RD STREET,"167 E 43rd St, Brooklyn, New York, 11203",BK,11203,,,,,,,,,,,,,,,,,,,,,,,,,,,,,,,,,,,,,,,,,,,,,,,,,,,,,,,,,,,,,,,,,,,,,,,,,,,1652213735225,1719475247741,9d7f699f-7322-4f11-aace-5067ac77171f,40.65189164627898,-73.93704560302992,100,Kings County,Permanently Closed,FP,,,,,,,,,,,,,,,,,,,,,,,,,,,,
102,FP,,MUNA CHURCH STREET,"722 Church Ave, Brooklyn, NY, 11218, USA",BK,11218,,,,,,,,,,,,,,,,,,,,,,,,,,,,,,,,,,,,,,,,,,,,,,,,,,,,,,,,,,,,,,,,,,,,,,,,,,,1652213735225,1719475247741,bdab465a-9451-4fc4-99fb-f68401dd6437,40.645547425675005,-73.9724716329819,100,Kings County,Permanently Closed,FP,,,,,,,,,,,,,,,,,,,,,,,,,,,,
103,FP,,MUNA PITKIN AVE,"2135 Pitkin Ave, Brooklyn, New York, 11207",BK,11207,,,,,,,,,,,,,,,,,,,,,,,,,,,,,,,,,,,,,,,,,,,,,,,,,,,,,,,,,,,,,,,,,,,,,,,,,,,1652213735225,1719475247741,71ecf36f-ccc5-4867-ab91-8047231ef3e0,40.672360547200014,-73.89361158660316,100,Kings County,Permanently Closed,FP,,,,,,,,,,,,,,,,,,,,,,,,,,,,
104,FP,,MUNA SOCIAL SERVICE INC (FPH),"1033 Glenmore Ave, Brooklyn, New York, 11208",BK,11208,"TUE, SAT ",1-5PM,,,closed,,,,,closed,,,,,open,03:00 PM,05:00 PM,,,closed,,,,,closed,,,,,closed,,,,,closed,,,,,,,,,,,,,,,,,,,,,,,,,,,,,,,,,,,,,,,,1652213735225,1734512422582,cc76d169-c2a8-498f-ad8c-8dccb6469eae,40.676876507083,-73.871840598933,100,Kings County,Open,FP,,,,,,,,,,,,,,,,,,,,,,,,,,,,
105,FP,,NEW LIFE SEVENTH DAY ADVENTIST CHURCH,"885 Thomas S Boyland St, Brooklyn, New York, 11212",BK,11212,SUN/MON/TUE,8-10AM/5-7PM/6-8PM,,,open,05:00 PM,07:00 PM,,,open,06:00 PM,08:00 PM,,,closed,,,,,closed,,,,,closed,,,,,closed,,,,,open,08:00 AM,10:00 AM,,,,,,,,,,,,,,,,,,,,,,,,,,,,,,,,,,,,,,1652213735225,1719475247741,5314660a-f4dd-4079-b190-79e6701854c4,40.65869268060601,-73.91063858471375,100,Kings County,Open,FP,,,,,,,,,,,,,,,,,,,,,,,,,,,,
106,FP,,NEWMAN MEMORIAL UNITED METHODIST CHURCH COMMUNITY DEVELOPMENT CORPORATION,"257 Macon St, Brooklyn, New York, 11216",BK,11216,WED,10AM-1PM,,,closed,,,,,closed,,,,,closed,,,,,closed,,,,,closed,,,,,open,10:00 AM,02:00 PM,,,closed,,,,,,,,,,,,,,,,,,,,,,,,,,,,,,,,,,,,,,,,1652213735225,1719475247741,68ee3079-5494-46f6-9789-6a3527e0046d,40.68219650102881,-73.94101862513507,100,Kings County,Open,FP,,,,,,,,,,,,,,,,,,,,,,,,,,,,
107,FP,,NORTHEAST BROOKLYN HOUSING DEVELOPMENT CORPORATION (83344),"376 Throop Ave, Brooklyn, New York, 11221",BK,11221,"TUE,THUR",9AM-12PM,,,closed,,,,,open,09:00 AM,12:00 PM,,,closed,,,,,open,09:00 AM,12:00 PM,,,closed,,,,,open,10:00 AM,12:00 PM,,,closed,,,,,,,,,,,,,,,,,,,,,,,,,,,,,,,,,,,,,,,,1652213735225,1695283218265,860ab6f6-4cf0-471e-ac0d-8592a5d78b68,40.691356747733,-73.942750913064,100,Kings County,Open,FP,,,,,,,,,,,,,,,,,,,,,,,,,,,,
108,FP,,OPEN DOOR FAMILY LIFE CENTER INC,"999 Greene Ave, Brooklyn, New York, 11221",BK,11221,SAT,8:30-10:30AM,,,closed,,,,,closed,,,,,closed,,,,,closed,,,,,closed,,,,,open,08:30 AM,10:30 AM,,,closed,,,,,,,,,,,,,,,,,,,,,,,,,,,,,,,,,,,,,,,,1652213735225,1684807282066,201f721c-636b-4c16-bbff-299db77cab30,40.691297110492,-73.9270092798057,100,Kings County,Open,FP,,,,,,,,,,,,,,,,,,,,,,,,,,,,
109,FP,,OPEN DOOR TO HEAVEN OUTREACH MINISTRY INC,"474 Shepherd Ave, Brooklyn, New York, 11208",BK,11208,"SAT (1,3)",12:30-1:30PM,,,closed,,,,,closed,,,,,closed,,,,,closed,,,,,closed,,,,,open,01:00 PM,02:00 PM,,,closed,,,,,,,,,,,,,,,,,,,,,,,,,,,,,,,,,,,,,,,,1652213735225,1708506015965,b2beb47a-9745-4a4f-9ff2-11f7cb33baab,40.672654458635,-73.880570183452,100,Kings County,Open,FP,,,,,,,,,,,,,,,,,,,,,,,,,,,,
110,FP,,OUR LADY OF ANGELS HUMAN SERVICES,"336 73rd St, Brooklyn, New York, 11209",BK,11209,WED,9:30AM-12PM&1:30-3PM,,,closed,,,,,closed,,,,,open,09:30 AM,12:00 PM,01:30 PM,03:00 PM,closed,,,,,closed,,,,,closed,,,,,closed,,,,,,,,,,,,,,,,,,,,,,,,,,,,,,,,,,,,,,,,1652213735225,1684807282066,3e87d470-ecd0-4a45-a339-37ba00901a1a,40.6324515820632,-74.026148167451,100,Kings County,Open,FP,,,,,,,,,,,,,,,,,,,,,,,,,,,,
111,FP,,OUR LADY OF MERCY CHURCH (FP),"680 Mother Gaston Blvd, Brooklyn, New York, 11212",BK,11212,"MON,FRI",9-11AM,,,closed,,,,,closed,,,,,closed,,,,,closed,,,,,open,09:30 AM,11:30 AM,,,closed,,,,,closed,,,,,,,,,,,,,,,,,,,,,,,,,,,,,,,,,,,,,,,,1652213735225,1759996817981,77d0144f-e95c-4af6-a43d-1bcf23dd4959,40.662055248703,-73.905076689043,100,Kings County,Open,FP,,,,,,,,,,,,,,,,,,,,,,,,,,,,
112,FP,,OUR LADY OF MIRACLES-CANARSIE CLUSTER CENTER,"757 E 86th St, Brooklyn, New York, 11236",BK,11236,SAT,10-11:30AM,,,closed,,,,,closed,,,,,closed,,,,,closed,,,,,closed,,,,,open,10:00 AM,11:30 AM,,,closed,,,,,,,,,,,,,,,,,,,,,,,,,,,,,,,,,,,,,,,,1652213735225,1684807282066,1f9d4e2e-d1ff-4742-8cd3-62d4e3811e3d,40.6388220799336,-73.9092268207619,100,Kings County,Open,FP,,,,,,,,,,,,,,,,,,,,,,,,,,,,
113,FP,,OUR LADY OF REFUGE R.C. CHURCH (FP),"2020 Foster Ave, Brooklyn, New York, 11210",BK,11210,,,,,closed,,,,,closed,,,,,open,10:00 AM,01:00 PM,,,closed,,,,,closed,,,,,closed,,,,,closed,,,,,,,,,,,,,,,,,,,,,,,,,,,,,,,,,,,,,,,,1652213735225,1725523228995,cb12a88f-b43d-47e1-882e-e0a5e938830b,40.63650066994,-73.957710682395,100,Kings County,Open,FP,,,,,,,,,,,,,,,,,,,,,,,,,,,,
114,FP,,PAKISTANI AMERICAN SKILLED WOMEN ORGANIZATION,"1115 Coney Island Ave, Brooklyn, New York, 11230",BK,11230,,,,,,,,,,,,,,,,,,,,,,,,,,,,,,,,,,,,,,,,,,,,,,,,,,,,,,,,,,,,,,,,,,,,,,,,,,,1652213735225,1719475247741,3b7966f1-2faf-4d7b-85ab-ec88ed039767,40.63046452618693,-73.96603810319958,100,Kings County,Permanently Closed,FP,,,,,,,,,,,,,,,,,,,,,,,,,,,,
115,FP,,PAYO FOOD PANTRY,"1045 Coney Island Ave, Brooklyn, New York, 11230",BK,11230,THUR,3-5PM,,,closed,,,,,closed,,,,,closed,,,,,open,03:00 PM,05:00 PM,,,closed,,,,,closed,,,,,closed,,,,,,,,,,,,,,,,,,,,,,,,,,,,,,,,,,,,,,,,1652213735225,1684807282066,2c6b0568-09cb-4d8e-af17-165e156d32d8,40.6321952634641,-73.9665352338769,100,Kings County,Open,FP,,,,,,,,,,,,,,,,,,,,,,,,,,,,
116,FP,,BAY RIDGE COMMMUNITY DEVELOPMENT CENTER (BRCDC) ,9818 FORT HAMILTON PARKWAY,BK,11209,MON-FRI,8AM-6PM,,,closed,,,,,closed,,,,,closed,,,,,closed,,,,,closed,,,,,open,11:00 AM,02:00 PM,,,closed,,,,,,,,,,,,,,,,,,,,,,,,,,,,,,,,,,,,,,,,1652213735225,1732093221565,6bd1fcf7-6a60-4047-ab58-c35162a86ff0,40.612839688832,-74.031330949641,100,Kings County,Open,FP,,,,,,,,,,,,,,,,,,,,,,,,,,,,
117,FP,,BAY RIDGE SPANISH SDA CHURCH,"5318 4th Ave, Brooklyn, New York, 11220",BK,11220,,,,,,,,,,,,,,,,,,,,,,,,,,,,,,,,,,,,,,,,,,,,,,,,,,,,,,,,,,,,,,,,,,,,,,,,,,,1652213735225,1719475247741,349e635b-2145-4906-8187-766630fe7369,40.644576801287286,-74.01485983934946,100,Kings County,Permanently Closed,FP,,,,,,,,,,,,,,,,,,,,,,,,,,,,
118,FP,,BAY VIEW HOUSES RESIDENT ASSOCIATION,"2085 Rockaway Pkwy, Brooklyn, New York, 11236",BK,11236,THUR,10AM-2PM,,,closed,,,,,closed,,,,,closed,,,,,open,09:30 AM,12:30 PM,,,closed,,,,,closed,,,,,closed,,,,,,,,,,,,,,,,,,,,,,,,,,,,,,,,,,,,,,,,1652213735225,1749715214644,913fae1f-3204-4eea-a358-0924fbc97604,40.632865564261,-73.886955349653,100,Kings County,Open,FP,,,,,,,,,,,,,,,,,,,,,,,,,,,,
119,FP,,BEDFORD CENTRAL PRESBYTERIAN CHURCH,"1200 Dean St, Brooklyn, New York, 11216",BK,11216,,,,,closed,,,,,closed,,,,,closed,,,,,open,10:30 AM,02:30 PM,,,closed,,,,,closed,,,,,closed,,,,,,,,,,,,,,,,,,,,,,,,,,,,,,,,,,,,,,,,1652213735225,1728633620251,488ba78a-9307-4dfd-97b3-1a3b818a32cf,40.676728943678,-73.949583589076,100,Kings County,Open,FP,,,,,,,,,,,,,,,,,,,,,,,,,,,,
120,FP,,BETH SHALOM HEBREW CONGREGATION,"730 Willoughby Ave, Brooklyn, New York, 11206",BK,11206,,,,,,,,,,,,,,,,,,,,,,,,,,,,,,,,,,,,,,,,,,,,,,,,,,,,,,,,,,,,,,,,,,,,,,,,,,,1652213735225,1719475247741,274ae719-4b50-474d-8d83-6d3045dc2110,40.69483347735127,-73.93981892333358,100,Kings County,Permanently Closed,FP,,,,,,,,,,,,,,,,,,,,,,,,,,,,
121,FP,,BETHANIE FRENCH SEVENTH-DAY ADVENTIST CHURCH,"2059 Bedford Ave, Brooklyn, New York, 11226",BK,11226,FRI,2-4PM,,,closed,,,,,closed,,,,,closed,,,,,open,10:00 AM,12:00 PM,,,closed,,,,,closed,,,,,closed,,,,,,,,,,,,,,,,,,,,,,,,,,,,,,,,,,,,,,,,1652213735225,1729238421469,8f4478ed-861a-41a1-9875-1805ca75ecb9,40.654484001293,-73.956077049466,100,Kings County,Open,FP,,,,,,,,,,,,,,,,,,,,,,,,,,,,
122,FP,,BETHLEM NATION'S FOOD PANTRY,"1962 Linden Blvd, Brooklyn, New York, 11207",BK,11207,SAT (4TH ONLY),12-2PM,,,closed,,,,,closed,,,,,closed,,,,,closed,,,,,closed,,,,,open,10:00 AM,12:00 PM,,,closed,,,,,,,,,,,,,,,,,,,,,,,,,,,,,,,,,,,,,,,,1652213735225,1732093221565,74286c74-891c-458e-8f7c-235162b4a6eb,40.658848374458,-73.889329607547,100,Kings County,Open,FP,,,,,,,,,,,,,,,,,,,,,,,,,,,,
123,FP,,BEULAH CHURCH OF GOD IN CHRIST JESUS,"956 Marcy Ave, Brooklyn, New York, 11216",BK,11216,,,,,closed,,,,,open,10:30 AM,01:00 PM,,,closed,,,,,open,10:30 AM,01:00 PM,,,closed,,,,,closed,,,,,closed,,,,,,,,,,,,,,,,,,,,,,,,,,,,,,,,,,,,,,,,1652213735225,1725436828322,20bfdf5a-ee50-4ddc-a36c-8bdade6296d1,40.680625564736,-73.946439369557,100,Kings County,Open,FP,,,,,,,,,,,,,,,,,,,,,,,,,,,,
124,FP,,BLACK VETERAN'S FOR SOCIAL JUSTICE,"665 Willoughby Ave, Brooklyn, New York, 11206",BK,11206,,,,,,,,,,,,,,,,,,,,,,,,,,,,,,,,,,,,,,,,,,,,,,,,,,,,,,,,,,,,,,,,,,,,,,,,,,,1652213735225,1719475247741,5ca121ea-64dd-44b3-add7-888be0abdb31,40.69476474574523,-73.94256483481385,100,Kings County,Inactive,FP,,,,,,,,,,,,,,,,,,,,,,,,,,,,
125,FP,,BLESSED ASSURANCE CHURCH OF GOD BLESSED ASSURANCE CHARITY INC,"2093 Fulton St, Brooklyn, New York, 11233",BK,11233,,,,,,,,,,,,,,,,,,,,,,,,,,,,,,,,,,,,,,,,,,,,,,,,,,,,,,,,,,,,,,,,,,,,,,,,,,,1652213735225,1763715616208,8f2ac5dd-e585-4763-a13d-5253d3ca9c75,40.67845670538,-73.909322374458,100,Kings County,Inactive,FP,,,,,,,,,,,,,,,,,,,,,,,,,,,,
126,FP,,BLESSED SACRAMENT CHURCH (BKLYN),"198 Euclid Ave, Brooklyn, NY, 11208, USA",BK,11208,WED,9:30-11:30AM,,,closed,,,,,closed,,,,,open,09:30 AM,11:30 AM,,,closed,,,,,closed,,,,,closed,,,,,closed,,,,,,,,,,,,,,,,,,,,,,,,,,,,,,,,,,,,,,,,1652213735225,1732093221565,e08cfb51-c458-4b59-a756-541ce2c8c55d,40.683681103719,-73.874456088,100,Kings County,Open,FP,,,,,,,,,,,,,,,,,,,,,,,,,,,,
127,FP,,BREUKELEN HOUSES,"254 Stanley Ave, Brooklyn, NY, 11207, USA",BK,11207,,,,,,,,,,,,,,,,,,,,,,,,,,,,,,,,,,,,,,,,,,,,,,,,,,,,,,,,,,,,,,,,,,,,,,,,,,,1652213735225,1719475247741,d45efb9d-f3eb-482e-a81a-656ddcbf245b,40.65341970913738,-73.89703165455583,100,Kings County,Permanently Closed,FP,,,,,,,,,,,,,,,,,,,,,,,,,,,,
128,FP,,BROOKLYN FAITH,"18 Church Ave, Brooklyn, New York, 11218",BK,11218,,,,,,,,,,,,,,,,,,,,,,,,,,,,,,,,,,,,,,,,,,,,,,,,,,,,,,,,,,,,,,,,,,,,,,,,,,,1652213735225,1719475247741,17009be5-953e-4ea5-be28-2f34e14a1a81,40.64142772026426,-73.98238734061941,100,Kings County,Permanently Closed,FP,,,,,,,,,,,,,,,,,,,,,,,,,,,,
129,FP,,BROOKLYN MEAL SHARE (FP),"1323 Foster Ave, Brooklyn, New York, 11230",BK,11230,"SAT,SUN",4-6PM,,,closed,,,,,closed,,,,,closed,,,,,closed,,,,,closed,,,,,open,05:00 PM,07:00 PM,,,closed,,,,,,,,,,,,,,,,,,,,,,,,,,,,,,,,,,,,,,,,1652213735225,1712995229138,eb537f82-04f7-4acc-b6b9-e3552c5e985c,40.633708741811,-73.964178494161,100,Kings County,Open,FP,,,,,,,,,,,,,,,,,,,,,,,,,,,,
130,FP,,BROOKLYN RESCUE MISSION URBAN HARVEST CENTER INC (FP),"426 Decatur St, Brooklyn, NY, 11233, USA",BK,11233,,,,,closed,,,,,open,09:45 AM,10:45 AM,,,open,09:45 AM,10:45 AM,,,closed,,,,,closed,,,,,closed,,,,,closed,,,,,,,,,,,,,,,,,,,,,,,,,,,,,,,,,,,,,,,,1652213735225,1771405229860,0a3af9c8-f2cf-4299-8935-a1d8ae0a0a28,40.682123159376,-73.925749060663,100,Kings County,Open,FP,,,,,,,,,,,,,,,,,,,,,,,,,,,,
131,FP,,PIERREPONT FOOD PANTRY,"55 Pierrepont St, Brooklyn, NY, 11201, USA",BK,11201,,,,,,,,,,,,,,,,,,,,,,,,,,,,,,,,,,,,,,,,,,,,,,,,,,,,,,,,,,,,,,,,,,,,,,,,,,,1652213735225,1711526416513,c77a8c99-5a30-4a54-87fc-5f9c6cb9949b,40.695889471423,-73.995123307218,100,Kings County,Inactive,FP,,,,,,,,,,,,,,,,,,,,,,,,,,,,
132,FP,,BROWN MEMORIAL BAPTIST CHURCH FOOD PANTRY,"484 Washington Ave, Brooklyn, NY, 11238, USA",BK,11238,,,,,closed,,,,,closed,,,,,closed,,,,,open,01:00 PM,04:00 PM,,,closed,,,,,closed,,,,,closed,,,,,,,,,,,,,,,,,,,,,,,,,,,,,,,,,,,,,,,,1652213735225,1780473619083,682b68af-7d81-469e-8eb8-c87a3519b4b0,40.684298053702,-73.965235535971,100,Kings County,Open,FP,,,,,,,,,,,,,,,,,,,,,,,,,,,,
133,FP,,BROWNSVILLE TEMPLE SEVENTH DAY ADVENTIST CHURCH,"1089 Clarkson Ave, Brooklyn, New York, 11212",BK,11212,"SUN (1,3)",11AM-1PM,,,closed,,,,,closed,,,,,closed,,,,,closed,,,,,closed,,,,,closed,,,,,open,11:00 AM,01:00 PM,,,,,,,,,,,,,,,,,,,,,,,,,,,,,,,,,,,,,,1652213735225,1748073614085,e1b4a927-ce5e-4883-a12c-e46c6a64e83d,40.659960694918,-73.922167305798,100,Kings County,Open,FP,,,,,,,,,,,,,,,,,,,,,,,,,,,,
134,FP,,CALVARY PENTECOSTAL CHURCH,"151 Woodruff Ave, Brooklyn, New York, 11226",BK,11226,THUR,10AM-12PM,,,closed,,,,,closed,,,,,closed,,,,,open,10:00 AM,12:00 PM,,,closed,,,,,closed,,,,,closed,,,,,,,,,,,,,,,,,,,,,,,,,,,,,,,,,,,,,,,,1652213735225,1684807282066,af86109c-11d9-4869-90d6-eb571ca39eb4,40.6544636751779,-73.9610806265665,100,Kings County,Open,FP,,,,,,,,,,,,,,,,,,,,,,,,,,,,
135,FP,,CAMP FRIENDSHIP FOOD PANTRY IN PARK SLOPE,"339 8th St, Brooklyn, NY, 11215, USA",BK,11215,SAT,10AM-12PM,,,closed,,,,,closed,,,,,closed,,,,,closed,,,,,closed,,,,,open,09:00 AM,12:00 PM,,,closed,,,,,,,,,,,,,,,,,,,,,,,,,,,,,,,,,,,,,,,,1652213735225,1719475247741,7bd90a9e-98c3-482f-9f8e-51dd290258a4,40.66898025137792,-73.98385232965641,100,Kings County,Open,FP,,,,,,,,,,,,,,,,,,,,,,,,,,,,
136,FP,,CATHOLIC CHARITIES,"2866 W 17th St, Brooklyn, New York, 11224",BK,11224,MON,9:30AM-1:30PM,,,open,09:30 AM,01:30 PM,,,closed,,,,,closed,,,,,closed,,,,,closed,,,,,closed,,,,,closed,,,,,,,,,,,,,,,,,,,,,,,,,,,,,,,,,,,,,,,,1652213735225,1684807282066,ab352526-ae52-4497-a3b2-8934ff10ef45,40.5772771595871,-73.9850475052302,100,Kings County,Open,FP,,,,,,,,,,,,,,,,,,,,,,,,,,,,
137,FP,,CCC NEW YORK PARISH FOOD PANTRY OUTREACH PROGRAM,"1380 Jefferson Ave, Brooklyn, New York, 11237",BK,11237,SAT,10AM-2PM,,,closed,,,,,closed,,,,,closed,,,,,closed,,,,,closed,,,,,open,10:00 AM,02:00 PM,,,closed,,,,,,,,,,,,,,,,,,,,,,,,,,,,,,,,,,,,,,,,1652213735225,1684807282066,ca100331-edc5-410a-bbe6-ba367a17ded2,40.6946499136717,-73.909821097697,100,Kings County,Open,FP,,,,,,,,,,,,,,,,,,,,,,,,,,,,
138,FP,,CCOMMONS,"787 Troy Ave, Brooklyn, New York, 11203",BK,11203,,,,,,,,,,,,,,,,,,,,,,,,,,,,,,,,,,,,,,,,,,,,,,,,,,,,,,,,,,,,,,,,,,,,,,,,,,,1652213735225,1719475247741,c54c677f-57b0-4e22-abd9-b62eebf2f168,40.65407203075199,-73.93627966471774,100,Kings County,Permanently Closed,FP,,,,,,,,,,,,,,,,,,,,,,,,,,,,
139,FP,,CENTER FOR FAMILY LIFE,"443 39th St, Brooklyn, New York, 11232",BK,11232,M(SR)/TUE-FRI,10AM-1PM,,,closed,,,,,open,01:00 PM,04:00 PM,,,open,01:00 PM,04:00 PM,,,open,01:00 PM,04:00 PM,,,closed,,,,,closed,,,,,closed,,,,,,,,,,,,,,,,,,,,,,,,,,,,,,,,,,,,,,,,1652213735225,1744185619708,3ac0eac5-a7c6-46bf-8c4e-eaa5ee5decbc,40.651994408412,-74.004865760917,100,Kings County,Open,FP,,,,,,,,,,,,,,,,,,,,,,,,,,,,
140,FP,,CHAMAH FEED BROOKLYN,"473 Empire Blvd, Brooklyn, New York, 11225",BK,11225,,,,,,,,,,,,,,,,,,,,,,,,,,,,,,,,,,,,,,,,,,,,,,,,,,,,,,,,,,,,,,,,,,,,,,,,,,,1652213735225,1719475247741,c8c37718-6b99-40c6-845e-c88364dec7e1,40.66439702672156,-73.94650265292567,100,Kings County,Permanently Closed,FP,,,,,,,,,,,,,,,,,,,,,,,,,,,,
141,FP,,CHILD DEVELOPMENT SUPPORT CORPORATION,"358 Classon Ave, Brooklyn, New York, 11238",BK,11238,THUR,11AM-3PM,,,closed,,,,,closed,,,,,closed,,,,,open,11:00 AM,03:00 PM,,,closed,,,,,closed,,,,,closed,,,,,,,,,,,,,,,,,,,,,,,,,,,,,,,,,,,,,,,,1652213735225,1684807282066,ada0f461-f5f9-465c-919d-d7816dd457e6,40.6882681840511,-73.9600250934996,100,Kings County,Open,FP,,,,,,,,,,,,,,,,,,,,,,,,,,,,
142,FP,,CHILDREN OF THE LIGHT FOOD PANTRY INC,"1171 E 95th St, Brooklyn, New York, 11236",BK,11236,"M,W,F,SAT",12-6PM,,,open,10:00 AM,03:00 PM,,,closed,,,,,open,10:00 AM,03:00 PM,,,closed,,,,,open,10:00 AM,03:00 PM,,,open,10:00 AM,03:00 PM,,,closed,,,,,,,,,,,,,,,,,,,,,,,,,,,,,,,,,,,,,,,,1652213735225,1772182826603,6642db1f-c2c0-4450-a7bb-1275f8c8d84c,40.642246338838,-73.901805735147,100,Kings County,Open,FP,,,,,,,,,,,,,,,,,,,,,,,,,,,,
143,FP,,CHRIST APOSTOLIC CHURCH GOKE FOOD PANTRY,"622 Cortelyou Rd, Brooklyn, New York, 11218",BK,11218,"TUE(1,3)/SAT(2,4)",5:50-7:30PM/9AM-1PM,,,closed,,,,,open,02:00 PM,04:00 PM,,,closed,,,,,closed,,,,,closed,,,,,open,09:00 AM,01:00 PM,,,closed,,,,,,,,,,,,,,,,,,,,,,,,,,,,,,,,,,,,,,,,1652213735225,1757145619820,743cd8d2-4d3b-4626-b02c-9df205c44498,40.63849518571,-73.972156808699,100,Kings County,Open,FP,,,,,,,,,,,,,,,,,,,,,,,,,,,,
144,FP,,CHRISTIAN CULTURAL CENTER,"12020 Flatlands Ave, Brooklyn, New York, 11207",BK,11207,THUR,9AM-3PM,,,closed,,,,,closed,,,,,open,09:30 AM,12:00 PM,,,open,09:30 AM,12:00 PM,,,closed,,,,,closed,,,,,closed,,,,,,,,,,,,,,,,,,,,,,,,,,,,,,,,,,,,,,,,1652213735225,1749110414295,e2d1a252-5754-4843-9942-2cc9ba2afb36,40.651153493976,-73.888606752217,100,Kings County,Open,FP,,,,,,,,,,,,,,,,,,,,,,,,,,,,
145,FP,,"CHURCH AVENUE MERCHANTS BLOCK ASSOC., INC/CAMBA FOOD PANTRY","21 Snyder Ave, Brooklyn, New York, 11226",BK,11226,,,,,closed,,,,,open,10:00 AM,01:00 PM,,,closed,,,,,open,10:00 AM,01:00 PM,,,closed,,,,,closed,,,,,closed,,,,,,,,,,,,,,,,,,,,,,,,,,,,,,,,,,,,,,,,1652213735225,1741338019222,9583a8bb-7291-4abf-8fea-00547b077a85,40.64868246701,-73.957287228646,100,Kings County,Open,FP,,,,,,,,,,,,,,,,,,,,,,,,,,,,
146,FP,,CHURCH OF GOD (BK),"627 Remsen Ave, Brooklyn, New York, 11236",BK,11236,SAT,11:30AM-2PM,,,closed,,,,,closed,,,,,closed,,,,,closed,,,,,closed,,,,,open,12:00 PM,02:30 PM,,,closed,,,,,,,,,,,,,,,,,,,,,,,,,,,,,,,,,,,,,,,,1652213735225,1704877215636,d2d1f879-18cd-448f-b288-eab5c86280fc,40.651667178912,-73.918430653363,100,Kings County,Open,FP,,,,,,,,,,,,,,,,,,,,,,,,,,,,
147,FP,,CHURCH OF GOD FEEDING THE HUNGRY,"836 Classon Ave, Brooklyn, New York, 11238",BK,11238,THUR,11:30AM-1:30PM,,,closed,,,,,closed,,,,,closed,,,,,open,10:00 AM,12:00 PM,,,closed,,,,,closed,,,,,closed,,,,,,,,,,,,,,,,,,,,,,,,,,,,,,,,,,,,,,,,1652213735225,1732784423781,da815a3c-d1cc-4221-b500-8a359b9b0775,40.672411090076,-73.961116752569,100,Kings County,Open,FP,,,,,,,,,,,,,,,,,,,,,,,,,,,,
148,FP,,CHURCH OF GOD INC.,"1011 Winthrop St, Brooklyn, New York, 11212",BK,11212,SAT,12-1PM,,,closed,,,,,closed,,,,,closed,,,,,closed,,,,,closed,,,,,open,12:00 PM,01:00 PM,,,closed,,,,,,,,,,,,,,,,,,,,,,,,,,,,,,,,,,,,,,,,1652213735225,1684807282066,681dc77f-0ceb-49f6-bc7d-7b0407b41810,40.6602317656671,-73.9260760387062,100,Kings County,Open,FP,,,,,,,,,,,,,,,,,,,,,,,,,,,,
149,FP,,CHURCH OF GOD OF SALVATION,"1615 Nostrand Ave, Brooklyn, New York, 11226",BK,11226,WED/THUR,2-4PM/10AM-5PM,,,closed,,,,,closed,,,,,open,02:00 PM,04:00 PM,,,open,10:00 AM,04:00 PM,,,closed,,,,,closed,,,,,closed,,,,,,,,,,,,,,,,,,,,,,,,,,,,,,,,,,,,,,,,1652213735225,1732784423781,dcd6234f-a8c0-40f1-bdfe-363dea01f439,40.646673031452,-73.948961735679,100,Kings County,Open,FP,,,,,,,,,,,,,,,,,,,,,,,,,,,,
150,FP,,CHURCH OF PRAISE AND WORSHIP GOD IN CHRIST,"526 Ralph Ave, Brooklyn, New York, 11233",BK,11233,SAT,11AM-1PM,,,closed,,,,,closed,,,,,closed,,,,,closed,,,,,closed,,,,,open,10:00 AM,01:00 PM,,,closed,,,,,,,,,,,,,,,,,,,,,,,,,,,,,,,,,,,,,,,,1652213735225,1732784423781,a81a0cd9-b9b0-4a2d-97a4-554bbeaac738,40.671422486506,-73.922488081233,100,Kings County,Open,FP,,,,,,,,,,,,,,,,,,,,,,,,,,,,
151,FP,,COLLECTIVE FOCUS LLC,"1046 Broadway, Brooklyn, NY, 11221, USA",BK,11221,,,,,,,,,,,,,,,,,,,,,,,,,,,,,,,,,,,,,,,,,,,,,,,,,,,,,,,,,,,,,,,,,,,,,,,,,,,1652213735225,1719475247741,e1210a86-1f60-4336-9052-7299dfcaed51,40.69519716813005,-73.93234695956686,100,Kings County,Permanently Closed,FP,,,,,,,,,,,,,,,,,,,,,,,,,,,,
152,FP,,COMMUNITY CARE FOOD PANTRY,"1387 E 37th St, Brooklyn, New York, 11210",BK,11210,SAT,11AM-2:30PM,,,closed,,,,,closed,,,,,closed,,,,,closed,,,,,closed,,,,,open,11:00 AM,02:30 PM,,,closed,,,,,,,,,,,,,,,,,,,,,,,,,,,,,,,,,,,,,,,,1652213735225,1732784423781,0af8ccc5-960d-45be-bc9b-cda63a8b553e,40.622198419004,-73.93909816348,100,Kings County,Open,FP,,,,,,,,,,,,,,,,,,,,,,,,,,,,
153,FP,,COMMUNITY SERVICES HOUSING DEVELOPMENT CORP.,"547 Howard Ave, Brooklyn, New York, 11233",BK,11233,THUR,10AM-12PM,,,closed,,,,,closed,,,,,closed,,,,,open,10:00 AM,12:00 PM,,,closed,,,,,closed,,,,,closed,,,,,,,,,,,,,,,,,,,,,,,,,,,,,,,,,,,,,,,,1652213735225,1684807282066,5a8659c3-366d-4ee2-94bd-d80415fd2be0,40.6690178861232,-73.9198218816518,100,Kings County,Open,FP,,,,,,,,,,,,,,,,,,,,,,,,,,,,
154,FP,,COMPASSION HOUSE COMMUNITY DEVELOPMENT CORPORATION,"43 George St, Brooklyn, NY, 11206, USA",BK,11206,THUR,8:30AM-12PM,,,closed,,,,,closed,,,,,closed,,,,,open,09:00 AM,11:30 AM,,,closed,,,,,closed,,,,,closed,,,,,,,,,,,,,,,,,,,,,,,,,,,,,,,,,,,,,,,,1652213735225,1732784423781,8ee6a315-7753-400d-b80e-99ea86afca40,40.701437956049,-73.931591582453,100,Kings County,Open,FP,,,,,,,,,,,,,,,,,,,,,,,,,,,,
155,FP,,COPO FOOD PANTRY  (FPH),"1077 Coney Island Ave, Brooklyn, New York, 11230",BK,11230,FRI,1:30-4:50PM,,,closed,,,,,closed,,,,,closed,,,,,closed,,,,,open,10:30 AM,04:30 PM,,,closed,,,,,closed,,,,,,,,,,,,,,,,,,,,,,,,,,,,,,,,,,,,,,,,1652213735225,1711612816050,dfdfe448-778a-410c-b774-8f3e6c33a84a,40.631334567737,-73.966304312444,100,Kings County,Open,FP,,,,,,,,,,,,,,,,,,,,,,,,,,,,
156,FP,,CORNERSTONE BAPTIST FOOD PANTRY,"562 Madison St, Brooklyn, NY, 11221, USA",BK,11221,,,,,,,,,,,,,,,,,,,,,,,,,,,,,,,,,,,,,,,,,,,,,,,,,,,,,,,,,,,,,,,,,,,,,,,,,,,1652213735225,1702458014152,e340519c-28b9-4356-a275-f9e00be59f16,40.68635230248,-73.935643581796,100,Kings County,Inactive,FP,,,,,,,,,,,,,,,,,,,,,,,,,,,,
157,FP,,CRYSTAL CHURCH,"295 Ridgewood Ave, Brooklyn, NY, 11208, USA",BK,11208,,,,,,,,,,,,,,,,,,,,,,,,,,,,,,,,,,,,,,,,,,,,,,,,,,,,,,,,,,,,,,,,,,,,,,,,,,,1652213735225,1719475247741,b81bf9f9-7d72-4858-b20d-23efdf2f553a,40.684263017347206,-73.87782930111412,100,Kings County,Permanently Closed,FP,,,,,,,,,,,,,,,,,,,,,,,,,,,,
158,FP,,EAST NEW YORK SEVENTH DAY ADVENTIST CHURCH,"511 Elton St, Brooklyn, New York, 11208",BK,11208,,,,,,,,,,,,,,,,,,,,,,,,,,,,,,,,,,,,,,,,,,,,,,,,,,,,,,,,,,,,,,,,,,,,,,,,,,,1652213735225,1770800424379,6d6eec98-77f0-4635-a3dc-7f33f0ee9731,40.670394865177,-73.88242811611,100,Kings County,Inactive,FP,,,,,,,,,,,,,,,,,,,,,,,,,,,,
159,FP,,EAST NEW YORK WESLEYAN CHURCH/NEW HOPE FAMILY WORSHIP CENTER,"817 Livonia Ave, Brooklyn, New York, 11207",BK,11207,SAT,11AM - 2PM,,,closed,,,,,closed,,,,,closed,,,,,closed,,,,,closed,,,,,open,11:00 AM,01:00 PM,,,closed,,,,,,,,,,,,,,,,,,,,,,,,,,,,,,,,,,,,,,,,1652213735225,1706605215547,9d0d4ec9-80f9-4f5c-942b-dcbd91a28ef9,40.665996335757,-73.88651764667,100,Kings County,Open,FP,,,,,,,,,,,,,,,,,,,,,,,,,,,,
160,FP,,EBENEZER WESLEYAN METHODIST CHURCH,"47 Rogers Ave, Brooklyn, New York, 11216",BK,11216,,,,,,,,,,,,,,,,,,,,,,,,,,,,,,,,,,,,,,,,,,,,,,,,,,,,,,,,,,,,,,,,,,,,,,,,,,,1652213735225,1719475247741,316149f7-b988-4d5d-971b-d63310db7c53,40.67598035590535,-73.95256570258763,100,Kings County,Inactive,FP,,,,,,,,,,,,,,,,,,,,,,,,,,,,
161,FP,,"BEYOND WALLS, INC","188 E 53rd St, Brooklyn, New York, 11203",BK,11203,,,,,closed,,,,,open,01:30 PM,03:00 PM,,,closed,,,,,closed,,,,,closed,,,,,closed,,,,,closed,,,,,,,,,,,,,,,,,,,,,,,,,,,,,,,,,,,,,,,,1652213735225,1735635620636,f89737d2-3707-4664-974d-e387c1332ab2,40.655301530219,-73.928005720455,100,Kings County,Open,FP,,,,,,,,,,,,,,,,,,,,,,,,,,,,
162,FP,,ELITE LEARNERS INC,"4517 Avenue D, Brooklyn, New York, 11203",BK,11203,,,,,,,,,,,,,,,,,,,,,,,,,,,,,,,,,,,,,,,,,,,,,,,,,,,,,,,,,,,,,,,,,,,,,,,,,,,1652213735225,1719475247741,f595fdb3-5685-4332-b82b-563ef79035aa,40.64201164554899,-73.93353769273196,100,Kings County,Permanently Closed,FP,,,,,,,,,,,,,,,,,,,,,,,,,,,,
163,FP,,EMMAUS SEVENTH DAY ADVENTIST CHURCH (FP),"1144 Flatbush Ave, Brooklyn, New York, 11226",BK,11226,TUE,12:30-2PM,,,closed,,,,,open,12:30 PM,02:00 PM,,,closed,,,,,closed,,,,,closed,,,,,closed,,,,,closed,,,,,,,,,,,,,,,,,,,,,,,,,,,,,,,,,,,,,,,,1652213735225,1710489629190,6d558564-fe5d-46a0-8c59-84c8d25bfa67,40.64246519033,-73.957698025721,100,Kings County,Open,FP,,,,,,,,,,,,,,,,,,,,,,,,,,,,
164,FP,,PENIEL HAITIAN CHURCH OF C AND MA,"2741 Albemarle Rd, Brooklyn, New York, 11226",BK,11226,SAT/SAT(2ND),10AM-12PM/1-3PM,,,closed,,,,,closed,,,,,closed,,,,,closed,,,,,closed,,,,,open,10:00 AM,12:00 PM,01:00 PM,03:00 PM,closed,,,,,,,,,,,,,,,,,,,,,,,,,,,,,,,,,,,,,,,,1652213735225,1684807282066,708e73cd-d092-4dda-9e87-c8848b5269e1,40.6481952269786,-73.9506515273595,100,Kings County,Open,FP,,,,,,,,,,,,,,,,,,,,,,,,,,,,
165,FP,,FAMILY LIFE DEVELOPMENT CENTER,"1476 Bedford Ave, Brooklyn, New York, 11216",BK,11216,,,,,open,04:00 PM,06:00 PM,,,closed,,,,,closed,,,,,closed,,,,,closed,,,,,closed,,,,,closed,,,,,,,,,,,,,,,,,,,,,,,,,,,,,,,,,,,,,,,,1652213735225,1758182416863,300c93fe-2846-45d0-b229-b52a59e0d65d,40.672925487474,-73.95442757474,100,Kings County,Open,FP,,,,,,,,,,,,,,,,,,,,,,,,,,,,
166,FP,,FAMILY SERVICE NETWORK OF N.Y. INC,"1420 Bushwick Ave, Brooklyn, New York, 11207",BK,11207,,,,,,,,,,,,,,,,,,,,,,,,,,,,,,,,,,,,,,,,,,,,,,,,,,,,,,,,,,,,,,,,,,,,,,,,,,,1652213735225,1751529614813,57f4ae9f-dc7d-4755-b322-46a582348bda,40.684129535539,-73.909223216544,100,Kings County,Inactive,FP,,,,,,,,,,,,,,,,,,,,,,,,,,,,
167,FP,,FEEDING THE VULNERABLE-FORT GREENE,"141 Flushing Ave, Brooklyn, New York, 11205",BK,11205,SAT,9AM-1PM,,,closed,,,,,closed,,,,,closed,,,,,closed,,,,,closed,,,,,open,09:00 AM,01:00 PM,,,closed,,,,,,,,,,,,,,,,,,,,,,,,,,,,,,,,,,,,,,,,1652213735225,1719475247741,947f6adb-cd80-47f3-98ab-52a0873c31a1,40.698121404600386,-73.97119557204246,100,Kings County,Open,FP,,,,,,,,,,,,,,,,,,,,,,,,,,,,
168,FP,,FERNANDE VALME' MINISTRIES INC,"1120 Flatbush Ave, Brooklyn, New York, 11226",BK,11226,THUR,10-11AM,,,closed,,,,,closed,,,,,closed,,,,,open,10:00 AM,11:00 AM,,,closed,,,,,closed,,,,,closed,,,,,,,,,,,,,,,,,,,,,,,,,,,,,,,,,,,,,,,,1652213735225,1684807282066,7c9e2a51-0800-408e-ad86-a4056b492db1,40.643158667089,-73.9579009515969,100,Kings County,Open,FP,,,,,,,,,,,,,,,,,,,,,,,,,,,,
169,FP,,FLATBUSH SEVENTH DAY ADVENTIST CHURCH (FP),"261 E 21st St, Brooklyn, NY, 11226, USA",BK,11226,MON,11AM-1PM,,,open,11:00 AM,01:00 PM,,,closed,,,,,closed,,,,,closed,,,,,closed,,,,,closed,,,,,closed,,,,,,,,,,,,,,,,,,,,,,,,,,,,,,,,,,,,,,,,1652213735225,1706259616099,71b4f1f0-0031-4d2a-9754-73ae8c4b2bd2,40.648057177033,-73.959354876522,100,Kings County,Open,FP,,,,,,,,,,,,,,,,,,,,,,,,,,,,
170,FP,,"FOOD FIRST, INC","165 Conover St, Brooklyn, New York, 11231",BK,11231,,,,,,,,,,,,,,,,,,,,,,,,,,,,,,,,,,,,,,,,,,,,,,,,,,,,,,,,,,,,,,,,,,,,,,,,,,,1652213735225,1775289625174,8c6869d4-ce74-44ec-a362-9c6711ea42e1,40.678224023747,-74.013866080909,100,Kings County,Permanently Closed,FP,,,,,,,,,,,,,,,,,,,,,,,,,,,,
171,FP,,FOUNDATION FOR VETERANS HELPING VETERANS AND THEIR COMM. NY STATE,"2163 Dean St, Brooklyn, NY, 11233, USA",BK,11233,,,,,,,,,,,,,,,,,,,,,,,,,,,,,,,,,,,,,,,,,,,,,,,,,,,,,,,,,,,,,,,,,,,,,,,,,,,1652213735225,1696320017259,f6c55010-883d-47b2-9a7a-88122751db79,40.675139944383,-73.915352147964,100,Kings County,Inactive,FP,,,,,,,,,,,,,,,,,,,,,,,,,,,,
172,FP,,FOURTH AVE PRESBYTERIAN CHURCH,"6753 4th Ave, Brooklyn, New York, 11220",BK,11220,,,,,,,,,,,,,,,,,,,,,,,,,,,,,,,,,,,,,,,,,,,,,,,,,,,,,,,,,,,,,,,,,,,,,,,,,,,1652213735225,1719475247741,bca3e0f5-aa39-4cc8-a245-196107fb1131,40.635511228179325,-74.0229482082757,100,Kings County,Permanently Closed,FP,,,,,,,,,,,,,,,,,,,,,,,,,,,,
173,FP,,PENIEL SEVENTH DAY ADVENTIST CHURCH,"1210 Utica Ave, Brooklyn, New York, 11203",BK,11203,FRI,10AM-12PM,,,closed,,,,,closed,,,,,closed,,,,,closed,,,,,open,10:00 AM,12:00 PM,,,closed,,,,,closed,,,,,,,,,,,,,,,,,,,,,,,,,,,,,,,,,,,,,,,,1652213735225,1719475247741,35d11e81-d14b-4919-a764-576481152e4c,40.64305347420418,-73.92975686766661,100,Kings County,Open,FP,,,,,,,,,,,,,,,,,,,,,,,,,,,,
174,FP,,PEOPLE IN NEED NYC,"944 Newkirk Ave, Brooklyn, New York, 11230",BK,11230,,,,,,,,,,,,,,,,,,,,,,,,,,,,,,,,,,,,,,,,,,,,,,,,,,,,,,,,,,,,,,,,,,,,,,,,,,,1652213735225,1719475247741,921ea8b8-7054-445b-bba1-92e75da663e9,40.633531548377846,-73.96741633953872,100,Kings County,Permanently Closed,FP,,,,,,,,,,,,,,,,,,,,,,,,,,,,
175,FP,,POP UP PANTRY ,"2568 Park Ave, Bronx, New York, 10451",BX,10451,,,,,,,,,,,,,,,,,,,,,,,,,,,,,,,,,,,,,,,,,,,,,,,,,,,,,,,,,,,,,,,,,,,,,,,,,,,1652213735225,1719475247741,748d7107-7105-4c3d-a409-acdc4109c669,40.81300372761348,-73.92865238428519,100,Bronx County,Inactive,FP,,,,,,,,,,,,,,,,,,,,,,,,,,,,
176,FP,,PRESBYTERIAN CHURCH OF THE CROSSROADS,"133 Elton St, Brooklyn, New York, 11208",BK,11208,"WED (2,4)",10AM-12PM,,,closed,,,,,closed,,,,,open,10:00 AM,12:00 PM,,,closed,,,,,closed,,,,,closed,,,,,closed,,,,,,,,,,,,,,,,,,,,,,,,,,,,,,,,,,,,,,,,1652213735225,1755763216312,a4c81371-8f6f-40e3-bd75-0e2659a3edb0,40.680539901685,-73.884692906348,100,Kings County,Open,FP,,,,,,,,,,,,,,,,,,,,,,,,,,,,
177,FP,,"POWER PRAISE AND DELIVERANCE, INC","120 E 184th St, Bronx, New York, 10468",BX,10468,FRI,12-4PM,,,closed,,,,,closed,,,,,closed,,,,,closed,,,,,open,12:00 PM,04:00 PM,,,closed,,,,,closed,,,,,,,,,,,,,,,,,,,,,,,,,,,,,,,,,,,,,,,,1652213735225,1684807282066,6e5164e3-71ab-4063-bea2-25e5487d3278,40.8596232444326,-73.9004342881499,100,Bronx County,Open,FP,,,,,,,,,,,,,,,,,,,,,,,,,,,,
178,FP,,PRODIGAL CENTER,"709 Tiffany St, Bronx, New York, 10474",BX,10474,,,,,closed,,,,,open,11:00 AM,12:30 PM,,,closed,,,,,closed,,,,,closed,,,,,closed,,,,,closed,,,,,,,,,,,,,,,,,,,,,,,,,,,,,,,,,,,,,,,,1652213735225,1767776442110,adeb2e6f-79b2-4beb-995e-48578dad671b,40.814141990065,-73.891457521306,100,Bronx County,Open,FP,,,,,,,,,,,,,,,,,,,,,,,,,,,,
179,FP,,PROJECT EATS,"251 Chester St, Brooklyn, New York, 11212",BK,11212,,,,,,,,,,,,,,,,,,,,,,,,,,,,,,,,,,,,,,,,,,,,,,,,,,,,,,,,,,,,,,,,,,,,,,,,,,,1652213735225,1694678416514,2a52b2bf-b034-4630-9307-16e7103d33d6,40.6645647718,-73.910320536184,100,Kings County,Permanently Closed,FP,,,,,,,,,,,,,,,,,,,,,,,,,,,,
180,FP,,RCCG TABERNACLE OF RESTORATION,"4640 Furman Ave, Bronx, New York, 10470",BX,10470,,,,,,,,,,,,,,,,,,,,,,,,,,,,,,,,,,,,,,,,,,,,,,,,,,,,,,,,,,,,,,,,,,,,,,,,,,,1652213735225,1719475247741,16903778-5509-4764-a876-eefb07d50080,40.90252203443205,-73.84982527878593,100,Bronx County,Inactive,FP,,,,,,,,,,,,,,,,,,,,,,,,,,,,
181,FP,,REACHING-OUT COMMUNITY SERVICES INC,"7708 New Utrecht Ave, Brooklyn, New York, 11214",BK,11214,TUE-FRI,11AM-3PM,,,open,09:00 AM,05:00 PM,,,open,09:00 AM,05:00 AM,,,open,09:00 AM,05:00 AM,,,open,09:00 AM,05:00 AM,,,open,09:00 AM,05:00 AM,,,closed,,,,,closed,,,,,,,,,,,,,,,,,,,,,,,,,,,,,,,,,,,,,,,,1652213735225,1684807282066,cbf9543f-87d9-49b0-a30e-3a4e39eb28fa,40.6139845310776,-74.000636587851,100,Kings County,Open,FP,,,,,,,,,,,,,,,,,,,,,,,,,,,,
182,FP,,REDEEMED CHRISTIAN CHURCH OF GOD,"1005 Morris Ave, Bronx, New York, 10456",BX,10456,,,,,,,,,,,,,,,,,,,,,,,,,,,,,,,,,,,,,,,,,,,,,,,,,,,,,,,,,,,,,,,,,,,,,,,,,,,1652213735225,1764838817857,43e2ed38-963b-4df7-9dd3-f78a81c0bcfb,40.829054988375,-73.916900034024,100,Bronx County,Inactive,FP,,,,,,,,,,,,,,,,,,,,,,,,,,,,
183,FP,,REDEEMED CHRISTIAN CHURCH OF GOD INTERNATIONAL CHAPEL,"781 E 93rd St, Brooklyn, New York, 11236",BK,11236,,,,,,,,,,,,,,,,,,,,,,,,,,,,,,,,,,,,,,,,,,,,,,,,,,,,,,,,,,,,,,,,,,,,,,,,,,,1652213735225,1693036814053,d18ad06c-8429-460f-a3ae-f3867647b4bc,40.649182698992,-73.911975330632,100,Kings County,Inactive,FP,,,,,,,,,,,,,,,,,,,,,,,,,,,,
184,FP,,RESURRECTION AND LIFE PENTECOSTAL CHURCH (FP),"870 E 163rd St, Bronx, New York, 10459",BX,10459,,,,,closed,,,,,open,12:00 PM,02:00 PM,,,closed,,,,,closed,,,,,closed,,,,,open,10:00 AM,12:00 PM,,,closed,,,,,,,,,,,,,,,,,,,,,,,,,,,,,,,,,,,,,,,,1652213735225,1707814816168,1ff7dc2e-476d-430b-9717-08476b0fbad6,40.821526321034,-73.899285799777,100,Bronx County,Open,FP,,,,,,,,,,,,,,,,,,,,,,,,,,,,
185,FP,,SAGE BRONX,"1784 Prospect Ave, Bronx, NY, 10457, USA",BX,10457,,,,,,,,,,,,,,,,,,,,,,,,,,,,,,,,,,,,,,,,,,,,,,,,,,,,,,,,,,,,,,,,,,,,,,,,,,,1652213735225,1719475247741,aa22675e-114c-44c9-b4c7-ddd680e2716f,40.84149554068924,-73.8916144226584,100,Bronx County,Permanently Closed,FP,,,,,,,,,,,,,,,,,,,,,,,,,,,,
186,FP,,SOUNDVIEW PRESBYTERIAN CHURCH,"760 Soundview Ave, Bronx, New York, 10473",BX,10473,,,,,,,,,,,,,,,,,,,,,,,,,,,,,,,,,,,,,,,,,,,,,,,,,,,,,,,,,,,,,,,,,,,,,,,,,,,1652213735225,1719475247741,77cd784d-93a9-40e1-a42f-c225420210f1,40.820842609191715,-73.86523716797365,100,Bronx County,Inactive,FP,,,,,,,,,,,,,,,,,,,,,,,,,,,,
187,FP,,SPANISH SEVENTH DAY ADVENTIST CHURCH FOOD PANTRY,"1038 Prospect Ave, Bronx, New York, 10459",BX,10459,THUR,8:30-11:30AM,,,closed,,,,,closed,,,,,closed,,,,,open,10:00 AM,01:00 PM,,,closed,,,,,closed,,,,,closed,,,,,,,,,,,,,,,,,,,,,,,,,,,,,,,,,,,,,,,,1652213735225,1739955619809,fe817d9b-3dcb-43e5-bccb-10ece023f14d,40.82473575176,-73.899309017649,100,Bronx County,Open,FP,,,,,,,,,,,,,,,,,,,,,,,,,,,,
188,FP,,SPANISH SOUNDVIEW SEVENTH DAY ADVENTIST CHURCH,"1822 Lacombe Ave, Bronx, New York, 10473",BX,10473,WED,8AM-12:30PM,,,closed,,,,,closed,,,,,open,08:00 AM,12:30 PM,,,closed,,,,,closed,,,,,closed,,,,,closed,,,,,,,,,,,,,,,,,,,,,,,,,,,,,,,,,,,,,,,,1652213735225,1719475247741,af24810f-a19e-46de-ae3d-855211d8d95f,40.81490784455784,-73.86122952860838,100,Bronx County,Open,FP,,,,,,,,,,,,,,,,,,,,,,,,,,,,
189,FP,,ST LUCYS OLD ROMAN AND IMMACULATE CONCEPTION ROMAN CATHOLIC CHURCH,"754 E Gun Hill Rd, Bronx, New York, 10467",BX,10467,,,,,,,,,,,,,,,,,,,,,,,,,,,,,,,,,,,,,,,,,,,,,,,,,,,,,,,,,,,,,,,,,,,,,,,,,,,1652213735225,1719475247741,0845acf8-bc41-4ef8-a6e7-0d2b29ecca31,40.87652191560554,-73.86440057021771,100,Bronx County,Permanently Closed,FP,,,,,,,,,,,,,,,,,,,,,,,,,,,,
190,FP,,ST. AUGUSTINE FOOD PANTRY,"1168 Franklin Ave, Bronx, New York, 10456",BX,10456,,,,,,,,,,,,,,,,,,,,,,,,,,,,,,,,,,,,,,,,,,,,,,,,,,,,,,,,,,,,,,,,,,,,,,,,,,,1652213735225,1704877215636,bcbc5f57-42b0-4391-ade6-5ed56fe768cb,40.829219776592,-73.904441759877,100,Bronx County,Permanently Closed,FP,,,,,,,,,,,,,,,,,,,,,,,,,,,,
191,FP,,ST. BRENDAN & ST. ANN PARISH,"268 E 207th St, Bronx, New York, 10467",BX,10467,SAT,7:30-9AM,,,closed,,,,,closed,,,,,closed,,,,,closed,,,,,closed,,,,,open,07:30 AM,09:00 AM,,,closed,,,,,,,,,,,,,,,,,,,,,,,,,,,,,,,,,,,,,,,,1652213735225,1684807282066,68bd914a-7b35-4308-80de-8f30391a5eaa,40.8754643289724,-73.8775260438572,100,Bronx County,Open,FP,,,,,,,,,,,,,,,,,,,,,,,,,,,,
192,FP,,ST. EDMUNDS YOUTH PROGRAM INC,"1905 Morris Ave, Bronx, New York, 10453",BX,10453,THUR,12-2PM,,,closed,,,,,closed,,,,,closed,,,,,open,12:00 PM,02:00 PM,,,closed,,,,,closed,,,,,closed,,,,,,,,,,,,,,,,,,,,,,,,,,,,,,,,,,,,,,,,1652213735225,1684807282066,2dab502a-6051-451b-bb12-6b5f29aca98c,40.8499230355257,-73.9080897317771,100,Bronx County,Open,FP,,,,,,,,,,,,,,,,,,,,,,,,,,,,
193,FP,,ST. JAMES FORDHAM,"2500 Jerome Ave, Bronx, New York, 10468",BX,10468,,,,,,,,,,,,,,,,,,,,,,,,,,,,,,,,,,,,,,,,,,,,,,,,,,,,,,,,,,,,,,,,,,,,,,,,,,,1652213735225,1719475247741,617542ff-e8fa-4480-99e1-8c25e1e96719,40.86400438140333,-73.8996255183125,100,Bronx County,Permanently Closed,FP,,,,,,,,,,,,,,,,,,,,,,,,,,,,
194,FP,,ST. JEROME H.A.N.D.S. COMMUNITY CENTER,"330 E 138th St, Bronx, New York, 10454",BX,10454,,,,,closed,,,,,closed,,,,,open,10:00 AM,01:00 PM,,,closed,,,,,closed,,,,,closed,,,,,closed,,,,,,,,,,,,,,,,,,,,,,,,,,,,,,,,,,,,,,,,1652213735225,1719475247741,fa6e3f11-5ba2-4339-9dd7-8f8683b1561b,40.809893540861616,-73.92489843908047,100,Bronx County,Open,FP,,,,,,,,,,,,,,,,,,,,,,,,,,,,
195,FP,,ST. LUKES FOOD PANTRY,"623 E 138th St, Bronx, New York, 10454",BX,10454,FRI,10AM-12PM,,,closed,,,,,closed,,,,,closed,,,,,closed,,,,,open,10:00 AM,01:00 PM,,,closed,,,,,closed,,,,,,,,,,,,,,,,,,,,,,,,,,,,,,,,,,,,,,,,1652213735225,1708506015965,b298a9a8-6bcf-4a96-8c85-e2b43e8d2bc4,40.80619456284,-73.915570245085,100,Bronx County,Open,FP,,,,,,,,,,,,,,,,,,,,,,,,,,,,
196,FP,,ST. PAUL'S LUTHERAN CHURCH,"1891 Mcgraw Ave, Bronx, New York, 10462",BX,10462,,,,,closed,,,,,closed,,,,,closed,,,,,closed,,,,,open,08:00 AM,10:00 AM,,,closed,,,,,closed,,,,,,,,,,,,,,,,,,,,,,,,,,,,,,,,,,,,,,,,1652213735225,1736240420271,15606e57-e800-4779-a352-5ee3397b674c,40.834569484384,-73.862510367233,100,Bronx County,Open,FP,,,,,,,,,,,,,,,,,,,,,,,,,,,,
197,FP,,ST. PETER'S LOVE PANTRY,"2500 Westchester Ave, Bronx, New York, 10461",BX,10461,,,,,,,,,,,,,,,,,,,,,,,,,,,,,,,,,,,,,,,,,,,,,,,,,,,,,,,,,,,,,,,,,,,,,,,,,,,1652213735225,1741165219376,6c23e7dd-7c98-4f8c-95cf-e50acbf173b9,40.838719406556,-73.843947301546,100,Bronx County,Inactive,FP,,,,,,,,,,,,,,,,,,,,,,,,,,,,
198,FP,,ST. STEPHEN'S POP-UP,"146 W 238th St, Bronx, NY, 10463, USA",BX,10463,,,,,,,,,,,,,,,,,,,,,,,,,,,,,,,,,,,,,,,,,,,,,,,,,,,,,,,,,,,,,,,,,,,,,,,,,,,1652213735225,1719475247741,7e74ca66-ffc0-4878-8d0e-d9600dc171c7,40.88411213027115,-73.89824694605377,100,Bronx County,Permanently Closed,FP,,,,,,,,,,,,,,,,,,,,,,,,,,,,
199,FP,,ST. STEPHENS/BRONX FOOD JUSTICE,"146 W 228th St, Bronx, New York, 10463",NY,10463,,,,,,,,,,,,,,,,,,,,,,,,,,,,,,,,,,,,,,,,,,,,,,,,,,,,,,,,,,,,,,,,,,,,,,,,,,,1652213735225,1719475247741,e7b6e862-c48b-4521-9597-be8c7dc93103,40.877012508398394,-73.90895642056547,100,New York County,Permanently Closed,FP,,,,,,,,,,,,,,,,,,,,,,,,,,,,
200,FP,,THE GAMBIAN YOUTH ORGANIZATION FOOD PANTRY (FP),"214 E 181st St, Bronx, New York, 10457",BX,10457,,,,,closed,,,,,closed,,,,,closed,,,,,closed,,,,,closed,,,,,closed,,,,,open,02:00 PM,05:00 PM,,,,,,,,,,,,,,,,,,,,,,,,,,,,,,,,,,,,,,1652213735225,1709802016676,4c7c947a-8e2f-4324-a5dc-7bc9e911da6d,40.854303962949,-73.90081348545,100,Bronx County,Open,FP,,,,,,,,,,,,,,,,,,,,,,,,,,,,
201,FP,,THE RESOURCE CENTER FOR COMMUNITY DEVELOPMENT INC (FP),"884 E 163rd St, Bronx, New York, 10459",BX,10459,,,,,,,,,,,,,,,,,,,,,,,,,,,,,,,,,,,,,,,,,,,,,,,,,,,,,,,,,,,,,,,,,,,,,,,,,,,1652213735225,1730188825088,f2107bf6-95a2-4f63-8297-7accc61bd38a,40.820858241441,-73.898534613614,100,Bronx County,Inactive,FP,,,,,,,,,,,,,,,,,,,,,,,,,,,,
202,FP,,THE SALVATION ARMY TREMONT CORPS,"2121 Washington Ave, Bronx, New York, 10457",BX,10457,,,,,,,,,,,,,,,,,,,,,,,,,,,,,,,,,,,,,,,,,,,,,,,,,,,,,,,,,,,,,,,,,,,,,,,,,,,1652213735225,1719475247741,bf674f85-e14f-4b3f-afa6-5d374ed0916c,40.852166200453496,-73.89536591893777,100,Bronx County,Inactive,FP,,,,,,,,,,,,,,,,,,,,,,,,,,,,
203,FP,,THESSALONIA BAPTIST CHURCH,"951 Rev James A Polite Ave, Bronx, New York, 10459",BX,10459,TUE,10:30-11:30AM,,,closed,,,,,open,10:00 AM,11:30 AM,,,closed,,,,,closed,,,,,closed,,,,,closed,,,,,closed,,,,,,,,,,,,,,,,,,,,,,,,,,,,,,,,,,,,,,,,1652213735225,1696579217260,da95311f-b1a3-4e5e-9f33-0c903e4ae26d,40.822275830816,-73.899037024891,100,Bronx County,Open,FP,,,,,,,,,,,,,,,,,,,,,,,,,,,,
204,FP,,THORPE FAMILY RESIDENCE,"406 E 184th St, Bronx, New York, 10458",BX,10458,WED,8:30-9:30AM,,,closed,,,,,closed,,,,,open,07:30 AM,09:30 AM,,,closed,,,,,closed,,,,,closed,,,,,closed,,,,,,,,,,,,,,,,,,,,,,,,,,,,,,,,,,,,,,,,1652213735225,1719475247741,20b2c430-f51d-47f7-900f-6ff07b793211,40.85642973932272,-73.89467860287739,100,Bronx County,Open,FP,,,,,,,,,,,,,,,,,,,,,,,,,,,,
205,FP,,UNION GROVE BAPTIST CHURCH,"1488 Hoe Ave, Bronx, New York, 10460",BX,10460,WED,9-11AM,,,closed,,,,,closed,,,,,open,09:00 AM,11:00 AM,,,closed,,,,,closed,,,,,closed,,,,,closed,,,,,,,,,,,,,,,,,,,,,,,,,,,,,,,,,,,,,,,,1652213735225,1719475247741,4c8f62a2-0bca-466e-929e-4b0def109c9b,40.83294746039107,-73.88914688205773,100,Bronx County,Open,FP,,,,,,,,,,,,,,,,,,,,,,,,,,,,
206,FP,,VINEYARD INTERNATIONAL CHRISTIAN MINISTRIES,"1140 Teller Ave, Bronx, New York, 10456",BX,10456,SAT,10AM-12PM,,,closed,,,,,closed,,,,,closed,,,,,closed,,,,,closed,,,,,open,10:00 AM,12:00 PM,,,closed,,,,,,,,,,,,,,,,,,,,,,,,,,,,,,,,,,,,,,,,1652213735225,1684807282066,45c2c327-9e10-4770-a88e-cb72b82b7e7a,40.83074440287,-73.9123762370611,100,Bronx County,Open,FP,,,,,,,,,,,,,,,,,,,,,,,,,,,,
207,FP,,"WAY OUT CHURCH MINISTRIES, INC (FP)","520 E 148th St, Bronx, New York, 10455",BX,10455,"TUE,THUR",8-10AM,,,closed,,,,,closed,,,,,open,09:00 AM,10:30 AM,,,closed,,,,,open,09:00 AM,10:30 AM,,,closed,,,,,closed,,,,,,,,,,,,,,,,,,,,,,,,,,,,,,,,,,,,,,,,1652213735225,1701507623795,99e42fac-09f8-4178-bf71-26344433fc34,40.813939231827,-73.914690899623,100,Bronx County,Open,FP,,,,,,,,,,,,,,,,,,,,,,,,,,,,
208,FP,,WHEDCO - FOOD PANTRY,"50 E 168th St, Bronx, New York, 10452",BX,10452,WED,9:30-10:30AM,,,closed,,,,,closed,,,,,open,09:30 AM,10:30 AM,,,closed,,,,,closed,,,,,closed,,,,,closed,,,,,,,,,,,,,,,,,,,,,,,,,,,,,,,,,,,,,,,,1652213735225,1684807282066,d0b3cf23-3f56-4dda-a500-47032251dbc1,40.83648818584,-73.9190378384288,100,Bronx County,Open,FP,,,,,,,,,,,,,,,,,,,,,,,,,,,,
209,FP,,WHOSOEVER WILL BAPTIST CHURCH,"1651 Popham Ave, Bronx, New York, 10453",BX,10453,,,,,,,,,,,,,,,,,,,,,,,,,,,,,,,,,,,,,,,,,,,,,,,,,,,,,,,,,,,,,,,,,,,,,,,,,,,1652213735225,1730361625021,6aa12f07-c3cd-4fe7-976f-c1bbc837106a,40.84929506334,-73.920939356983,100,Bronx County,Permanently Closed,FP,,,,,,,,,,,,,,,,,,,,,,,,,,,,
210,FP,,WORD OF LIFE CHRISTIAN FELLOWSHIP,830 UNION AVENUE,BX,10459,SAT,10AM-4PM,,,closed,,,,,closed,,,,,closed,,,,,closed,,,,,closed,,,,,open,11:00 AM,03:00 PM,,,closed,,,,,,,,,,,,,,,,,,,,,,,,,,,,,,,,,,,,,,,,1652213735225,1728460821255,85d2c889-149b-4129-8bcb-e04eb22f62ad,40.819614115553,-73.903033851601,100,Bronx County,Open,FP,,,,,,,,,,,,,,,,,,,,,,,,,,,,
211,FP,,WORLDWIDE VETERANS AND FAMILY SERVICES INC (WVFS),"130 W Kingsbridge Rd, Bronx, New York, 10468",BX,10468,,,,,,,,,,,,,,,,,,,,,,,,,,,,,,,,,,,,,,,,,,,,,,,,,,,,,,,,,,,,,,,,,,,,,,,,,,,1652213735225,1736326836023,66383586-5545-4f8d-a267-6472f7b768f4,40.868679471718,-73.90499815061,100,Bronx County,Inactive,FP,,,,,,,,,,,,,,,,,,,,,,,,,,,,
212,FP,,AAA,"7 Bleecker St, New York, New York, 10012",NY,10012,,,,,,,,,,,,,,,,,,,,,,,,,,,,,,,,,,,,,,,,,,,,,,,,,,,,,,,,,,,,,,,,,,,,,,,,,,,1652213735225,1719475247741,3231b377-636d-456a-b398-e3a2a0d0d37f,40.72547700289891,-73.99277109373024,100,New York County,Permanently Closed,FP,,,,,,,,,,,,,,,,,,,,,,,,,,,,
213,FP,,AFRICAN SERVICES COMMITTEE (FP),"429 W 127th St, New York, New York, 10027",NY,10027,MON-FRI,9AM-5PM,,,open,10:00 AM,04:00 PM,,,open,10:00 AM,04:00 PM,,,open,10:00 AM,04:00 PM,,,open,10:00 AM,04:00 PM,,,closed,,,,,closed,,,,,closed,,,,,,,,,,,,,,,,,,,,,,,,,,,,,,,,,,,,,,,,1652213735225,1752307214961,8f93e6e8-1111-4428-88cd-f0ad586ad973,40.813386906317,-73.954489768462,100,New York County,Open,FP,,,,,,,,,,,,,,,,,,,,,,,,,,,,
214,FP,,ANTIOCH OUTREACH MINISTRIES,"41 W 124th St, New York, New York, 10027",NY,10027,SAT,7:30-11AM,,,closed,,,,,closed,,,,,closed,,,,,closed,,,,,closed,,,,,open,07:30 AM,11:00 AM,,,closed,,,,,,,,,,,,,,,,,,,,,,,,,,,,,,,,,,,,,,,,1652213735225,1684807282066,8ab41f30-9845-41f5-9537-1705db261ad4,40.80651835576,-73.9442471666002,100,New York County,Open,FP,,,,,,,,,,,,,,,,,,,,,,,,,,,,
215,FP,,"ARTISTS, ATHLETES, & ACTIVIST","110 Columbia St, New York, New York, 10002",NY,10002,,,,,,,,,,,,,,,,,,,,,,,,,,,,,,,,,,,,,,,,,,,,,,,,,,,,,,,,,,,,,,,,,,,,,,,,,,,1652213735225,1719475247741,5ac79a96-8ae8-4f40-89df-6d3a72689798,40.71873288169445,-73.97886166068672,100,New York County,Permanently Closed,FP,,,,,,,,,,,,,,,,,,,,,,,,,,,,
216,FP,,"ASCENSION OUTREACH, INC","12 W 11th St, New York, NY, 10011, USA",NY,10011,"SAT(2ND,4TH)",8:30-9:30AM,,,closed,,,,,closed,,,,,closed,,,,,closed,,,,,closed,,,,,open,08:30 AM,09:00 AM,,,closed,,,,,,,,,,,,,,,,,,,,,,,,,,,,,,,,,,,,,,,,1652213735225,1732093221565,0158321a-10e2-42ba-aac1-e4dfc3c291d0,40.734195062301,-73.995719092896,100,New York County,Open,FP,,,,,,,,,,,,,,,,,,,,,,,,,,,,
217,FP,,ASIAN AMERICANS FOR EQUALITY (FP),"1 Pike St, New York, New York, 10002",NY,10002,,,,,,,,,,,,,,,,,,,,,,,,,,,,,,,,,,,,,,,,,,,,,,,,,,,,,,,,,,,,,,,,,,,,,,,,,,,1652213735225,1730624432568,97ad5bf4-c54d-4398-b506-334748de914c,40.714241774154,-73.992397931401,100,New York County,Inactive,FP,,,,,,,,,,,,,,,,,,,,,,,,,,,,
218,FP,,ASIAN AMERICANS FOR EQUALITY RESIDENTAL PANTRY,"111 Norfolk St, New York, New York, 10002",NY,10002,,,,,,,,,,,,,,,,,,,,,,,,,,,,,,,,,,,,,,,,,,,,,,,,,,,,,,,,,,,,,,,,,,,,,,,,,,,1652213735225,1719475247741,aeb3112e-1e23-473e-84dd-54de3f40e9b8,40.71909233961213,-73.98715689498333,100,New York County,Permanently Closed,FP,,,,,,,,,,,,,,,,,,,,,,,,,,,,
219,FP,,BETHEL AME CHURCH,"54-60 W 132nd St, New York, New York, 100373",NY,10037,,,,,closed,,,,,closed,,,,,closed,,,,,open,09:30 AM,11:30 AM,,,closed,,,,,closed,,,,,closed,,,,,,,,,,,,,,,,,,,,,,,,,,,,,,,,,,,,,,,,1652213735225,1719475247741,367602a1-4db1-4e9d-ac70-d5110dea9e47,40.81158417868946,-73.94092573952658,97.5,New York County,Open,FP,,,,,,,,,,,,,,,,,,,,,,,,,,,,
220,FP,,CABRINI IMMIGRANT SERVICES OF NEW YORK CITY INC,"630 Isham St, New York, New York, 10034",NY,10034,,,,,closed,,,,,closed,,,,,closed,,,,,closed,,,,,closed,,,,,open,07:00 AM,10:00 AM,,,closed,,,,,,,,,,,,,,,,,,,,,,,,,,,,,,,,,,,,,,,,1652213735225,1762592415548,c433a047-07cd-401e-990c-7cfb80568c37,40.869597960668,-73.920903901533,100,New York County,Open,FP,,,,,,,,,,,,,,,,,,,,,,,,,,,,
221,FP,,CATHOLIC CHARITIES WASHINGTON HEIGHTS FOOD PANTRY (FP),"665 W 182nd St, New York, New York, 10033",NY,10033,THUR,10AM-4PM,,,closed,,,,,closed,,,,,closed,,,,,open,10:00 AM,12:00 PM,,,closed,,,,,closed,,,,,closed,,,,,,,,,,,,,,,,,,,,,,,,,,,,,,,,,,,,,,,,1652213735225,1707987616002,83b19c20-1959-4f22-9129-4ec765d738b9,40.850749700726,-73.935055236302,100,New York County,Open,FP,,,,,,,,,,,,,,,,,,,,,,,,,,,,
222,FP,,CCCS - KENNEDY CENTER FOOD PANTRY,"34 W 134th St, New York, New York, 10037",NY,10037,WED,10AM-1PM,,,closed,,,,,closed,,,,,open,10:00 AM,01:00 PM,,,closed,,,,,closed,,,,,closed,,,,,closed,,,,,,,,,,,,,,,,,,,,,,,,,,,,,,,,,,,,,,,,1652213735225,1684807282066,d9b5ff72-55b9-438c-aad3-30697a671442,40.8127169407963,-73.939904586384,100,New York County,Open,FP,,,,,,,,,,,,,,,,,,,,,,,,,,,,
223,FP,,CHRIST & ST. STEPHEN'S FOOD PROGRAM,"120 W 69th St, New York, New York, 10023",NY,10023,,,,,,,,,,,,,,,,,,,,,,,,,,,,,,,,,,,,,,,,,,,,,,,,,,,,,,,,,,,,,,,,,,,,,,,,,,,1652213735225,1719475247741,d506d5c0-6c87-48e6-98ed-7f6dff108415,40.775706563506134,-73.981034752904,100,New York County,Inactive,FP,,,,,,,,,,,,,,,,,,,,,,,,,,,,
224,FP,,CHURCH OF NOTRE DAME,"405 W 114th St, New York, New York, 10025",NY,10025,,,,,,,,,,,,,,,,,,,,,,,,,,,,,,,,,,,,,,,,,,,,,,,,,,,,,,,,,,,,,,,,,,,,,,,,,,,1652213735225,1733475622849,98958257-3834-4efc-a577-678d6e3c57bc,40.805120841044,-73.960798743163,100,New York County,Permanently Closed,FP,,,,,,,,,,,,,,,,,,,,,,,,,,,,
225,FP,,COMMUNITY IMPACT (FP),"616 W 114th St, New York, New York, 10025",NY,10025,"MON,WED,THUR",11AM-2PM,,,open,11:00 AM,02:00 PM,,,closed,,,,,open,11:00 AM,02:00 PM,,,open,11:00 AM,02:00 PM,,,closed,,,,,closed,,,,,closed,,,,,,,,,,,,,,,,,,,,,,,,,,,,,,,,,,,,,,,,1652213735225,1749888026807,7f472ba5-ac25-4007-81e7-f9f95a28a892,40.807022569146,-73.96583978737,100,New York County,Open,FP,,,,,,,,,,,,,,,,,,,,,,,,,,,,
226,FP,,COMMUNITY LEAGUE OF THE HEIGHTS (FP),"508 W 159th St, New York, NY, 10032, USA",NY,10032,,,,,closed,,,,,closed,,,,,open,09:00 AM,01:00 PM,,,closed,,,,,closed,,,,,open,09:00 AM,01:00 PM,,,closed,,,,,,,,,,,,,,,,,,,,,,,,,,,,,,,,,,,,,,,,1652213735225,1718179217029,5eef553a-b7b2-4a1e-88f3-876d993b5936,40.834302814135,-73.941841895665,100,New York County,Open,FP,,,,,,,,,,,,,,,,,,,,,,,,,,,,
227,FP,,CONSULAT GENERAL DU SENEGAL A NEW YORK,"115 W 116th St, New York, New York, 10026",NY,10026,,,,,,,,,,,,,,,,,,,,,,,,,,,,,,,,,,,,,,,,,,,,,,,,,,,,,,,,,,,,,,,,,,,,,,,,,,,1652213735225,1719475247741,c9486837-bcca-4a93-bf5d-849fdf615e92,40.80249990373966,-73.9503821329914,100,New York County,Permanently Closed,FP,,,,,,,,,,,,,,,,,,,,,,,,,,,,
228,FP,,DEPARTMENT OF PROBATION MANHATTAN OFFICE,"127 W 127th St, New York, NY, 10027, USA",NY,10027,,,,,,,,,,,,,,,,,,,,,,,,,,,,,,,,,,,,,,,,,,,,,,,,,,,,,,,,,,,,,,,,,,,,,,,,,,,1652213735225,1740214834100,2ae873a4-8523-48f1-b7c6-c0de4c3286b0,40.809546024916,-73.945386518699,100,New York County,Inactive,FP,,,,,,,,,,,,,,,,,,,,,,,,,,,,
229,FP,,DEWITT REFORMED CHURCH,"280 Rivington St, New York, New York, 10002",NY,10002,"THUR, SAT",3-5PM/10AM-12PM,,,closed,,,,,closed,,,,,closed,,,,,closed,,,,,closed,,,,,open,10:00 AM,12:00 PM,,,closed,,,,,,,,,,,,,,,,,,,,,,,,,,,,,,,,,,,,,,,,1652213735225,1733907620916,1b72b75c-4507-40e1-85f8-4f25f2e12f54,40.717523414976,-73.979588958425,100,New York County,Open,FP,,,,,,,,,,,,,,,,,,,,,,,,,,,,
230,FP,,FAMILY INTEGRATION MINISTRY FOOD PANTRY,"1875 Amsterdam Ave, New York, New York, 10031",NY,10031,THUR,8-11AM,,,closed,,,,,closed,,,,,closed,,,,,closed,,,,,closed,,,,,open,08:00 AM,10:30 AM,,,closed,,,,,,,,,,,,,,,,,,,,,,,,,,,,,,,,,,,,,,,,1652213735225,1758096016739,cc619d45-be6e-4670-b15e-08e61e198a89,40.830016979403,-73.943894456115,100,New York County,Open,FP,,,,,,,,,,,,,,,,,,,,,,,,,,,,
231,FP,,FATHER CREAVIN'S FOOD PANTRY,"276 W 151st St, New York, New York, 10039",NY,10039,TUE,9-11AM,,,closed,,,,,open,09:00 AM,11:00 AM,,,closed,,,,,closed,,,,,closed,,,,,closed,,,,,closed,,,,,,,,,,,,,,,,,,,,,,,,,,,,,,,,,,,,,,,,1652213735225,1684807282066,8d25ee30-4cc7-4ca4-8af6-70f9c13b5c3c,40.8259344477327,-73.9377593220853,100,New York County,Open,FP,,,,,,,,,,,,,,,,,,,,,,,,,,,,
232,FP,,FRIENDLY HANDS MINISTRY INC,"115 E 125th St, New York, NY, 10035, USA",NY,10035,,,,,closed,,,,,closed,,,,,open,10:00 AM,12:00 PM,,,open,10:00 AM,12:00 PM,,,closed,,,,,closed,,,,,closed,,,,,,,,,,,,,,,,,,,,,,,,,,,,,,,,,,,,,,,,1652213735225,1775030427472,eed195ea-2ca5-49bc-bfed-7c46e7027dbd,40.804824331219,-73.937924864673,100,New York County,Open,FP,,,,,,,,,,,,,,,,,,,,,,,,,,,,
233,FP,,GOOD SHEPHERD FOOD PANTRY,"630 Isham St, New York, New York, 10034",NY,10034,,,,,,,,,,,,,,,,,,,,,,,,,,,,,,,,,,,,,,,,,,,,,,,,,,,,,,,,,,,,,,,,,,,,,,,,,,,1652213735225,1719475247741,4f5f306b-d69d-4a5e-a083-f944bfabcebf,40.86959800257793,-73.92090390153271,100,New York County,Inactive,FP,,,,,,,,,,,,,,,,,,,,,,,,,,,,
234,FP,,GUTTMAN COMMUNITY COLLEGE CAMPUS PANTRY,"50 W 40th St, New York, New York, 10018",NY,10018,,,,,,,,,,,,,,,,,,,,,,,,,,,,,,,,,,,,,,,,,,,,,,,,,,,,,,,,,,,,,,,,,,,,,,,,,,,1652213735225,1725004825566,97944553-4f85-45df-a1fe-788ed5f5f972,40.752996467405,-73.983963892788,100,New York County,Inactive,FP,,,,,,,,,,,,,,,,,,,,,,,,,,,,
235,FP,,REDEMPTION CHURCH (AT PS 676 | RED HOOK NEIGHBORHOOD SCHOOL),"27 Huntington St, Brooklyn, New York, 11231",BK,11231,,,,,,,,,,,,,,,,,,,,,,,,,,,,,,,,,,,,,,,,,,,,,,,,,,,,,,,,,,,,,,,,,,,,,,,,,,,1652213735225,1719475247741,9737a4da-df1c-4338-805f-e81590f1d9b5,40.677651791217585,-74.0051147872606,100,Kings County,Permanently Closed,FP,,,,,,,,,,,,,,,,,,,,,,,,,,,,
236,FP,,RISEBORO WELLNESS RISING,"518 Bushwick Ave, Brooklyn, New York, 11206",BK,11206,,,,,,,,,,,,,,,,,,,,,,,,,,,,,,,,,,,,,,,,,,,,,,,,,,,,,,,,,,,,,,,,,,,,,,,,,,,1652213735225,1719475247741,e6f67a61-134f-477e-b659-3995028f2c3e,40.700054884565226,-73.93616162526685,100,Kings County,Permanently Closed,FP,,,,,,,,,,,,,,,,,,,,,,,,,,,,
237,FP,,SAGE CENTER BROOKLYN,"271 Myrtle Ave, Brooklyn, NY, 11201, USA",BK,11201,,,,,,,,,,,,,,,,,,,,,,,,,,,,,,,,,,,,,,,,,,,,,,,,,,,,,,,,,,,,,,,,,,,,,,,,,,,1652213735225,1719475247741,6faa0d02-1c36-4e5c-882c-9734c4ab2396,40.693490602092304,-73.97800094640559,100,Kings County,Permanently Closed,FP,,,,,,,,,,,,,,,,,,,,,,,,,,,,
238,FP,,SALT & SEA MISSION CHURCH INC.,"2417 Stillwell Ave, Brooklyn, New York, 11223",BK,11223,"TUE,THUR,SUN",11AM-1PM,,,closed,,,,,open,10:30 AM,12:45 PM,,,closed,,,,,open,10:30 AM,12:45 PM,,,closed,,,,,closed,,,,,open,10:30 AM,10:45 PM,,,,,,,,,,,,,,,,,,,,,,,,,,,,,,,,,,,,,,1652213735225,1708592416505,3fff167a-239e-4d15-b1d8-327d77257933,40.588551112725,-73.983510348007,100,Kings County,Open,FP,,,,,,,,,,,,,,,,,,,,,,,,,,,,
239,FP,,SALVATION ARMY - BAY RIDGE CORPS,"252 86th St, Brooklyn, New York, 11209",BK,11209,,,,,,,,,,,,,,,,,,,,,,,,,,,,,,,,,,,,,,,,,,,,,,,,,,,,,,,,,,,,,,,,,,,,,,,,,,,1652213735225,1719475247741,62977878-547a-4871-a6f3-db0d1a38ebc1,40.62350465479469,-74.03207165842507,100,Kings County,Permanently Closed,FP,,,,,,,,,,,,,,,,,,,,,,,,,,,,
240,FP,,SALVATION CHURCH OF GOD FOOD PANTRY MINISTRY,"5601 Avenue N, Brooklyn, New York, 11234",BK,11234,,,,,,,,,,,,,,,,,,,,,,,,,,,,,,,,,,,,,,,,,,,,,,,,,,,,,,,,,,,,,,,,,,,,,,,,,,,1652213735225,1694678416514,5d769188-d729-4aba-876c-a74a7288d315,40.619454854456,-73.92087900728,100,Kings County,Permanently Closed,FP,,,,,,,,,,,,,,,,,,,,,,,,,,,,
241,FP,,"SANCTIFIED CHURCH OF GOD, INC/COMMUNITY FEEDING PROGRAM","404 Lefferts Ave, Brooklyn, New York, 11225",BK,11225,SAT,12-1PM,,,closed,,,,,closed,,,,,closed,,,,,closed,,,,,closed,,,,,open,12:00 PM,01:00 PM,,,closed,,,,,,,,,,,,,,,,,,,,,,,,,,,,,,,,,,,,,,,,1652213735225,1684807282066,57244c48-e518-4ab6-8c88-928a1393a71a,40.6623559494793,-73.9480946277958,100,Kings County,Open,FP,,,,,,,,,,,,,,,,,,,,,,,,,,,,
242,FP,,"SECOND ST. PAUL CHURCH OF CHRIST, DISCIPLE OF CHRIST, INC","1048 Sutter Ave, Brooklyn, New York, 11208",BK,11208,"SAT(2,4)",8-10AM,,,closed,,,,,closed,,,,,closed,,,,,closed,,,,,closed,,,,,open,08:00 AM,10:00 AM,,,closed,,,,,,,,,,,,,,,,,,,,,,,,,,,,,,,,,,,,,,,,1652213735225,1684807282066,5d573904-2505-447d-b51a-f1f64b27d531,40.6715179144738,-73.8800018904172,100,Kings County,Open,FP,,,,,,,,,,,,,,,,,,,,,,,,,,,,
243,FP,,SHILOH SEVENTH DAY ADVENTIST,"449 Eastern Pkwy, Brooklyn, New York, 11216",BK,11216,,,,,,,,,,,,,,,,,,,,,,,,,,,,,,,,,,,,,,,,,,,,,,,,,,,,,,,,,,,,,,,,,,,,,,,,,,,1652213735225,1694678416514,f6748879-baab-4ac9-8e1b-6e275271b145,40.67041883742,-73.953548313097,100,Kings County,Inactive,FP,,,,,,,,,,,,,,,,,,,,,,,,,,,,
244,FP,,SILOAM PRESBYTERIAN CHURCH FOOD PANTRY,"260 Jefferson Ave, Brooklyn, NY, 11216, USA",BK,11216,WED,10AM-12PM,,,closed,,,,,closed,,,,,open,10:00 AM,12:00 PM,,,closed,,,,,closed,,,,,closed,,,,,closed,,,,,,,,,,,,,,,,,,,,,,,,,,,,,,,,,,,,,,,,1652213735225,1719475247741,2269a302-1a7e-4b49-8348-8913af43f9f3,40.68347889030514,-73.94730614216407,100,Kings County,Open,FP,,,,,,,,,,,,,,,,,,,,,,,,,,,,
245,FP,,SISTERS WITH PURPOSE INC,"1540 Van Siclen Ave, Brooklyn, New York, 11239",BK,11239,SAT,9-10AM,,,closed,,,,,closed,,,,,closed,,,,,closed,,,,,closed,,,,,open,09:00 AM,10:00 AM,,,closed,,,,,,,,,,,,,,,,,,,,,,,,,,,,,,,,,,,,,,,,1652213735225,1684807282066,9c09d8d4-6285-4b83-be48-a1fac111d449,40.6474756825005,-73.8775423047494,100,Kings County,Open,FP,,,,,,,,,,,,,,,,,,,,,,,,,,,,
246,FP,,SOC. SVDP @ ST. CATHERINE,"520 Linden Blvd, Brooklyn, New York, 11203",BK,11203,,,,,,,,,,,,,,,,,,,,,,,,,,,,,,,,,,,,,,,,,,,,,,,,,,,,,,,,,,,,,,,,,,,,,,,,,,,1652213735225,1719475247741,fdf6102f-b914-4c3f-be33-b34da52f25bb,40.653038039176266,-73.93974750951853,100,Kings County,Inactive,FP,,,,,,,,,,,,,,,,,,,,,,,,,,,,
247,FP,,SOLID ROCK BAPTIST CHURCH,"120 Tompkins Ave, Brooklyn, New York, 11206",BK,11206,"MON,THUR",9AM-12PM,,,open,09:00 AM,12:00 PM,,,closed,,,,,closed,,,,,open,09:00 AM,12:00 PM,,,closed,,,,,closed,,,,,closed,,,,,,,,,,,,,,,,,,,,,,,,,,,,,,,,,,,,,,,,1652213735225,1684807282066,ee961ab0-33c9-43db-897a-e00a27888bd2,40.69514955892,-73.9464071830485,100,Kings County,Open,FP,,,,,,,,,,,,,,,,,,,,,,,,,,,,
248,FP,,SOUTH BKLYN SEVENTH DAY ADVENTIST CHURCH COMMUNITY SERVICE PROGRAM,"42 Prospect Pl, Brooklyn, New York, 11217",BK,11217,"SUN(1,3)",11AM-2PM,,,closed,,,,,closed,,,,,closed,,,,,closed,,,,,closed,,,,,closed,,,,,open,11:00 AM,02:00 PM,,,,,,,,,,,,,,,,,,,,,,,,,,,,,,,,,,,,,,1652213735225,1719475247741,d6a82fc1-22a8-4fe0-98c5-b681efd8e249,40.67969697559238,-73.97655579912316,100,Kings County,Open,FP,,,,,,,,,,,,,,,,,,,,,,,,,,,,
249,FP,,"SOUTHSIDE UNITED H.D.F.C., INC - LOS SURES","145 S 3rd St, Brooklyn, New York, 11211",BK,11211,TUE,9AM-12PM,,,closed,,,,,open,09:00 AM,12:00 PM,,,closed,,,,,closed,,,,,closed,,,,,closed,,,,,closed,,,,,,,,,,,,,,,,,,,,,,,,,,,,,,,,,,,,,,,,1652213735225,1684807282066,93de473f-5868-418c-b4ef-2f54734442b6,40.712454668578,-73.9615405415937,100,Kings County,Open,FP,,,,,,,,,,,,,,,,,,,,,,,,,,,,
250,FP,,ST LUCY OLD ROMAN CATHOLIC CHURCH,"82 Kent Ave, Brooklyn, New York, 11249",BK,11249,,,,,,,,,,,,,,,,,,,,,,,,,,,,,,,,,,,,,,,,,,,,,,,,,,,,,,,,,,,,,,,,,,,,,,,,,,,1652213735225,1719475247741,b2e94ea9-8671-4eb1-b97e-4c3fea0339c1,40.72163433501302,-73.9603659705284,100,Kings County,Permanently Closed,FP,,,,,,,,,,,,,,,,,,,,,,,,,,,,
251,FP,,ST. AUGUSTINE'S AMERICAN CATHOLIC CHURCH (FP),"298 Schenectady Ave, Brooklyn, New York, 11213",BK,11213,,,,,,,,,,,,,,,,,,,,,,,,,,,,,,,,,,,,,,,,,,,,,,,,,,,,,,,,,,,,,,,,,,,,,,,,,,,1652213735225,1716019227926,c92ecaa0-39cf-4d45-a79b-2e394050a3d2,40.668268124884,-73.93410229773,100,Kings County,Inactive,FP,,,,,,,,,,,,,,,,,,,,,,,,,,,,
252,FP,,ST. AUGUSTINE'S CHURCH,"47 Sterling Pl, Brooklyn, NY, 11217, USA",BK,11217,,,,,,,,,,,,,,,,,,,,,,,,,,,,,,,,,,,,,,,,,,,,,,,,,,,,,,,,,,,,,,,,,,,,,,,,,,,1652213735225,1709715617309,4139c3cc-b763-473c-86ee-2d4a9d8b2d14,40.67846380652,-73.977074689653,100,Kings County,Permanently Closed,FP,,,,,,,,,,,,,,,,,,,,,,,,,,,,
253,FP,,ST. CATHERINE/ST. VENCENT DE PAUL,"14 Linden Ave, Staten Island, NY, 10303, USA",SI,10303,,,,,,,,,,,,,,,,,,,,,,,,,,,,,,,,,,,,,,,,,,,,,,,,,,,,,,,,,,,,,,,,,,,,,,,,,,,1652213735225,1719475247741,86c12651-2bc4-42a1-ad2f-7a016578018c,40.63366687420461,-74.15565619904346,100,Richmond County,Permanently Closed,FP,,,,,,,,,,,,,,,,,,,,,,,,,,,,
254,FP,,ST. CECILIA'S FOOD PANTRY,"24 NORTH HENRY STREET, BK ",BK,11222,,,,,,,,,,,,,,,,,,,,,,,,,,,,,,,,,,,,,,,,,,,,,,,,,,,,,,,,,,,,,,,,,,,,,,,,,,,1652213735225,1705568415208,dec32ddb-c1ba-44d2-851b-32175542658a,40.719871186055,-73.942483278896,96,Kings County,Inactive,FP,,,,,,,,,,,,,,,,,,,,,,,,,,,,
255,FP,,ST. MARK'S UNITED METHODIST CHURCH (FP),"2017 Beverley Rd, Brooklyn, New York, 11226",BK,11226,"TUE,THUR",12-2PM,,,closed,,,,,closed,,,,,closed,,,,,open,12:00 PM,03:00 PM,,,closed,,,,,closed,,,,,closed,,,,,,,,,,,,,,,,,,,,,,,,,,,,,,,,,,,,,,,,1652213735225,1759910416576,3888eff0-7ab4-44c8-9997-58cc59976b16,40.645083948339,-73.959485801849,100,Kings County,Open,FP,,,,,,,,,,,,,,,,,,,,,,,,,,,,
256,FP,,ST. MATTHEW'S ROMAN CATHOLIC CHURCH,"1342 Lincoln Pl, Brooklyn, New York, 11213",BK,11213,,,,,,,,,,,,,,,,,,,,,,,,,,,,,,,,,,,,,,,,,,,,,,,,,,,,,,,,,,,,,,,,,,,,,,,,,,,1652213735225,1719475247741,a30dc938-683c-4d79-8b86-b204bf53bbf7,40.669698119475356,-73.93212584496109,100,Kings County,Permanently Closed,FP,,,,,,,,,,,,,,,,,,,,,,,,,,,,
257,FP,,ST. PAUL PENTECOSTAL CHURCH,"133 Thomas S Boyland St, Brooklyn, New York, 11233",BK,11233,SAT,11AM - 1PM,,,closed,,,,,closed,,,,,closed,,,,,closed,,,,,closed,,,,,open,11:00 AM,01:00 PM,,,closed,,,,,,,,,,,,,,,,,,,,,,,,,,,,,,,,,,,,,,,,1652213735225,1684807282066,eec214d4-100d-4c2c-b39c-0e3c129f3237,40.6803676954845,-73.9138246299298,100,Kings County,Open,FP,,,,,,,,,,,,,,,,,,,,,,,,,,,,
258,FP,,ST. PHILIP'S CHRISTIAN CHURCH,"765 Lafayette Ave, Brooklyn, New York, 11221",BK,11221,THUR,12-2PM,,,closed,,,,,closed,,,,,closed,,,,,open,12:00 PM,02:00 PM,,,closed,,,,,closed,,,,,closed,,,,,,,,,,,,,,,,,,,,,,,,,,,,,,,,,,,,,,,,1652213735225,1684807282066,935a2205-47bd-4c43-91f0-98cb0a8913cd,40.6910985012963,-73.9421528642728,100,Kings County,Open,FP,,,,,,,,,,,,,,,,,,,,,,,,,,,,
259,FP,,ST. PHILIP'S EPISCOPAL/ST. BENEDICT'S PANTRY,"265 Decatur St, Brooklyn, New York, 11233",BK,11233,,,,,,,,,,,,,,,,,,,,,,,,,,,,,,,,,,,,,,,,,,,,,,,,,,,,,,,,,,,,,,,,,,,,,,,,,,,1652213735225,1754380815542,29af8f7a-234c-46b8-bcab-f20b3f3814c8,40.681609935445,-73.933229071057,100,Kings County,Inactive,FP,,,,,,,,,,,,,,,,,,,,,,,,,,,,
260,FP,,ST. TERESA OF AVILA,"560 Sterling Pl, Brooklyn, New York, 11238",BK,11238,,,,,,,,,,,,,,,,,,,,,,,,,,,,,,,,,,,,,,,,,,,,,,,,,,,,,,,,,,,,,,,,,,,,,,,,,,,1652213735225,1740819619525,135f6fb1-1da8-496b-b59c-741777cb670e,40.673769461305,-73.959884361345,100,Kings County,Permanently Closed,FP,,,,,,,,,,,,,,,,,,,,,,,,,,,,
261,FP,,ST. THERESE OF LISIEUX R.C. CHURCH,"4410 Avenue D, Brooklyn, New York, 11203",BK,11203,TUE,10:30AM-12:30PM,,,closed,,,,,open,10:30 AM,12:30 PM,,,closed,,,,,closed,,,,,closed,,,,,closed,,,,,closed,,,,,,,,,,,,,,,,,,,,,,,,,,,,,,,,,,,,,,,,1652213735225,1684807282066,d74dc79f-b77a-45b9-864e-ba32a0019a65,40.641689612829,-73.9344359812953,100,Kings County,Open,FP,,,,,,,,,,,,,,,,,,,,,,,,,,,,
262,FP,,STUYVESANT HEIGHTS CHRISTIAN CHURCH,"69 Macdonough St, Brooklyn, NY, 11216, USA",BK,11216,,,,,,,,,,,,,,,,,,,,,,,,,,,,,,,,,,,,,,,,,,,,,,,,,,,,,,,,,,,,,,,,,,,,,,,,,,,1652213735225,1719475247741,7a17b156-21f8-4e0b-a62a-ef47e63c99ef,40.68106395019369,-73.94368595842008,100,Kings County,Inactive,FP,,,,,,,,,,,,,,,,,,,,,,,,,,,,
263,FP,,TEEN CHALLENGE,"416 Clinton Ave, Brooklyn, New York, 11238",BK,11238,,,,,,,,,,,,,,,,,,,,,,,,,,,,,,,,,,,,,,,,,,,,,,,,,,,,,,,,,,,,,,,,,,,,,,,,,,,1652213735225,1730275225099,9bd3babb-9f22-41ed-9338-f56324310892,40.685780644736,-73.967592359505,100,Kings County,Permanently Closed,FP,,,,,,,,,,,,,,,,,,,,,,,,,,,,
264,FP,,THE CAMPAIGN AGAINST HUNGER,"2004 Fulton St, Brooklyn, New York, 11233",BK,11233,,,,,,,,,,,,,,,,,,,,,,,,,,,,,,,,,,,,,,,,,,,,,,,,,,,,,,,,,,,,,,,,,,,,,,,,,,,1652213735225,1689840015185,1553824d-a48b-4b4c-bed7-76925d0ac815,40.678560850526,-73.918113063051,100,Kings County,Inactive,FP,,,,,,,,,,,,,,,,,,,,,,,,,,,,
265,FP,,THE CHURCH OF ST. MARK (FP),"1417 Union St, Brooklyn, NY, 11213, USA",BK,11213,,,,,closed,,,,,closed,,,,,closed,,,,,closed,,,,,open,11:30 AM,01:30 PM,,,closed,,,,,closed,,,,,,,,,,,,,,,,,,,,,,,,,,,,,,,,,,,,,,,,1652213735225,1736240420271,863e89bc-1f67-4aff-ae74-8240dcbcd5b0,40.668743462613,-73.944656287294,100,Kings County,Open,FP,,,,,,,,,,,,,,,,,,,,,,,,,,,,
266,FP,,THE CITY OF GRACE INC,"3402 Tilden Ave, Brooklyn, NY, 11203, USA",BK,11203,TUE,11AM-1PM,,,closed,,,,,open,11:00 AM,01:00 PM,,,closed,,,,,closed,,,,,closed,,,,,closed,,,,,closed,,,,,,,,,,,,,,,,,,,,,,,,,,,,,,,,,,,,,,,,1652213735225,1714550416134,4b11b251-4ce4-44ab-a46e-671fefb8b116,40.646948335062,-73.945096169573,100,Kings County,Open,FP,,,,,,,,,,,,,,,,,,,,,,,,,,,,
267,FP,,"THE GOSPEL TABERNACLE CHURCH OF JESUS CHRIST, INC","2314 Snyder Ave, Brooklyn, New York, 11226",BK,11226,,,,,,,,,,,,,,,,,,,,,,,,,,,,,,,,,,,,,,,,,,,,,,,,,,,,,,,,,,,,,,,,,,,,,,,,,,,1652213735225,1719475247741,41fb7770-57d3-4300-8a5c-86eac87baa08,40.648579662967734,-73.95512318888451,100,Kings County,Inactive,FP,,,,,,,,,,,,,,,,,,,,,,,,,,,,
268,FP,,THE LIVING GALLERY,1094 BROADWAY,BK,11221,,,,,,,,,,,,,,,,,,,,,,,,,,,,,,,,,,,,,,,,,,,,,,,,,,,,,,,,,,,,,,,,,,,,,,,,,,,1652213735225,1719475247741,565638dc-2196-4840-87e5-7b90fcc93186,40.69421489289692,-73.930599919488,100,Kings County,Permanently Closed,FP,,,,,,,,,,,,,,,,,,,,,,,,,,,,
269,FP,,THE SALVATION ARMY BEDFORD TEMPLE CORPS,"601 Lafayette Ave, Brooklyn, New York, 11216",BK,11216,WED,10AM-2PM,,,closed,,,,,closed,,,,,open,10:00 AM,12:00 PM,,,closed,,,,,closed,,,,,closed,,,,,closed,,,,,,,,,,,,,,,,,,,,,,,,,,,,,,,,,,,,,,,,1652213735225,1744358421760,3e1cf333-7ae2-4fe9-b387-5a51d6ed9fec,40.690101893009,-73.950436699181,100,Kings County,Open,FP,,,,,,,,,,,,,,,,,,,,,,,,,,,,
270,FP,,THE SALVATION ARMY BROWNSVILLE CORPS,"280 Riverdale Ave, Brooklyn, New York, 11212",BK,11212,,,,,,,,,,,,,,,,,,,,,,,,,,,,,,,,,,,,,,,,,,,,,,,,,,,,,,,,,,,,,,,,,,,,,,,,,,,1652213735225,1719475247741,8a7d98c7-8a14-4759-b798-9089e36ccf31,40.661205449449454,-73.90646355874206,100,Kings County,Inactive,FP,,,,,,,,,,,,,,,,,,,,,,,,,,,,
271,FP,,THE TABLE AT THE FAMILY SUPPORT CENTER AT NYU LANGONE (FP),"550 59th St, Brooklyn, NY, 11220, USA",BK,11220,FRI,10AM-12PM,,,closed,,,,,closed,,,,,closed,,,,,closed,,,,,open,09:00 AM,12:00 PM,,,closed,,,,,closed,,,,,,,,,,,,,,,,,,,,,,,,,,,,,,,,,,,,,,,,1652213735225,1721721621606,a1838193-3c20-4fe7-993b-6b8ada41dc34,40.639194320254,-74.01449271199,100,Kings County,Open,FP,,,,,,,,,,,,,,,,,,,,,,,,,,,,
272,FP,,THE TEMPLE OF RESTORATION TTOR FOOD PANTRY (FP),"490 Pacific St, Brooklyn, New York, 11217",BK,11217,,,,,closed,,,,,open,10:00 AM,04:00 PM,,,closed,,,,,open,10:00 AM,04:00 PM,,,closed,,,,,open,10:00 AM,01:00 PM,,,closed,,,,,,,,,,,,,,,,,,,,,,,,,,,,,,,,,,,,,,,,1652213735225,1702371614575,3b1e28d0-6611-4a8c-a8c5-60726de05f70,40.684752101397,-73.981575804754,100,Kings County,Open,FP,,,,,,,,,,,,,,,,,,,,,,,,,,,,
273,FP,,TRANSFIGURATION CHURCH (FP),"280 Marcy Ave, Brooklyn, New York, 11211",BK,11211,MON-THUR,9AM-12PM,,,closed,,,,,open,09:00 AM,12:00 PM,,,open,09:00 AM,12:00 PM,,,closed,,,,,closed,,,,,closed,,,,,closed,,,,,,,,,,,,,,,,,,,,,,,,,,,,,,,,,,,,,,,,1652213735225,1722585625578,b62f7a5e-6da3-4ad1-9b70-aa15c80a5841,40.704949722022,-73.955957942622,100,Kings County,Open,FP,,,,,,,,,,,,,,,,,,,,,,,,,,,,
274,FP,,TREASURES IN EARTHEN JARS FOOD PANTRY (FP),"4124 Avenue H, Brooklyn, New York, 11210",BK,11210,,,,,closed,,,,,closed,,,,,closed,,,,,closed,,,,,closed,,,,,open,01:00 PM,03:00 PM,,,closed,,,,,,,,,,,,,,,,,,,,,,,,,,,,,,,,,,,,,,,,1652213735225,1704877215636,65515800-3914-4750-9bb5-66788d5d7679,40.632240400013,-73.936284274764,100,Kings County,Open,FP,,,,,,,,,,,,,,,,,,,,,,,,,,,,
275,FP,,TRINITY HUMAN SERVICE CORPORATION,"153 Johnson Ave, Brooklyn, NY, 11206, USA",BK,11206,TUE-FRI,9AM-12PM&1-4PM,,,closed,,,,,open,09:00 AM,12:00 PM,01:00 PM,04:00 PM,open,09:00 AM,12:00 PM,01:00 PM,04:00 PM,open,09:00 AM,12:00 PM,01:00 PM,04:00 PM,open,09:00 AM,12:00 PM,01:00 PM,04:00 PM,closed,,,,,closed,,,,,,,,,,,,,,,,,,,,,,,,,,,,,,,,,,,,,,,,1652213735225,1684807282066,7dbb93ef-be35-4e93-b3f5-4cf9e645b351,40.7066049802613,-73.9441259642803,100,Kings County,Open,FP,,,,,,,,,,,,,,,,,,,,,,,,,,,,
276,FP,,TRIUMPHANT FULL GOSPEL ASSEMBLY,"889 Rutland Rd, Brooklyn, New York, 11203",BK,11203,THUR,2-4PM,,,closed,,,,,closed,,,,,closed,,,,,open,02:00 PM,04:00 PM,,,closed,,,,,closed,,,,,closed,,,,,,,,,,,,,,,,,,,,,,,,,,,,,,,,,,,,,,,,1652213735225,1684807282066,cf4dff97-6772-4e87-bbed-e87158ba3adb,40.6607879049428,-73.9299019584106,100,Kings County,Open,FP,,,,,,,,,,,,,,,,,,,,,,,,,,,,
277,FP,,TRUE HOLY CHURCH OF GOD IN CHRIST JESUS,"2364 Atlantic Ave, Brooklyn, New York, 11233",BK,11233,SAT,10AM-12PM,,,closed,,,,,closed,,,,,closed,,,,,closed,,,,,closed,,,,,open,10:00 AM,12:00 PM,,,closed,,,,,,,,,,,,,,,,,,,,,,,,,,,,,,,,,,,,,,,,1652213735225,1684807282066,d04519f8-c707-49ab-89dd-79bb2c1b630a,40.6759456548262,-73.90674854345,100,Kings County,Open,FP,,,,,,,,,,,,,,,,,,,,,,,,,,,,
278,FP,,"UJIMA COMMUNITY WORKING TOGETHER, INC.","1139 Bushwick Ave, Brooklyn, New York, 11221",BK,11221,,,,,,,,,,,,,,,,,,,,,,,,,,,,,,,,,,,,,,,,,,,,,,,,,,,,,,,,,,,,,,,,,,,,,,,,,,,1652213735225,1719475247741,26173c49-8f2e-4a5c-acbe-fb7c6c424709,40.68963271597849,-73.91796696647907,100,Kings County,Permanently Closed,FP,,,,,,,,,,,,,,,,,,,,,,,,,,,,
279,FP,,URBAN STRATEGIES INC,"61 Riverdale Ave, Brooklyn, New York, 11212",BK,11212,TUE,8-10AM,,,closed,,,,,open,08:00 AM,10:00 AM,,,closed,,,,,closed,,,,,closed,,,,,closed,,,,,closed,,,,,,,,,,,,,,,,,,,,,,,,,,,,,,,,,,,,,,,,1652213735225,1684807282066,43ea1efc-5b8b-47cd-bf4b-4aa02f6b653d,40.6602629882564,-73.9144207508836,100,Kings County,Open,FP,,,,,,,,,,,,,,,,,,,,,,,,,,,,
280,FP,,VOCES CIUDADANAS,"475 41st St, Brooklyn, New York, 11232",BK,11232,,,,,,,,,,,,,,,,,,,,,,,,,,,,,,,,,,,,,,,,,,,,,,,,,,,,,,,,,,,,,,,,,,,,,,,,,,,1652213735225,1719475247741,ed01d0e5-81f4-4f6e-932a-626c70beef97,40.65036903165765,-74.00523607339954,100,Kings County,Permanently Closed,FP,,,,,,,,,,,,,,,,,,,,,,,,,,,,
281,FP,,WARBASSE JEWISH HERITAGE,"2790 W 5th St, Brooklyn, New York, 11224",BK,11224,,,,,,,,,,,,,,,,,,,,,,,,,,,,,,,,,,,,,,,,,,,,,,,,,,,,,,,,,,,,,,,,,,,,,,,,,,,1652213735225,1719475247741,15cde11a-839d-4e7f-961f-7a888c1bdcda,40.581172104264226,-73.97195195498502,100,Kings County,Permanently Closed,FP,,,,,,,,,,,,,,,,,,,,,,,,,,,,
282,FP,,WE CREATE COMMUNITY INC.                        ,"8501 New Utrecht Ave, Brooklyn, New York, 11214",BK,11214,,,,,,,,,,,,,,,,,,,,,,,,,,,,,,,,,,,,,,,,,,,,,,,,,,,,,,,,,,,,,,,,,,,,,,,,,,,1652213735225,1719475247741,187e0a33-75aa-48f1-ab78-a9b2367a95d7,40.607235925554875,-74.0014871833853,100,Kings County,Permanently Closed,FP,,,,,,,,,,,,,,,,,,,,,,,,,,,,
283,FP,,WIADCA CARES (FP),"1561 Bedford Ave, Brooklyn, New York, 11225",BK,11225,,,,,closed,,,,,closed,,,,,open,10:00 AM,03:00 PM,,,closed,,,,,closed,,,,,closed,,,,,closed,,,,,,,,,,,,,,,,,,,,,,,,,,,,,,,,,,,,,,,,1652213735225,1721289623300,205a800f-cc5b-499b-9acb-d941e418937a,40.668719658008,-73.955600286813,100,Kings County,Open,FP,,,,,,,,,,,,,,,,,,,,,,,,,,,,
284,FP,,WOMEN’S EMPOWERMENT COALITION OF NYC,"437 77th St, Brooklyn, New York, 11209",BK,11209,,,,,,,,,,,,,,,,,,,,,,,,,,,,,,,,,,,,,,,,,,,,,,,,,,,,,,,,,,,,,,,,,,,,,,,,,,,1652213735225,1719475247741,5c5aa963-bd7d-4d2a-a338-3b2c0ec8d231,40.62889916385939,-74.02452811320524,100,Kings County,Permanently Closed,FP,,,,,,,,,,,,,,,,,,,,,,,,,,,,
285,FP,,WORLD FOR CHRIST FOOD SERVICES,"874 Clarkson Ave, Brooklyn, New York, 11212",BK,11203,"SAT(1,3)",10AM-12PM,,,closed,,,,,closed,,,,,closed,,,,,closed,,,,,closed,,,,,open,10:00 AM,12:00 PM,,,closed,,,,,,,,,,,,,,,,,,,,,,,,,,,,,,,,,,,,,,,,1652213735225,1752652815057,cf370e2c-dd7f-4c20-98e6-04ea6cfe94e6,40.656627840668,-73.929183629308,99.49,Kings County,Open,FP,,,,,,,,,,,,,,,,,,,,,,,,,,,,
286,FP,,"ABRAHAM HOUSE, INC","340 Willis Ave, Bronx, New York, 10454",BX,10454,TUE,11AM-1PM,,,closed,,,,,closed,,,,,closed,,,,,closed,,,,,closed,,,,,open,09:00 AM,11:00 AM,,,closed,,,,,,,,,,,,,,,,,,,,,,,,,,,,,,,,,,,,,,,,1652213735225,1696579217260,e70f3b3c-ebb3-472a-98e4-031ee88412a8,40.811235607048,-73.92111621514,100,Bronx County,Open,FP,,,,,,,,,,,,,,,,,,,,,,,,,,,,
287,FP,,ABUNDANT GRACE FOR THE FORSAKEN FOOD PANTRY,"3101 Eastchester Rd, Bronx, New York, 10469",BX,10469,SAT,9-11AM,,,closed,,,,,closed,,,,,closed,,,,,closed,,,,,closed,,,,,open,09:00 AM,11:00 AM,,,closed,,,,,,,,,,,,,,,,,,,,,,,,,,,,,,,,,,,,,,,,1652213735225,1684807282066,3016e559-ce01-4dec-bfeb-28695c21d69e,40.8713646563102,-73.8438703556749,100,Bronx County,Open,FP,,,,,,,,,,,,,,,,,,,,,,,,,,,,
288,FP,,AGATHA HOUSE FOUNDATION,"4471 Mundy Ln, Bronx, New York, 10466",BX,10466,,,,,,,,,,,,,,,,,,,,,,,,,,,,,,,,,,,,,,,,,,,,,,,,,,,,,,,,,,,,,,,,,,,,,,,,,,,1652213735225,1719475247741,188c92eb-be2a-4c50-8d5c-12f590b00f47,40.90257789981672,-73.84109401788614,100,Bronx County,Permanently Closed,FP,,,,,,,,,,,,,,,,,,,,,,,,,,,,
289,FP,,ALJANED ISLAMIC CENTER,"984 Intervale Ave, Bronx, New York, 10459",BX,10459,,,,,,,,,,,,,,,,,,,,,,,,,,,,,,,,,,,,,,,,,,,,,,,,,,,,,,,,,,,,,,,,,,,,,,,,,,,1652213735225,1719475247741,6199034e-3920-429c-99a0-5495c7d5f7f6,40.82285531369172,-73.89667492075668,100,Bronx County,Permanently Closed,FP,,,,,,,,,,,,,,,,,,,,,,,,,,,,
290,FP,,ASH-SHIFAA INC FP,"2269 Crotona Ave, Bronx, New York, 10457",BX,10457,,,,,open,01:00 PM,05:00 PM,,,open,01:00 PM,05:00 PM,,,open,01:00 PM,05:00 PM,,,open,01:00 PM,05:00 PM,,,open,02:00 PM,05:00 PM,,,closed,,,,,closed,,,,,,,,,,,,,,,,,,,,,,,,,,,,,,,,,,,,,,,,1652213735225,1734426019492,9dbc844c-3af7-45be-b17e-ee89993f3eb7,40.851637931006,-73.885060368984,100,Bronx County,Open,FP,,,,,,,,,,,,,,,,,,,,,,,,,,,,
291,FP,,BELMONT ISLAMIC CENTER,"2481 Belmont Ave, Bronx, New York, 10458",BX,10458,,,,,,,,,,,,,,,,,,,,,,,,,,,,,,,,,,,,,,,,,,,,,,,,,,,,,,,,,,,,,,,,,,,,,,,,,,,1652213735225,1719475247741,f506a4f5-75be-40ac-a1ec-26f2fbb84eca,40.85688299073692,-73.88462551584682,100,Bronx County,Permanently Closed,FP,,,,,,,,,,,,,,,,,,,,,,,,,,,,
292,FP,,BETH-EL HOUSE OF YAHWEH,"3482 Park Ave, Bronx, New York, 10456",BX,10456,,,,,,,,,,,,,,,,,,,,,,,,,,,,,,,,,,,,,,,,,,,,,,,,,,,,,,,,,,,,,,,,,,,,,,,,,,,1652213735225,1706000415613,b2c055c3-fe33-4719-b997-beb4d9f1a32e,40.83091924937,-73.908385193864,100,Bronx County,Inactive,FP,,,,,,,,,,,,,,,,,,,,,,,,,,,,
293,FP,,BRIGHT TEMPLE A.M.E. CHURCH/PROJECT F.I.L.L.,"812 Faile St, Bronx, New York, 10474",BX,10474,"FRI (1,3)",10AM-12PM,,,closed,,,,,closed,,,,,closed,,,,,closed,,,,,open,10:00 AM,12:00 PM,,,closed,,,,,closed,,,,,,,,,,,,,,,,,,,,,,,,,,,,,,,,,,,,,,,,1652213735225,1719475247741,7d53acd4-f47f-4a3a-bed1-03ac170ce05f,40.817192374177836,-73.88695828331959,100,Bronx County,Open,FP,,,,,,,,,,,,,,,,,,,,,,,,,,,,
294,FP,,BRONX BETHANY COMMUNITY CORPORATION,"971 E 227th St, Bronx, New York, 10466",BX,10466,"WED(1,2,3,4)/TH(1,2,3,4)",9-11AM/3-6PM,,,closed,,,,,closed,,,,,open,09:00 AM,11:00 AM,,,open,03:00 PM,06:00 PM,,,closed,,,,,closed,,,,,closed,,,,,,,,,,,,,,,,,,,,,,,,,,,,,,,,,,,,,,,,1652213735225,1684807282066,c13445bb-8d21-4f41-b290-29d0327e7d6d,40.8866890803383,-73.8513939519652,100,Bronx County,Open,FP,,,,,,,,,,,,,,,,,,,,,,,,,,,,
295,FP,,BRONX SEVENTH DAY ADVENTIST CHURCH (FP),"1695 Washington Ave, Bronx, New York, 10457",BX,10457,THUR,2-5PM,,,closed,,,,,closed,,,,,closed,,,,,open,01:00 PM,04:00 PM,,,closed,,,,,closed,,,,,closed,,,,,,,,,,,,,,,,,,,,,,,,,,,,,,,,,,,,,,,,1652213735225,1769677231373,a7bc27b2-1cb7-497f-8017-30f21da4666d,40.842208792848,-73.901144319168,100,Bronx County,Open,FP,,,,,,,,,,,,,,,,,,,,,,,,,,,,
296,FP,,BRONX TEMPLE SEVENTH DAY ADVENTIST CHURCH,"495 Willis Ave, Bronx, New York, 10455",BX,10455,"M,W,THUR,F",11:30AM-2:30PM,,,open,11:30 AM,02:30 PM,,,closed,,,,,open,11:30 AM,02:30 PM,,,open,11:30 AM,02:30 PM,,,closed,,,,,closed,,,,,closed,,,,,,,,,,,,,,,,,,,,,,,,,,,,,,,,,,,,,,,,1652213735225,1719475247741,9098cba2-b396-4677-ba8a-1eb1086fbadd,40.81500067413552,-73.91880104966405,100,Bronx County,Open,FP,,,,,,,,,,,,,,,,,,,,,,,,,,,,
297,FP,,BRONX WORKS,"1130 Grand Conc, Bronx, New York, 10456",BX,10456,,,,,,,,,,,,,,,,,,,,,,,,,,,,,,,,,,,,,,,,,,,,,,,,,,,,,,,,,,,,,,,,,,,,,,,,,,,1652213735225,1719475247741,9579f6c2-1b75-4382-9196-6407fc88cb12,40.83267978431317,-73.91887724116393,100,Bronx County,Inactive,FP,,,,,,,,,,,,,,,,,,,,,,,,,,,,
298,FP,,CCCS BRONX FOOD PANTRY,"402 E 152nd St, Bronx, New York, 10455",BX,10455,WED/THUR,11A-2P/10A-12P,,,closed,,,,,closed,,,,,open,04:00 PM,06:00 PM,,,open,10:00 AM,12:00 PM,,,open,10:00 AM,12:00 PM,,,closed,,,,,closed,,,,,,,,,,,,,,,,,,,,,,,,,,,,,,,,,,,,,,,,1652213735225,1719475247741,70593d8d-00a1-4058-ad0c-884abd31026a,40.81809564997354,-73.91657992914159,100,Bronx County,Open,FP,,,,,,,,,,,,,,,,,,,,,,,,,,,,
299,FP,,CHRIST DISCIPLES INTERNATIONAL MINISTRIES (FP),"3021 Webster Ave, Bronx, New York, 10467",BX,10467,,,,,open,10:00 AM,03:00 PM,,,closed,,,,,open,10:00 AM,03:00 PM,,,closed,,,,,closed,,,,,open,09:30 AM,12:30 PM,,,closed,,,,,,,,,,,,,,,,,,,,,,,,,,,,,,,,,,,,,,,,1652213735225,1705136414996,5159816d-9176-4ecd-8c7a-866d2eb271b6,40.86962001954,-73.879713126846,100,Bronx County,Open,FP,,,,,,,,,,,,,,,,,,,,,,,,,,,,
300,FP,,CHURCH OF ST. FRANCES OF ROME,"760 Whitehall Pl, Bronx, New York, 10466",BX,10466,,,,,,,,,,,,,,,,,,,,,,,,,,,,,,,,,,,,,,,,,,,,,,,,,,,,,,,,,,,,,,,,,,,,,,,,,,,1652213735225,1719475247741,10ea8ae3-8852-44c5-8827-74c40146c801,40.89569455520049,-73.85351415437344,100,Bronx County,Inactive,FP,,,,,,,,,,,,,,,,,,,,,,,,,,,,
301,FP,,CHURCH OF THE ATONEMENT FOOD PANTRY,"1344 Beach Ave, Bronx, New York, 10472",BX,10472,"SAT (2,4)",10AM-12PM,,,closed,,,,,closed,,,,,closed,,,,,closed,,,,,closed,,,,,open,10:00 AM,12:00 PM,,,closed,,,,,,,,,,,,,,,,,,,,,,,,,,,,,,,,,,,,,,,,1652213735225,1684807298185,0f23d1ed-4293-4e23-89d2-141793aace0d,40.8333860015652,-73.8663358678419,100,Bronx County,Open,FP,,,,,,,,,,,,,,,,,,,,,,,,,,,,
302,FP,,CITY OF FAITH COMMUNITY DEVELOPMENT CORPORATION ,"3453 White Plains Rd, Bronx, New York, 10467",BX,10467,,,,,,,,,,,,,,,,,,,,,,,,,,,,,,,,,,,,,,,,,,,,,,,,,,,,,,,,,,,,,,,,,,,,,,,,,,,1652213735225,1719475247741,7eb600de-a158-4cec-919e-c88a454d46cd,40.87687559001003,-73.8672566199057,100,Bronx County,Inactive,FP,,,,,,,,,,,,,,,,,,,,,,,,,,,,
303,FP,,COOP CITY SDA CHURCH FOOD PANTRY,"1010 Baychester Ave, Bronx, New York, 10475",BX,10475,,,,,closed,,,,,closed,,,,,open,05:30 PM,07:00 PM,,,closed,,,,,closed,,,,,closed,,,,,closed,,,,,,,,,,,,,,,,,,,,,,,,,,,,,,,,,,,,,,,,1652213735225,1734771641423,27c4ff7b-1949-4473-80c2-b36c13b40a1d,40.880352319628,-73.831067501489,100,Bronx County,Open,FP,,,,,,,,,,,,,,,,,,,,,,,,,,,,
304,FP,,DAVIDSON COMMUNITY CENTER INC (FP),"2038 Davidson Ave, Bronx, New York, 10453",BX,10453,WED,10-11AM,,,closed,,,,,closed,,,,,closed,,,,,closed,,,,,open,05:00 PM,08:00 PM,,,closed,,,,,closed,,,,,,,,,,,,,,,,,,,,,,,,,,,,,,,,,,,,,,,,1652213735225,1745913620017,b88717b1-d165-4828-83d2-3b50421e4af3,40.853601014639,-73.908556771422,100,Bronx County,Open,FP,,,,,,,,,,,,,,,,,,,,,,,,,,,,
305,FP,,DEPARTMENT OF PROBATION BRONX OFFICE,"198 E 161st St, Bronx, New York, 10451",BX,10451,,,,,,,,,,,,,,,,,,,,,,,,,,,,,,,,,,,,,,,,,,,,,,,,,,,,,,,,,,,,,,,,,,,,,,,,,,,1652213735225,1740214834100,55deb674-7780-4910-a6e1-7b57ea98b2b4,40.826149150183,-73.92090842776,100,Bronx County,Inactive,FP,,,,,,,,,,,,,,,,,,,,,,,,,,,,
306,FP,,EDM HARVEST HAND FOOD PANTRY,"2626 E Tremont Ave, Bronx, New York, 10461",BX,10461,,,,,,,,,,,,,,,,,,,,,,,,,,,,,,,,,,,,,,,,,,,,,,,,,,,,,,,,,,,,,,,,,,,,,,,,,,,1652213735225,1691654414702,30c1875f-57ed-40b5-bc91-55957f281ac6,40.842836597396,-73.846352823938,100,Bronx County,Inactive,FP,,,,,,,,,,,,,,,,,,,,,,,,,,,,
307,FP,,EMANUEL PENTECOSTAL FAITH CHURCH,"1310 Elder Ave, Bronx, New York, 10472",BX,10472,WED,4-6PM,,,closed,,,,,closed,,,,,open,12:00 PM,02:00 PM,,,closed,,,,,closed,,,,,closed,,,,,closed,,,,,,,,,,,,,,,,,,,,,,,,,,,,,,,,,,,,,,,,1652213735225,1726560024329,29cb6bb7-1752-43e2-9fb1-079aaed8ffa4,40.83161264231,-73.879749092217,100,Bronx County,Open,FP,,,,,,,,,,,,,,,,,,,,,,,,,,,,
308,FP,,"EVERY DAY IS A MIRACLE, INC (FP)","2424 Jerome Ave, Bronx, NY, 10468, USA",BX,10468,,,,,closed,,,,,closed,,,,,closed,,,,,open,08:30 AM,12:00 PM,,,closed,,,,,closed,,,,,closed,,,,,,,,,,,,,,,,,,,,,,,,,,,,,,,,,,,,,,,,1652213735225,1760083216027,033e7071-df0b-4831-aaa8-02db952a2ee3,40.861683055228,-73.901634409047,100,Bronx County,Open,FP,,,,,,,,,,,,,,,,,,,,,,,,,,,,
309,FP,,FELLOWSHIP COVENANT CHURCH,"720 Castle Hill Ave, Bronx, New York, 10473",BX,10473,WED,9-11:30AM,,,closed,,,,,closed,,,,,open,09:00 AM,11:30 AM,,,closed,,,,,closed,,,,,closed,,,,,closed,,,,,,,,,,,,,,,,,,,,,,,,,,,,,,,,,,,,,,,,1652213735225,1684807298185,bd83bf3f-75b1-4463-83e3-6b4211dc4ead,40.8217227090251,-73.8484113355393,100,Bronx County,Open,FP,,,,,,,,,,,,,,,,,,,,,,,,,,,,
310,FP,,FOUTA ISLAMIC CENTER,"3400 3rd Ave, Bronx, New York, 10456",BX,10456,,,,,,,,,,,,,,,,,,,,,,,,,,,,,,,,,,,,,,,,,,,,,,,,,,,,,,,,,,,,,,,,,,,,,,,,,,,1652213735225,1719475247741,7d1158b8-faa0-47a8-9229-7c720fadc033,40.828104229098244,-73.90693696863342,100,Bronx County,Permanently Closed,FP,,,,,,,,,,,,,,,,,,,,,,,,,,,,
311,FP,,GETHSEMANE BAPTIST CHURCH (FP),771 FAIRMOUNT PLACE,BX,10460,THUR,8-10AM,,,closed,,,,,closed,,,,,closed,,,,,open,08:00 AM,10:00 AM,,,closed,,,,,closed,,,,,closed,,,,,,,,,,,,,,,,,,,,,,,,,,,,,,,,,,,,,,,,1652213735225,1733994035331,603fd419-d368-4253-be2c-f0bccdf3aaac,40.842987344124,-73.88947053333,100,Bronx County,Open,FP,,,,,,,,,,,,,,,,,,,,,,,,,,,,
312,FP,,GIVE BY GRACE WHAT BY GRACE YOU HAVE RECEIVED INC (FP),"936 E 165th St, Bronx, New York, 10459",BX,10459,FRI,9AM-1PM,,,closed,,,,,closed,,,,,closed,,,,,closed,,,,,open,12:00 PM,01:30 PM,,,closed,,,,,closed,,,,,,,,,,,,,,,,,,,,,,,,,,,,,,,,,,,,,,,,1652213735225,1712822415006,d7660cd5-f94d-4315-b725-406641688e30,40.823797271971,-73.895993891124,100,Bronx County,Open,FP,,,,,,,,,,,,,,,,,,,,,,,,,,,,
313,FP,,GIVE THEM TO EAT (FP),"800 E 156th St, Bronx, New York, 10455",BX,10455,,,,,closed,,,,,closed,,,,,closed,,,,,closed,,,,,open,11:00 AM,03:00 PM,,,closed,,,,,closed,,,,,,,,,,,,,,,,,,,,,,,,,,,,,,,,,,,,,,,,1652213735225,1759219216290,111c697e-0954-48ac-8329-627b00e9bd12,40.817630705804,-73.904362969987,100,Bronx County,Open,FP,,,,,,,,,,,,,,,,,,,,,,,,,,,,
314,FP,,GOD BLESS YOU ALL INC (BRONX) (FP),"1926 Crotona Pkwy, Bronx, New York, 10460",BX,10460,,,,,,,,,,,,,,,,,,,,,,,,,,,,,,,,,,,,,,,,,,,,,,,,,,,,,,,,,,,,,,,,,,,,,,,,,,,1652213735225,1756368018432,04cf8bab-0f84-4ee6-affb-a44acfebdcc9,40.841497462635,-73.885124406724,100,Bronx County,Permanently Closed,FP,,,,,,,,,,,,,,,,,,,,,,,,,,,,
315,FP,,GOOD NEIGHBOR COMMUNITY OUTREACH AGENCY INC,"3356 Seymour Ave, Bronx, New York, 10469",BX,10469,"M,W,THUR",12-2PM,,,closed,,,,,closed,,,,,open,12:00 PM,02:00 PM,,,closed,,,,,open,07:00 PM,09:00 PM,,,closed,,,,,closed,,,,,,,,,,,,,,,,,,,,,,,,,,,,,,,,,,,,,,,,1652213735225,1728374422423,1a4525fe-c0a9-4a44-b218-a513fde8d3d4,40.875711678935,-73.848638736572,100,Bronx County,Open,FP,,,,,,,,,,,,,,,,,,,,,,,,,,,,
316,FP,,GRACE AND PEACE FOOD BANK,"348 White Plains Rd, Bronx, New York, 10473",BX,10473,,,,,,,,,,,,,,,,,,,,,,,,,,,,,,,,,,,,,,,,,,,,,,,,,,,,,,,,,,,,,,,,,,,,,,,,,,,1652213735225,1719475247741,b9f053bb-816c-41b0-b93d-eecb83941010,40.81297476813802,-73.85595203091202,100,Bronx County,Permanently Closed,FP,,,,,,,,,,,,,,,,,,,,,,,,,,,,
317,FP,,GRAND CONCOURSE SEVENTH DAY ADVENTIST CHURCH,"1275 Grand Conc, Bronx, New York, 10452",BX,10452,WED(CLOSED 5TH WED),1:30-4PM,,,closed,,,,,closed,,,,,open,01:30 PM,04:00 PM,,,closed,,,,,closed,,,,,closed,,,,,closed,,,,,,,,,,,,,,,,,,,,,,,,,,,,,,,,,,,,,,,,1652213735225,1719475247741,dea8e4bd-cfe6-4f5f-9478-db6a9ba01421,40.836383202502674,-73.91634003907272,100,Bronx County,Open,FP,,,,,,,,,,,,,,,,,,,,,,,,,,,,
318,FP,,HARVEST TO HAVEN,"210 Alexander Ave, Bronx, NY, 10454, USA",BX,10454,"WED,THUR",10AM-2PM,,,closed,,,,,closed,,,,,open,10:00 AM,02:00 PM,,,open,10:00 AM,02:00 PM,,,closed,,,,,closed,,,,,closed,,,,,,,,,,,,,,,,,,,,,,,,,,,,,,,,,,,,,,,,1652213735225,1684807298185,c4473d62-bb38-4f62-b5b5-24e8c1322211,40.8092240760146,-73.9255280298765,100,Bronx County,Open,FP,,,,,,,,,,,,,,,,,,,,,,,,,,,,
319,FP,,HEAVENLY VISION CHRISTIAN CENTER (FP),"2868 Jerome Ave, Bronx, New York, 10468",BX,10468,,,,,,,,,,,,,,,,,,,,,,,,,,,,,,,,,,,,,,,,,,,,,,,,,,,,,,,,,,,,,,,,,,,,,,,,,,,1652213735225,1761811217258,3b24a600-0f2c-4c06-9ccf-f9242f723fe8,40.871489085663,-73.892180544274,100,Bronx County,Inactive,FP,,,,,,,,,,,,,,,,,,,,,,,,,,,,
320,FP,,ICNA RELIEF BRONX,"1965 Edenwald Ave, Bronx, New York, 10466",BX,10466,,,,,,,,,,,,,,,,,,,,,,,,,,,,,,,,,,,,,,,,,,,,,,,,,,,,,,,,,,,,,,,,,,,,,,,,,,,1652213735225,1719475247741,6eab3c86-1be9-492e-a6c3-39748257c940,40.89297743555764,-73.84392651442622,100,Bronx County,Permanently Closed,FP,,,,,,,,,,,,,,,,,,,,,,,,,,,,
321,FP,,ICNA RELIEF FENTON,"2410 Fenton Ave, Bronx, New York, 10469",BX,10469,,,,,,,,,,,,,,,,,,,,,,,,,,,,,,,,,,,,,,,,,,,,,,,,,,,,,,,,,,,,,,,,,,,,,,,,,,,1652213735225,1719475247741,4a2cb06e-bd2e-4ecb-a040-14b4efc1420b,40.86140490177152,-73.84432130206578,100,Bronx County,Permanently Closed,FP,,,,,,,,,,,,,,,,,,,,,,,,,,,,
322,FP,,ICNA RELIEF HOLLAND,"2141 Holland Ave, Bronx, New York, 10462",BX,10462,,,,,,,,,,,,,,,,,,,,,,,,,,,,,,,,,,,,,,,,,,,,,,,,,,,,,,,,,,,,,,,,,,,,,,,,,,,1652213735225,1719475247741,cf73cb2a-0fe1-4d2b-8baa-59f2b0000118,40.854816390599495,-73.8658694987492,100,Bronx County,Permanently Closed,FP,,,,,,,,,,,,,,,,,,,,,,,,,,,,
323,FP,,INSPIRATIONAL GOSPEL ASSEMBLY,"1211 Brook Ave, Bronx, New York, 10456",BX,10456,SAT,11AM-1PM,,,closed,,,,,closed,,,,,closed,,,,,closed,,,,,closed,,,,,open,11:00 AM,01:00 PM,,,closed,,,,,,,,,,,,,,,,,,,,,,,,,,,,,,,,,,,,,,,,1652213735225,1684807298185,4c8fcd9c-5d0d-4e10-9cf2-7f2ed1d7c3d8,40.8314386340004,-73.9092226298103,100,Bronx County,Open,FP,,,,,,,,,,,,,,,,,,,,,,,,,,,,
324,FP,,JAMAICA BENEVOLENT ARM & CULTURAL CENTER,"2230 Light St, Bronx, New York, 10466",BX,10466,,,,,,,,,,,,,,,,,,,,,,,,,,,,,,,,,,,,,,,,,,,,,,,,,,,,,,,,,,,,,,,,,,,,,,,,,,,1652213735225,1775030427472,162e1317-6e22-4d8f-9fd0-4e102961985c,40.887666829344,-73.830700793225,100,Bronx County,Inactive,FP,,,,,,,,,,,,,,,,,,,,,,,,,,,,
325,FP,,KCI PANTRY,"503 W 259th St, Bronx, New York, 10471",BX,10471,,,,,,,,,,,,,,,,,,,,,,,,,,,,,,,,,,,,,,,,,,,,,,,,,,,,,,,,,,,,,,,,,,,,,,,,,,,1652213735225,1719475247741,bbe1b713-46fe-4afd-b8a9-4f500f86c92f,40.90709256050508,-73.90480536683687,100,Bronx County,Permanently Closed,FP,,,,,,,,,,,,,,,,,,,,,,,,,,,,
326,FP,,LOS REDIMIDOS EN LA SANGRE DE CRISTO (FP),"609 E 182nd St, Bronx, New York, 10457",BX,10457,,,,,,,,,,,,,,,,,,,,,,,,,,,,,,,,,,,,,,,,,,,,,,,,,,,,,,,,,,,,,,,,,,,,,,,,,,,1652213735225,1741680019038,c3b741aa-78d0-4b99-a7ba-7cb4ae10ba3e,40.85202974307,-73.889589865641,100,Bronx County,Permanently Closed,FP,,,,,,,,,,,,,,,,,,,,,,,,,,,,
327,FP,,LT WORKS FOOD PANTRY,"2347 Lafayette Ave, Bronx, New York, 10473",BX,10473,THUR,12-2PM,,,closed,,,,,closed,,,,,closed,,,,,open,10:30 AM,12:30 PM,,,closed,,,,,closed,,,,,closed,,,,,,,,,,,,,,,,,,,,,,,,,,,,,,,,,,,,,,,,1652213735225,1734512422582,c77d6b60-59ff-4eb8-b5fc-c0c2eeb4ee65,40.824114066001,-73.844195070604,100,Bronx County,Open,FP,,,,,,,,,,,,,,,,,,,,,,,,,,,,
328,FP,,MASJID SIDIKI,"1462 Boston Rd, Bronx, New York, 10460",BX,10460,,,,,,,,,,,,,,,,,,,,,,,,,,,,,,,,,,,,,,,,,,,,,,,,,,,,,,,,,,,,,,,,,,,,,,,,,,,1652213735225,1719475247741,83c59cd5-cf9d-4045-a875-a5ca55f6b3e6,40.83403660488969,-73.89491849294627,100,Bronx County,Permanently Closed,FP,,,,,,,,,,,,,,,,,,,,,,,,,,,,
329,FP,,MAV MARKET AT MERCY COLLEGE,"1200 Waters Pl, Bronx, New York, 10461",BX,10461,,,,,,,,,,,,,,,,,,,,,,,,,,,,,,,,,,,,,,,,,,,,,,,,,,,,,,,,,,,,,,,,,,,,,,,,,,,1652213735225,1719475247741,33c39145-81bb-4d32-bfa6-88a8e2f6b271,40.85214097092492,-73.837192325777,100,Bronx County,Inactive,FP,,,,,,,,,,,,,,,,,,,,,,,,,,,,
330,FP,,MCNY BRONX CAMPUS,"463 W 149th St, New York, New York, 10031",NY,10031,,,,,,,,,,,,,,,,,,,,,,,,,,,,,,,,,,,,,,,,,,,,,,,,,,,,,,,,,,,,,,,,,,,,,,,,,,,1652213735225,1719475247741,2b108541-216a-4bfe-90bb-2d4fe84891cd,40.827408994866396,-73.94471131241336,100,New York County,Inactive,FP,,,,,,,,,,,,,,,,,,,,,,,,,,,,
331,FP,,MERCY CENTER,"377 E 145th St, Bronx, New York, 10454",BX,10454,,,,,,,,,,,,,,,,,,,,,,,,,,,,,,,,,,,,,,,,,,,,,,,,,,,,,,,,,,,,,,,,,,,,,,,,,,,1652213735225,1719475247741,6c895a0f-b625-4f1c-afcd-9dd32dd458e8,40.81386790183086,-73.920186662078,100,Bronx County,Permanently Closed,FP,,,,,,,,,,,,,,,,,,,,,,,,,,,,
332,FP,,MISSION HELPING HAND,"860 Forest Ave, Bronx, New York, 10456",BX,10456,,,,,,,,,,,,,,,,,,,,,,,,,,,,,,,,,,,,,,,,,,,,,,,,,,,,,,,,,,,,,,,,,,,,,,,,,,,1652213735225,1719475247741,8c1e7c9e-2320-4fc2-b4dc-f1cbdc8418f1,40.82084851843345,-73.90499823442893,100,Bronx County,Permanently Closed,FP,,,,,,,,,,,,,,,,,,,,,,,,,,,,
333,FP,,MORRISANIA REVITALIZATION CORP INC,"576B E 165th St, Bronx, NY, 10456, USA",BX,10456,"MON,WED,FRI",11AM-2PM,,,open,09:00 AM,01:00 PM,,,closed,,,,,open,09:00 AM,01:00 PM,,,closed,,,,,open,09:00 AM,01:00 PM,,,closed,,,,,closed,,,,,,,,,,,,,,,,,,,,,,,,,,,,,,,,,,,,,,,,1652213735225,1719475247741,6905ec7d-7b7e-47ba-8173-71a2de4370d6,40.825656298013534,-73.90670875342784,100,Bronx County,Open,FP,,,,,,,,,,,,,,,,,,,,,,,,,,,,
334,FP,,MOSAIC BEACON COMMUNITY CENTER (FP),"1257 Ogden Ave, Bronx, New York, 10452",BX,10452,"TUE&W(SR),THU (1,3)",4-6PM,,,closed,,,,,closed,,,,,closed,,,,,closed,,,,,open,03:00 PM,05:00 PM,,,closed,,,,,closed,,,,,,,,,,,,,,,,,,,,,,,,,,,,,,,,,,,,,,,,1652213735225,1714204816303,23b32b13-550d-410c-bab9-7e759c594120,40.839680643212,-73.925700110349,100,Bronx County,Open,FP,,,,,,,,,,,,,,,,,,,,,,,,,,,,
335,FP,,MOSHOLU MONTEFIORE COMMUNITY CENTER FP,"3450 Dekalb Ave, Bronx, New York, 10467",BX,10467,"TUE(2,4),TH(2,4)",10AM-3PM,,,closed,,,,,closed,,,,,open,10:00 AM,12:00 PM,,,closed,,,,,closed,,,,,closed,,,,,closed,,,,,,,,,,,,,,,,,,,,,,,,,,,,,,,,,,,,,,,,1652213735225,1758700816877,959ee435-eb11-44ca-b17e-401d596ad989,40.881965584532,-73.880582337212,100,Bronx County,Open,FP,,,,,,,,,,,,,,,,,,,,,,,,,,,,
336,FP,,MOUNT PISGAH BAPTIST CHURCH,"709 E 228th St, Bronx, New York, 10466",BX,10466,,,,,,,,,,,,,,,,,,,,,,,,,,,,,,,,,,,,,,,,,,,,,,,,,,,,,,,,,,,,,,,,,,,,,,,,,,,1652213735225,1733302821808,199e7206-26f4-4971-b05f-c0e90ab01b0a,40.889911628743,-73.858942358689,100,Bronx County,Permanently Closed,FP,,,,,,,,,,,,,,,,,,,,,,,,,,,,
337,FP,,MUNA DAVIDSON AVE,"2099 Davidson Ave, Bronx, New York, 10453",BX,10453,,,,,,,,,,,,,,,,,,,,,,,,,,,,,,,,,,,,,,,,,,,,,,,,,,,,,,,,,,,,,,,,,,,,,,,,,,,1652213735225,1719475247741,56736705-1be3-4cd2-ac43-4be1a3a6d714,40.85538556373464,-73.90725648678246,100,Bronx County,Permanently Closed,FP,,,,,,,,,,,,,,,,,,,,,,,,,,,,
338,FP,,NEW CONVENANT COMMUNITY DEVELOPMENT CORP,"1175 Boston Rd, Bronx, New York, 10456",BX,10456,TUE/WED/THUR,2-4P/12-2P/10A-1P,,,closed,,,,,open,02:00 PM,04:00 PM,,,closed,,,,,open,10:00 AM,01:00 PM,,,closed,,,,,closed,,,,,closed,,,,,,,,,,,,,,,,,,,,,,,,,,,,,,,,,,,,,,,,1652213735225,1719475247741,6b46924f-50ed-4a3b-af34-930c8d67ca1b,40.82893143912261,-73.90323484963888,100,Bronx County,Open,FP,,,,,,,,,,,,,,,,,,,,,,,,,,,,
339,FP,,NEW ST. JOHN BAPTIST CHURCH,"2409 Lorillard Pl, Bronx, New York, 10458",BX,10458,,,,,,,,,,,,,,,,,,,,,,,,,,,,,,,,,,,,,,,,,,,,,,,,,,,,,,,,,,,,,,,,,,,,,,,,,,,1652213735225,1719475247741,92239999-ecd6-42c1-a075-772d967ae794,40.8566783465709,-73.88914453512483,100,Bronx County,Permanently Closed,FP,,,,,,,,,,,,,,,,,,,,,,,,,,,,
340,FP,,NEW YORK COMMON PANTRY - BRONX,"1290 Hoe Ave, Bronx, New York, 10459",BX,10459,THUR-SAT,10AM-2:30PM,,,closed,,,,,closed,,,,,closed,,,,,open,10:00 AM,02:30 PM,,,open,10:00 AM,02:30 PM,,,open,10:00 AM,02:30 PM,,,closed,,,,,,,,,,,,,,,,,,,,,,,,,,,,,,,,,,,,,,,,1652213735225,1684807298185,1364d6bc-6bf8-480b-b554-08c76dc49dbd,40.830863425895,-73.8903926843267,100,Bronx County,Open,FP,,,,,,,,,,,,,,,,,,,,,,,,,,,,
341,FP,,PARKCHESTER BAPTIST CHURCH (FP),"2021 Benedict Ave, Bronx, New York, 10462",BX,10462,TUE,12-2PM,,,closed,,,,,open,11:00 AM,12:00 PM,,,closed,,,,,closed,,,,,closed,,,,,closed,,,,,closed,,,,,,,,,,,,,,,,,,,,,,,,,,,,,,,,,,,,,,,,1652213735225,1690876813723,2322dfda-204c-4574-aac8-59e8eb86a188,40.834525060297,-73.857174782947,100,Bronx County,Open,FP,,,,,,,,,,,,,,,,,,,,,,,,,,,,
342,FP,,"THE HARDING FORD VISION, INC","157-22 Tuskegee Airmen Way, Jamaica, New York, 11433",QN,11433,,,,,closed,,,,,closed,,,,,open,10:00 AM,12:00 PM,,,closed,,,,,open,02:00 PM,04:00 PM,,,closed,,,,,closed,,,,,,,,,,,,,,,,,,,,,,,,,,,,,,,,,,,,,,,,1652213735225,1761638416904,e5aa2139-631e-42b9-accc-450cf6682e6c,40.698230285523,-73.797112327906,100,Queens County,Open,FP,,,,,,,,,,,,,,,,,,,,,,,,,,,,
343,,SK,MARANTHA FRENCH SEVENTH DAY,"173-04 Linden Blvd, Jamaica, New York, 11434",QN,11434,,,,,,,,,,,,,,,,,,,,,,,,,,,,,,,,,,,,,,,,,,,,,,,,,,,,,,,,,,,,,,,,,,,,,,,,,,,1652213735225,1719475247741,e236593d-e7b1-49ea-90d4-020d3ad55dd4,40.692003663020216,-73.77700749494927,100,Queens County,Permanently Closed,SK,,,,,,,,,,,,,,,,,,,,,,,,,,,,
344,FP,,ROCHDALE VILLAGE SENIOR CENTER,"169-65 137th Ave, Jamaica, New York, 11434",QN,11434,,,,,,,,,,,,,,,,,,,,,,,,,,,,,,,,,,,,,,,,,,,,,,,,,,,,,,,,,,,,,,,,,,,,,,,,,,,1652213735225,1719475247741,57d4d41a-5ef8-4f1e-9c77-8b62f71d7d04,40.67409597834296,-73.77090949275107,100,Queens County,Permanently Closed,FP,,,,,,,,,,,,,,,,,,,,,,,,,,,,
345,FPK,,PROJECT L.E.A.D.,"85-12 126th St, Kew Gardens, New York, 11415",QN,11415,SUN,7:30-9:30AM,,,closed,,,,,closed,,,,,closed,,,,,closed,,,,,closed,,,,,closed,,,,,open,07:30 AM,09:30 AM,,,,,,,,,,,,,,,,,,,,,,,,,,,,,,,,,,,,,,1652213735225,1684807298185,5427836f-75ff-44ba-91ec-eeb8b54857c0,40.7040034051537,-73.8255130657114,100,Queens County,Open,FP,,,,,,,,,,,,,,,,,,,,,,,,,,,,
346,FP,,STATEN ISLAND LIBERIAN COMMUNITY ASSOCIATION,"180 Park Hill Ave, Staten Island, New York, 10304",SI,10304,,,,,,,,,,,,,,,,,,,,,,,,,,,,,,,,,,,,,,,,,,,,,,,,,,,,,,,,,,,,,,,,,,,,,,,,,,,1652213735225,1719475247741,ad68f2d1-2351-4dfd-998a-616195910c7f,40.614701644803716,-74.08186351604847,100,Richmond County,Permanently Closed,FP,,,,,,,,,,,,,,,,,,,,,,,,,,,,
347,FPK,,SAM FIELD Y (FPK),"58-25 Little Neck Pkwy, Little Neck, NY, 11362, USA",QN,11362,"MON,WED",9AM-1PM,,,open,09:00 AM,01:00 PM,,,open,11:00 AM,01:00 PM,,,open,09:00 AM,01:00 PM,,,open,10:00 AM,01:00 PM,,,closed,,,,,closed,,,,,closed,,,,,,,,,,,,,,,,,,,,,,,,,,,,,,,,,,,,,,,,1652213735225,1766480574684,2d14944a-15c7-4d8f-b009-6ab6e69ffa1a,40.761428242904,-73.722532165108,100,Queens County,Open,FP,,,,,,,,,,,,,,,,,,,,,,,,,,,,
348,FP,,ST. CLEMENTS FOOD PANTRY (FP),"423 W 46th St, New York, New York, 10036",NY,10036,FRI/SAT,2-6PM/8-11:30AM,,,closed,,,,,closed,,,,,closed,,,,,closed,,,,,open,02:00 PM,06:00 PM,,,open,08:00 AM,11:30 AM,,,closed,,,,,,,,,,,,,,,,,,,,,,,,,,,,,,,,,,,,,,,,1652213735225,1699520415460,b8d5374b-9eda-4508-a14f-47ffd322f80d,40.761480294523,-73.991641967553,100,New York County,Open,FP,,,,,,,,,,,,,,,,,,,,,,,,,,,,
349,FP,,CENTER OF HOPE INTERNATIONAL,"38-49 12nd St, Long Island City, New York, 11101",QN,11101,"TUE, THUR/WED",12-3PM/11AM-2PM,,,closed,,,,,open,12:00 PM,03:00 PM,,,open,11:00 AM,02:00 PM,,,open,11:00 AM,02:00 PM,,,closed,,,,,closed,,,,,closed,,,,,,,,,,,,,,,,,,,,,,,,,,,,,,,,,,,,,,,,1652213735225,1732784423781,476127d2-b18f-4482-9b68-b93e1371b42a,40.756916934977,-73.941854049425,100,Queens County,Open,FP,,,,,,,,,,,,,,,,,,,,,,,,,,,,
350,FP,,CIENFUEGOS FOOD PANTRY,"31-17 21st St, Astoria, New York, 11106",QN,11106,,,,,,,,,,,,,,,,,,,,,,,,,,,,,,,,,,,,,,,,,,,,,,,,,,,,,,,,,,,,,,,,,,,,,,,,,,,1652213735225,1719475247741,e14ff3e3-6f83-4032-bce9-bc7b60f391ad,40.766691030360136,-73.93011779241735,100,Queens County,Permanently Closed,FP,,,,,,,,,,,,,,,,,,,,,,,,,,,,
351,FP,,EVANGEL FOOD PANTRY,"39-21 Crescent St, Long Island City, New York, 11101",QN,11101,M-F/SAT,9AM-3PM/9-11AM,,,closed,,,,,open,09:00 AM,03:00 PM,,,open,09:00 AM,03:00 PM,,,open,09:00 AM,03:00 PM,,,open,09:00 AM,03:00 PM,,,open,09:00 AM,12:00 PM,,,closed,,,,,,,,,,,,,,,,,,,,,,,,,,,,,,,,,,,,,,,,1652213735225,1684807298185,1a0818cd-673c-464c-9810-3d9a3cf5a10e,40.7542084067847,-73.9371155919214,100,Queens County,Open,FP,,,,,,,,,,,,,,,,,,,,,,,,,,,,
352,FP,,HOUR CHILDREN COMMUNITY OUTREACH (FP),"36-49 11th St, Astoria, New York, 11106",QN,11106,MON/TUE/THUR,2-4PM/10:3A-12:3P/3-5PM,,,open,02:00 AM,04:00 PM,,,open,10:30 AM,12:30 PM,,,closed,,,,,open,02:00 PM,04:00 PM,,,closed,,,,,closed,,,,,closed,,,,,,,,,,,,,,,,,,,,,,,,,,,,,,,,,,,,,,,,1652213735225,1704877215636,1fcaf1ca-3b80-485b-8e0e-962c972a2956,40.759936767053,-73.940527780885,100,Queens County,Open,FP,,,,,,,,,,,,,,,,,,,,,,,,,,,,
353,FP,,IGLESIA ALIANZA MISIONERA EBENEZER (FP),"43-02 38th St, Long Island City, New York, 11101",QN,11101,,,,,closed,,,,,closed,,,,,closed,,,,,closed,,,,,closed,,,,,open,08:00 AM,01:00 PM,,,closed,,,,,,,,,,,,,,,,,,,,,,,,,,,,,,,,,,,,,,,,1652213735225,1707987616002,f8b69524-0fea-4e1c-8d5c-11f02fb10f6e,40.745653920223,-73.926867374185,100,Queens County,Open,FP,,,,,,,,,,,,,,,,,,,,,,,,,,,,
354,FP,,ST. PATRICK'S ROMAN CATHOLIC CHURCH,"39-38 29th St, Long Island City, New York, 11101",QN,11101,,,,,,,,,,,,,,,,,,,,,,,,,,,,,,,,,,,,,,,,,,,,,,,,,,,,,,,,,,,,,,,,,,,,,,,,,,,1652213735225,1720598414608,1706a099-bdb5-478f-a8e6-6800324e5679,40.752740525991,-73.935550271503,100,Queens County,Permanently Closed,FP,,,,,,,,,,,,,,,,,,,,,,,,,,,,
355,FP,,ST. RAPHAEL CHURCH FOOD PANTRY (FP),"35-20 Greenpoint Ave, Sunnyside, New York, 11104",QN,11104,,,,,closed,,,,,closed,,,,,closed,,,,,open,10:30 AM,12:00 PM,,,closed,,,,,open,01:30 PM,03:00 PM,,,closed,,,,,,,,,,,,,,,,,,,,,,,,,,,,,,,,,,,,,,,,1652213735225,1724745624836,b478ba74-b695-42bd-8615-28d670cb4a89,40.737154754222,-73.930045875688,100,Queens County,Open,FP,,,,,,,,,,,,,,,,,,,,,,,,,,,,
356,FP,,"THE CONNECTED CHEF FOUNDATION, INC.","49-05 5th St, Long Island City, New York, 11101",QN,11101,,,,,,,,,,,,,,,,,,,,,,,,,,,,,,,,,,,,,,,,,,,,,,,,,,,,,,,,,,,,,,,,,,,,,,,,,,,1652213735225,1719475247741,6a74e9bd-dd71-4963-ae19-82148dc7bb93,40.74363215217343,-73.95620855083256,100,Queens County,Permanently Closed,FP,,,,,,,,,,,,,,,,,,,,,,,,,,,,
357,FP,,YESHUA WORLDWIDE MINISTRIES FOOD PANTRY,"79-11 Caldwell Ave, Middle Village, New York, 11379",QN,11379,,,,,,,,,,,,,,,,,,,,,,,,,,,,,,,,,,,,,,,,,,,,,,,,,,,,,,,,,,,,,,,,,,,,,,,,,,,1652213735225,1684807298185,b5ff4ce2-c304-4415-b8b4-c7f5693a3364,40.725685712288,-73.8802545209789,100,Queens County,Permanently Closed,FP,,,,,,,,,,,,,,,,,,,,,,,,,,,,
358,FP,,CHURCH OF THE ANNUNCIATION,"88 Convent Ave, New York, New York, 10027",NY,10027,,,,,closed,,,,,open,02:00 PM,05:00 PM,,,closed,,,,,closed,,,,,closed,,,,,closed,,,,,closed,,,,,,,,,,,,,,,,,,,,,,,,,,,,,,,,,,,,,,,,1652213735225,1719475247741,2d95a4bf-7fcc-4e98-9914-1aecf93d5a33,40.81627170593305,-73.95296510027394,100,New York County,Open,FP,,,,,,,,,,,,,,,,,,,,,,,,,,,,
359,FP,,ST. PETER'S FOOD PANTRY,"346 W 20th St, New York, New York, 10011",NY,10011,SAT,10:30-11:30AM,,,closed,,,,,closed,,,,,closed,,,,,closed,,,,,closed,,,,,open,10:30 AM,11:30 AM,,,closed,,,,,,,,,,,,,,,,,,,,,,,,,,,,,,,,,,,,,,,,1652213735225,1684807298185,9a32a22b-d37f-4140-a5b6-aab1a6d8552d,40.7441535176449,-74.0019205277795,100,New York County,Open,FP,,,,,,,,,,,,,,,,,,,,,,,,,,,,
360,FP,SK,UNITED METHODIST CENTER IN FAR ROCKAWAY,"1032 Beach 19th St, Far Rockaway, NY, 11691, USA",QN,11691,"TUE,THUR",9:30-11AM,MON-FRI,12-1PM & 4:30-5:30PM,closed,,,,,open,09:30 AM,11:00 AM,01:00 PM,04:00 PM,open,09:30 AM,11:00 AM,01:00 PM,04:00 PM,closed,,,,,closed,,,,,closed,,,,,closed,,,,,open,12:00 PM,01:00 PM,04:30 PM,05:30 PM,open,12:00 PM,01:00 PM,04:30 PM,05:30 PM,open,12:00 PM,01:00 PM,04:30 PM,05:30 PM,open,12:00 PM,01:00 PM,04:30 PM,05:30 PM,open,12:00 PM,01:00 PM,04:30 PM,05:30 PM,closed,,,,,closed,,,,,1652213735225,1746777621120,45ce9196-e2f3-4b80-bf07-8eae3766c92a,40.603122464662,-73.751793305274,100,Queens County,Open,"FP,SK",,,,,,,,,,,,,,,,,,,,,,,,,,,,
361,FP,,HAKNESIAH CHURCH,"58-06 Springfield Blvd, Oakland Gardens, New York, 11364",QN,11364,,,,,,,,,,,,,,,,,,,,,,,,,,,,,,,,,,,,,,,,,,,,,,,,,,,,,,,,,,,,,,,,,,,,,,,,,,,1652213735225,1719475247741,5a3fbee1-f6fe-4dd6-840e-e770b331e5a8,40.74995677021795,-73.75758629001565,100,Queens County,Permanently Closed,FP,,,,,,,,,,,,,,,,,,,,,,,,,,,,
362,FP,,CITYLINE OZONE PARK CIVILIAN PATROL,"83-10 Rockaway Blvd, Ozone Park, New York, 11416",QN,11416,,,,,,,,,,,,,,,,,,,,,,,,,,,,,,,,,,,,,,,,,,,,,,,,,,,,,,,,,,,,,,,,,,,,,,,,,,,1652213735225,1719475247741,bd205051-75c2-479a-a660-eb0417050201,40.68369736461142,-73.85716464084442,100,Queens County,Permanently Closed,FP,,,,,,,,,,,,,,,,,,,,,,,,,,,,
363,FP,,MUNA LIBERTY AVE,"88-19 Liberty Ave, Ozone Park, New York, 11417",QN,11417,,,,,,,,,,,,,,,,,,,,,,,,,,,,,,,,,,,,,,,,,,,,,,,,,,,,,,,,,,,,,,,,,,,,,,,,,,,1652213735225,1719475247741,d8d33800-25af-455a-bb62-d9289dccc6d9,40.68009486453613,-73.84992292795792,100,Queens County,Permanently Closed,FP,,,,,,,,,,,,,,,,,,,,,,,,,,,,
364,FP,,CLARION CALL MINISTRIES,"208-15 Jamaica Ave, Queens Village, New York, 11428",QN,11428,,,,,,,,,,,,,,,,,,,,,,,,,,,,,,,,,,,,,,,,,,,,,,,,,,,,,,,,,,,,,,,,,,,,,,,,,,,1652213735225,1719475247741,f181be10-8eb6-4a4e-99a2-90f5c7b0688c,40.714692259540186,-73.75170336745293,100,Queens County,Permanently Closed,FP,,,,,,,,,,,,,,,,,,,,,,,,,,,,
365,FP,,DIVINE FOOD PANTRY,"215-31 99th Ave, Queens Village, New York, 11429",QN,11429,FRI,6-8PM,,,closed,,,,,closed,,,,,closed,,,,,closed,,,,,open,04:00 PM,06:30 PM,,,closed,,,,,closed,,,,,,,,,,,,,,,,,,,,,,,,,,,,,,,,,,,,,,,,1652213735225,1732006822551,eddfefa4-40a6-433f-a9a1-f97f3eb6bd25,40.714770504606,-73.742948385767,100,Queens County,Open,FP,,,,,,,,,,,,,,,,,,,,,,,,,,,,
366,FP,,HOLLIS AVENUE CONGREGATIONAL CHURCH,"211-04 Hollis Ave, Queens Village, New York, 11429",QN,11429,TUE,11AM-1PM,,,closed,,,,,open,08:00 AM,11:00 AM,,,closed,,,,,closed,,,,,closed,,,,,closed,,,,,closed,,,,,,,,,,,,,,,,,,,,,,,,,,,,,,,,,,,,,,,,1652213735225,1719475247741,3741f665-866c-4c2e-a0c4-5e4b5e6d4a94,40.7088860313915,-73.74634565494318,100,Queens County,Open,FP,,,,,,,,,,,,,,,,,,,,,,,,,,,,
367,FP,,MASJID AR RAHMAN,"98-10 211th St, Queens Village, New York, 11429",QN,11429,,,,,,,,,,,,,,,,,,,,,,,,,,,,,,,,,,,,,,,,,,,,,,,,,,,,,,,,,,,,,,,,,,,,,,,,,,,1652213735225,1719475247741,47918894-bca5-46a1-aa1e-b2780c135d78,40.71414236478236,-73.74916130385789,100,Queens County,Permanently Closed,FP,,,,,,,,,,,,,,,,,,,,,,,,,,,,
368,FP,,OUR LADY OF LOURDES,"92-96 220th St, Queens Village, New York, 11428",QN,11428,,,,,,,,,,,,,,,,,,,,,,,,,,,,,,,,,,,,,,,,,,,,,,,,,,,,,,,,,,,,,,,,,,,,,,,,,,,1652213735225,1730188825088,d53bf19d-01e1-48de-8aef-c11e779010dc,40.722933933476,-73.736316707794,100,Queens County,Inactive,FP,,,,,,,,,,,,,,,,,,,,,,,,,,,,
369,FP,,BLACK FORUM OF CO-OP CITY,"920 Baychester Ave, Bronx, New York, 10475",BX,10475,"TUE, THUR,FRI",11AM-12:45PM,,,closed,,,,,closed,,,,,closed,,,,,open,11:00 AM,12:45 PM,,,open,11:00 AM,12:45 PM,,,closed,,,,,closed,,,,,,,,,,,,,,,,,,,,,,,,,,,,,,,,,,,,,,,,1652213735225,1737536419962,6a9666ef-389b-4985-9057-746edc386f58,40.877169417626,-73.833184183498,100,Bronx County,Open,FP,,,,,,,,,,,,,,,,,,,,,,,,,,,,
370,FP,,ST. ATHANASIUS CHURCH FOOD PANTRY,"6115 Bay Pkwy, Brooklyn, NY, 11204, USA",BK,11204,,,,,,,,,,,,,,,,,,,,,,,,,,,,,,,,,,,,,,,,,,,,,,,,,,,,,,,,,,,,,,,,,,,,,,,,,,,1652213735225,1719475247741,b83b982f-1231-4fad-b8a0-4f43ed7c17f6,40.61577111355293,-73.9793283086419,100,Kings County,Permanently Closed,FP,,,,,,,,,,,,,,,,,,,,,,,,,,,,
371,FP,,OHEL JOSEPH BURHO TOXUR INC,"63-36 99th St, Rego Park, New York, 11374",QN,11374,,,,,,,,,,,,,,,,,,,,,,,,,,,,,,,,,,,,,,,,,,,,,,,,,,,,,,,,,,,,,,,,,,,,,,,,,,,1652213735225,1719475247741,036073af-7a3b-40b1-b5ef-9aca06000d25,40.73178392403378,-73.85685727645497,100,Queens County,Permanently Closed,FP,,,,,,,,,,,,,,,,,,,,,,,,,,,,
372,FP,,CALVARY'S MISSION,"102-16 89th Ave, Richmond Hill, New York, 11418",QN,11418,,,,,closed,,,,,closed,,,,,closed,,,,,closed,,,,,open,03:30 PM,06:30 PM,,,closed,,,,,closed,,,,,,,,,,,,,,,,,,,,,,,,,,,,,,,,,,,,,,,,1652213735225,1743580829170,75dc4364-a89d-4087-a16d-cf1f2b004767,40.693218368428,-73.843565254399,100,Queens County,Open,FP,,,,,,,,,,,,,,,,,,,,,,,,,,,,
373,FP,,ELOHIM CHRISTIAN CHURCH FOOD PANTRY,"87-47 111th St, Richmond Hill, New York, 11418",QN,11418,,,,,,,,,,,,,,,,,,,,,,,,,,,,,,,,,,,,,,,,,,,,,,,,,,,,,,,,,,,,,,,,,,,,,,,,,,,1652213735225,1736413220182,6797df9b-21ef-43aa-93d9-38f6ad7217b2,40.695670200836,-73.836316165438,100,Queens County,Permanently Closed,FP,,,,,,,,,,,,,,,,,,,,,,,,,,,,
374,FP,,RIVER FUND,"89-11 Lefferts Blvd, Richmond Hill, New York, 11418",QN,11418,,,,,closed,,,,,closed,,,,,open,09:00 AM,11:30 AM,,,closed,,,,,closed,,,,,open,09:00 AM,11:30 AM,,,closed,,,,,,,,,,,,,,,,,,,,,,,,,,,,,,,,,,,,,,,,1652213735225,1696665615360,5bd23308-c6a3-4e7e-bc24-ab907bd615ca,40.696941526,-73.829205880793,100,Queens County,Open,FP,,,,,,,,,,,,,,,,,,,,,,,,,,,,
375,FP,,HUNGRY MONK RESCUE,"68-59 60th Ln, Ridgewood, NY, 11385, USA",QN,11385,,,,,,,,,,,,,,,,,,,,,,,,,,,,,,,,,,,,,,,,,,,,,,,,,,,,,,,,,,,,,,,,,,,,,,,,,,,1652213735225,1719475247741,d131c58c-ef91-44b8-b575-603f6197aa91,40.70315348017175,-73.89735670476098,100,Queens County,Permanently Closed,FP,,,,,,,,,,,,,,,,,,,,,,,,,,,,
376,FP,,MT. MORIAH SEVENTH-DAY ADVENTIST CHURCH,"1834 Decatur St, Ridgewood, New York, 11385",QN,11385,,,,,,,,,,,,,,,,,,,,,,,,,,,,,,,,,,,,,,,,,,,,,,,,,,,,,,,,,,,,,,,,,,,,,,,,,,,1652213735225,1719475247741,7f3db05d-d2f0-4d40-a329-72abadcc4b2c,40.69817408486185,-73.89763288847061,100,Queens County,Permanently Closed,FP,,,,,,,,,,,,,,,,,,,,,,,,,,,,
377,FP,,REACHING OUT MINISTRIES INC,"79-10 Cypress Ave, Ridgewood, New York, 11385",QN,11385,,,,,,,,,,,,,,,,,,,,,,,,,,,,,,,,,,,,,,,,,,,,,,,,,,,,,,,,,,,,,,,,,,,,,,,,,,,1652213735225,1719475247741,a652c530-7421-461e-8159-c539bbb5664a,40.69455910358889,-73.89800547493005,100,Queens County,Permanently Closed,FP,,,,,,,,,,,,,,,,,,,,,,,,,,,,
378,FP,,WOODBINE,"585 Woodward Ave, Ridgewood, New York, 11385",QN,11385,,,,,,,,,,,,,,,,,,,,,,,,,,,,,,,,,,,,,,,,,,,,,,,,,,,,,,,,,,,,,,,,,,,,,,,,,,,1652213735225,1719475247741,1fb2aa26-b664-43d2-95b6-deab8946ae74,40.706437300288314,-73.90809995769901,100,Queens County,Permanently Closed,FP,,,,,,,,,,,,,,,,,,,,,,,,,,,,
379,FP,,MEDGAR EVERS COLLEGE COUGAR COUNTRY FOOD PANTRY,"1637 Bedford Ave, Brooklyn, New York, 11225",BK,11225,,,,,,,,,,,,,,,,,,,,,,,,,,,,,,,,,,,,,,,,,,,,,,,,,,,,,,,,,,,,,,,,,,,,,,,,,,,1652213735225,1719475247741,68fc2b18-26f6-435b-9824-54667b5b2691,40.667081247394464,-73.95620311328965,100,Kings County,Inactive,FP,,,,,,,,,,,,,,,,,,,,,,,,,,,,
380,FP,,ACS CARES,"2501 Grand Conc, Bronx, New York, 10468",BX,10468,,,,,,,,,,,,,,,,,,,,,,,,,,,,,,,,,,,,,,,,,,,,,,,,,,,,,,,,,,,,,,,,,,,,,,,,,,,1652213735225,1719475247741,108dba51-3643-4862-b9a1-1ebb8aa2e9e2,40.8629907159428,-73.89713844000228,100,Bronx County,Inactive,FP,,,,,,,,,,,,,,,,,,,,,,,,,,,,
381,FP,,BRONX COMMUNITY COLLEGE FP,"2155 University Ave, Bronx, New York, 10453",BX,10453,,,,,,,,,,,,,,,,,,,,,,,,,,,,,,,,,,,,,,,,,,,,,,,,,,,,,,,,,,,,,,,,,,,,,,,,,,,1652213735225,1719475247741,ba92730a-3d93-4bf9-bd22-2a12e6ec8b50,40.85749193600262,-73.91011136300402,100,Bronx County,Inactive,FP,,,,,,,,,,,,,,,,,,,,,,,,,,,,
382,FP,,BMCC PANTHER PANTRY,"100 Chambers St, New York, NY, 10007, USA",NY,10007,,,,,,,,,,,,,,,,,,,,,,,,,,,,,,,,,,,,,,,,,,,,,,,,,,,,,,,,,,,,,,,,,,,,,,,,,,,1652213735225,1719475247741,7f51f64c-0998-4abb-b356-7aaeed16a4df,40.71473513297491,-74.00775223691377,100,New York County,Inactive,FP,,,,,,,,,,,,,,,,,,,,,,,,,,,,
383,FP,,ST. THOMAS AQUINAS FOOD PANTRY  (FP),"1900 Crotona Pkwy, Bronx, New York, 10460",BX,10460,WED,10AM-12PM,,,closed,,,,,closed,,,,,open,10:00 AM,12:00 PM,,,closed,,,,,closed,,,,,closed,,,,,closed,,,,,,,,,,,,,,,,,,,,,,,,,,,,,,,,,,,,,,,,1652213735225,1702026017245,fba872c2-f7d9-4d73-97c0-293d57b626a3,40.840785084684,-73.885468567668,100,Bronx County,Open,FP,,,,,,,,,,,,,,,,,,,,,,,,,,,,
384,FP,,DELIVERANCE TEMPLE CHURCH OF JESUS CHRIST,"134-10 Rockaway Blvd, South Ozone Park, New York, 11420",QN,11420,TUE,5:30-6:30PM,,,closed,,,,,open,05:30 PM,06:30 PM,,,closed,,,,,closed,,,,,closed,,,,,closed,,,,,closed,,,,,,,,,,,,,,,,,,,,,,,,,,,,,,,,,,,,,,,,1652213735225,1733907620916,09234d88-fdca-41ed-829f-a532a462e995,40.674453424604,-73.804106942287,100,Queens County,Open,FP,,,,,,,,,,,,,,,,,,,,,,,,,,,,
385,FP,,MORRIS BROWN HELPING HAND FOOD PROGRAM,"145-03 Rockaway Blvd, Jamaica, New York, 11436",QN,11436,WED,10AM-12PM,,,closed,,,,,closed,,,,,open,10:00 AM,12:00 PM,,,closed,,,,,closed,,,,,closed,,,,,closed,,,,,,,,,,,,,,,,,,,,,,,,,,,,,,,,,,,,,,,,1652213735225,1684807298185,75ace86b-cebd-4266-9a16-d22ea076920e,40.6738038271078,-73.7934154056913,100,Queens County,Open,FP,,,,,,,,,,,,,,,,,,,,,,,,,,,,
386,FP,,ST. CLEMENT POPE ROMAN CATHOLIC CHURCH,"141-11 123rd Ave, Jamaica, New York, 11436",QN,11436,,,,,,,,,,,,,,,,,,,,,,,,,,,,,,,,,,,,,,,,,,,,,,,,,,,,,,,,,,,,,,,,,,,,,,,,,,,1652213735225,1719475247741,e13f52e6-e97b-454b-a23e-8276ec6e7410,40.6749655169784,-73.79931735517425,100,Queens County,Inactive,FP,,,,,,,,,,,,,,,,,,,,,,,,,,,,
387,FP,,ZION TABERNACLE F.B.H. CHURCH FOOD PANTRY,"105-01 107th Ave, Ozone Park, New York, 11417",QN,11417,,,,,,,,,,,,,,,,,,,,,,,,,,,,,,,,,,,,,,,,,,,,,,,,,,,,,,,,,,,,,,,,,,,,,,,,,,,1652213735225,1719475247741,752c99c0-f022-4449-8f58-2974d3ddcbcb,40.68115764794925,-73.83527454633045,100,Queens County,Permanently Closed,FP,,,,,,,,,,,,,,,,,,,,,,,,,,,,
388,FP,,LAGUARDIA COMMUNITY COLLEGE,"29-10 Thomson Ave, Long Island City, New York, 11101",QN,11101,,,,,,,,,,,,,,,,,,,,,,,,,,,,,,,,,,,,,,,,,,,,,,,,,,,,,,,,,,,,,,,,,,,,,,,,,,,1652213735225,1719475247741,210db013-9964-4a7c-a190-d6d55e2da648,40.745062367406234,-73.93745958522776,100,Queens County,Inactive,FP,,,,,,,,,,,,,,,,,,,,,,,,,,,,
389,FP,,COLECTIVO INTERCULTURAL TRANSGREDIENDO,"37-63 83rd St, Jackson Heights, New York, 11372",QN,11372,,,,,,,,,,,,,,,,,,,,,,,,,,,,,,,,,,,,,,,,,,,,,,,,,,,,,,,,,,,,,,,,,,,,,,,,,,,1652213735225,1719475247741,b9796d7f-3689-4966-81e5-a126118ce47c,40.74797918589226,-73.88291007554294,100,Queens County,Permanently Closed,FP,,,,,,,,,,,,,,,,,,,,,,,,,,,,
390,FP,,MANHATTAN DOWNTOWN MULTI-CULTURAL FOOD PANTRY,"160 Allen St, New York, NY, 10002, USA",NY,10002,,,,,,,,,,,,,,,,,,,,,,,,,,,,,,,,,,,,,,,,,,,,,,,,,,,,,,,,,,,,,,,,,,,,,,,,,,,1652213735225,1719475247741,84d7d420-3d35-4caf-bf3f-e85422f2a6e3,40.720919133499706,-73.98918447736148,100,New York County,Permanently Closed,FP,,,,,,,,,,,,,,,,,,,,,,,,,,,,
391,FP,,"LIFT, INC.","7 Marcus Garvey Blvd, Brooklyn, New York, 11206",BK,11206,,,,,,,,,,,,,,,,,,,,,,,,,,,,,,,,,,,,,,,,,,,,,,,,,,,,,,,,,,,,,,,,,,,,,,,,,,,1652213735225,1719475247741,31570ca2-32ed-4a2f-a094-64c064c836ee,40.699809352261866,-73.9412461938063,100,Kings County,Permanently Closed,FP,,,,,,,,,,,,,,,,,,,,,,,,,,,,
392,FP,,BVM/ST. MARY'S CHURCH WINFIELD,"70-31 48th Ave, Woodside, New York, 11377",QN,11377,THUR,9:30AM-12PM,,,closed,,,,,closed,,,,,closed,,,,,open,09:30 AM,12:00 PM,,,closed,,,,,closed,,,,,closed,,,,,,,,,,,,,,,,,,,,,,,,,,,,,,,,,,,,,,,,1652213735225,1684807298185,47966f02-8c57-49d8-9851-26b1ca4cd1bf,40.7384780052763,-73.892792842301,100,Queens County,Open,FP,,,,,,,,,,,,,,,,,,,,,,,,,,,,
393,FP,,SAINT TERESA CHURCH - SAINT VINCENT DePAUL SOCIETY,"50-20 45th St, Woodside, New York, 11377",QN,11377,TUE,4-5:30PM,,,closed,,,,,open,04:00 PM,05:30 PM,,,closed,,,,,closed,,,,,closed,,,,,closed,,,,,closed,,,,,,,,,,,,,,,,,,,,,,,,,,,,,,,,,,,,,,,,1652213735225,1684807298185,6904d815-2551-4bb7-9296-7a87effafa91,40.7370094120209,-73.9210412809258,100,Queens County,Open,FP,,,,,,,,,,,,,,,,,,,,,,,,,,,,
394,FP,,ACADEMY MEDICAL & PUBLIC HEALTH,"5306 3rd Ave, Brooklyn, New York, 11220",BK,11220,,,,,,,,,,,,,,,,,,,,,,,,,,,,,,,,,,,,,,,,,,,,,,,,,,,,,,,,,,,,,,,,,,,,,,,,,,,1652213735225,1719475247741,7e52e263-638b-411b-87ad-6b4bdb837893,40.64597536374163,-74.01679832209683,100,Kings County,Permanently Closed,FP,,,,,,,,,,,,,,,,,,,,,,,,,,,,
395,FP,,ADMIRABLE CHURCH INC (FP),"1910 Flatbush Ave, Brooklyn, New York, 11210",BK,11210,SAT,10AM-12PM,,,closed,,,,,closed,,,,,closed,,,,,closed,,,,,closed,,,,,open,10:00 AM,12:00 PM,,,closed,,,,,,,,,,,,,,,,,,,,,,,,,,,,,,,,,,,,,,,,1652213735225,1702717214896,7e4e86f9-e66c-4109-8ed1-bd0df1e120cb,40.623151231847,-73.937678101444,100,Kings County,Open,FP,,,,,,,,,,,,,,,,,,,,,,,,,,,,
396,FP,,AGAPE FOOD RESCUE,"835A Pennsylvania Ave, Brooklyn, New York, 11207",BK,11207,,,,,,,,,,,,,,,,,,,,,,,,,,,,,,,,,,,,,,,,,,,,,,,,,,,,,,,,,,,,,,,,,,,,,,,,,,,1652213735225,1719475247741,7638d247-289c-4620-9223-c44148b7d200,40.65733818137415,-73.8895215991534,100,Kings County,Permanently Closed,FP,,,,,,,,,,,,,,,,,,,,,,,,,,,,
397,FP,,AMMI EVANGELICAL BAPTIST CHURCH,"1799 Flatbush Ave, Brooklyn, New York, 11210",BK,11210,,,,,,,,,,,,,,,,,,,,,,,,,,,,,,,,,,,,,,,,,,,,,,,,,,,,,,,,,,,,,,,,,,,,,,,,,,,1652213735225,1694678416514,4ce8915f-f516-43f5-9ab8-722bf3bb93db,40.626289416396,-73.940491403425,100,Kings County,Permanently Closed,FP,,,,,,,,,,,,,,,,,,,,,,,,,,,,
398,FP,,APNA COMMUNITY SERVICES INC   ,"225 Neptune Ave, Brooklyn, New York, 11235",BK,11235,WED,2-4PM,,,closed,,,,,closed,,,,,open,02:00 PM,03:00 PM,,,closed,,,,,closed,,,,,closed,,,,,closed,,,,,,,,,,,,,,,,,,,,,,,,,,,,,,,,,,,,,,,,1652213735225,1773129628003,10bdd130-354f-48f8-bb74-b0c55bb79910,40.581802255745,-73.961690074746,100,Kings County,Open,FP,,,,,,,,,,,,,,,,,,,,,,,,,,,,
399,FPK,,KINGS BAY Y FOOD PANTRY,"3495 Nostrand Ave, Brooklyn, New York, 11229",BK,11229,MON/FRI,11AM-3PM/11AM-1PM,,,closed,,,,,closed,,,,,closed,,,,,closed,,,,,open,09:30 AM,11:00 AM,,,closed,,,,,closed,,,,,,,,,,,,,,,,,,,,,,,,,,,,,,,,,,,,,,,,1652213735225,1733994035331,67612f0b-2dbb-43af-9cbb-a86992cf7f4d,40.598730934131,-73.941331353943,100,Kings County,Open,FP,,,,,,,,,,,,,,,,,,,,,,,,,,,,
400,FPK,,METROPOLITAN COUNCIL ON JEWISH POVERTY,"5361 Preston Ct, Brooklyn, New York, 11234",BK,11234,TUE/THUR,1-3PM/10AM-12PM,,,closed,,,,,open,03:00 PM,05:00 PM,,,closed,,,,,open,03:00 PM,05:00 PM,,,closed,,,,,closed,,,,,closed,,,,,,,,,,,,,,,,,,,,,,,,,,,,,,,,,,,,,,,,1652213735225,1734512422582,421656a6-624d-4a93-9d47-dc5306d61b6a,40.638733357489,-73.923713431658,100,Kings County,Open,FP,,,,,,,,,,,,,,,,,,,,,,,,,,,,
401,FPK,,NAT'L COMM. FOR FUTH. OF JEWISH ED.(UC),"824 Eastern Pkwy, Brooklyn, New York, 11213",BK,11213,FRI,12-1PM,,,closed,,,,,closed,,,,,closed,,,,,closed,,,,,open,12:00 PM,01:00 PM,,,closed,,,,,closed,,,,,,,,,,,,,,,,,,,,,,,,,,,,,,,,,,,,,,,,1652213735225,1684807298185,133ae09e-34a5-4b73-b29f-5309d0c1b9a8,40.6689654154093,-73.9410246601054,100,Kings County,Open,FP,,,,,,,,,,,,,,,,,,,,,,,,,,,,
402,FPK,,ONEG SHABBOS,"3846 Flatlands Ave, Brooklyn, NY, 11234, USA",BK,11234,,,,,,,,,,,,,,,,,,,,,,,,,,,,,,,,,,,,,,,,,,,,,,,,,,,,,,,,,,,,,,,,,,,,,,,,,,,1652213735225,1716969619722,51cd6e4f-9f17-49ce-8b4e-bac605b1e84d,40.619638711503,-73.937580787548,100,Kings County,Inactive,FP,,,,,,,,,,,,,,,,,,,,,,,,,,,,
403,FPK,,SEPHARDIC BIKUR HOLIM FOOD PANTRY (FPK),"425 Kings Hwy, Brooklyn, New York, 11223",BK,11223,"M,TU,W,TH/FRI/TU,TH",9A-12:30P/9-11A/2-3:30P,,,open,09:00 AM,12:30 PM,01:00 PM,04:30 PM,open,09:00 AM,12:30 PM,01:00 PM,04:30 PM,open,09:00 AM,12:30 PM,01:00 PM,04:30 PM,open,09:00 AM,12:30 PM,01:00 PM,04:30 PM,open,09:00 AM,01:00 PM,,,closed,,,,,closed,,,,,,,,,,,,,,,,,,,,,,,,,,,,,,,,,,,,,,,,1652213735225,1744444819706,178b67fa-61a5-46e9-a4e8-7ba66af9a792,40.604623537792,-73.974870868947,100,Kings County,Open,FP,,,,,,,,,,,,,,,,,,,,,,,,,,,,
404,FPK,,SHALOM SENIOR CENTER,"483 Albany Ave, Brooklyn, New York, 11203",BK,11203,MON-THUR/FRI,9AM-4PM/9AM-12PM,,,open,01:00 PM,02:00 PM,,,open,01:00 PM,02:00 PM,,,open,01:00 PM,02:00 PM,,,open,01:00 PM,02:00 PM,,,open,12:00 PM,01:00 PM,,,closed,,,,,closed,,,,,,,,,,,,,,,,,,,,,,,,,,,,,,,,,,,,,,,,1652213735225,1730970021673,e1161484-601c-4a13-8be6-a4221d4616d7,40.663361191127,-73.939834429854,100,Kings County,Open,FP,,,,,,,,,,,,,,,,,,,,,,,,,,,,
405,FPK,,SHOREFRONT JEWISH COMMUNITY COUNCIL,"3014 Brighton 6th St, Brooklyn, New York, 11235",BK,11235,,,,,,,,,,,,,,,,,,,,,,,,,,,,,,,,,,,,,,,,,,,,,,,,,,,,,,,,,,,,,,,,,,,,,,,,,,,1652213735225,1719475247741,57e7ac20-0780-42b0-83e6-d5b6a7682473,40.57916459654419,-73.96225090788782,100,Kings County,Permanently Closed,FP,,,,,,,,,,,,,,,,,,,,,,,,,,,,
406,FPK,,TOMCHE SHABBOS OF BORO PARK,"6225 New Utrecht Ave, Brooklyn, New York, 11219",BK,11219,THUR,3-5PM,,,closed,,,,,closed,,,,,open,03:00 PM,05:00 PM,,,closed,,,,,closed,,,,,closed,,,,,closed,,,,,,,,,,,,,,,,,,,,,,,,,,,,,,,,,,,,,,,,1652213735225,1684807298185,65926d55-5e52-47e1-a2cd-c27c1506ce8d,40.625370424532,-73.9970001829774,100,Kings County,Open,FP,,,,,,,,,,,,,,,,,,,,,,,,,,,,
407,FPK,,ZICHRON ACHEINU LEVY-MENACHEM TZION,"4518 11th Ave, Brooklyn, New York, 11219",BK,11219,FRI,10:30-11:30AM,,,closed,,,,,closed,,,,,open,10:00 AM,12:00 PM,,,closed,,,,,closed,,,,,closed,,,,,closed,,,,,,,,,,,,,,,,,,,,,,,,,,,,,,,,,,,,,,,,1652213735225,1761897624085,1b808c36-0e84-4a2a-bbcd-cf3d6323d0cb,40.639623347968,-73.994726005008,100,Kings County,Open,FP,,,,,,,,,,,,,,,,,,,,,,,,,,,,
408,FPK,,JEWISH COMMUNITY COUNCIL OF PELHAM PARKWAY,"2157 Holland Ave, Bronx, New York, 10462",BX,10462,"TUE,WED,THUR",12-4PM,,,closed,,,,,closed,,,,,closed,,,,,open,11:00 AM,03:00 PM,,,closed,,,,,closed,,,,,closed,,,,,,,,,,,,,,,,,,,,,,,,,,,,,,,,,,,,,,,,1652213735225,1719475247741,d43689fb-42dc-495c-bdec-879764a02fbf,40.85534281602844,-73.8658499689148,100,Bronx County,Open,FP,,,,,,,,,,,,,,,,,,,,,,,,,,,,
409,FPK,,JEWISH COMMUNITY COUNCIL OF WASHINGTON HGTS,"121 Bennett Ave, New York, NY, 10033, USA",NY,10033,"TUE,WED,THUR",11AM-1PM,,,closed,,,,,closed,,,,,open,10:00 AM,01:00 PM,,,closed,,,,,closed,,,,,closed,,,,,closed,,,,,,,,,,,,,,,,,,,,,,,,,,,,,,,,,,,,,,,,1652213735225,1733994035331,b5f1ba2d-862c-431e-a9e4-f4d8dbd59e72,40.854067844736,-73.934593393437,100,New York County,Open,FP,,,,,,,,,,,,,,,,,,,,,,,,,,,,
410,FPK,,LILLIAN WALD FOOD PANTRY,"12 Avenue D, New York, New York, 10009",NY,10009,FRI,1AM-2PM,,,closed,,,,,open,10:00 AM,02:00 PM,,,open,10:00 AM,02:00 PM,,,closed,,,,,closed,,,,,closed,,,,,closed,,,,,,,,,,,,,,,,,,,,,,,,,,,,,,,,,,,,,,,,1652213735225,1733302821808,26cc7d29-1fc1-47a6-a0fa-d342310a6717,40.720245521851,-73.978182475072,100,New York County,Open,FP,,,,,,,,,,,,,,,,,,,,,,,,,,,,
411,FPK,,UJC OF THE EAST SIDE,"15 Willett St, New York, NY, 10002, USA",NY,10002,,,,,,,,,,,,,,,,,,,,,,,,,,,,,,,,,,,,,,,,,,,,,,,,,,,,,,,,,,,,,,,,,,,,,,,,,,,1652213735225,1719475247741,bdad2d5e-70ab-4056-affc-21179c0b4ddc,40.715720237581394,-73.9830093541582,100,New York County,Inactive,FP,,,,,,,,,,,,,,,,,,,,,,,,,,,,
412,FPK,,ESTHER GRUNBLATT-CENTRAL QUEENS Y (FPK),"67-09 108th St, Forest Hills, New York, 11375 ",QN,11375,MON-FRI,10AM-1:3-PM,,,open,09:00 AM,02:00 PM,03:30 PM,06:30 PM,open,09:00 AM,02:00 PM,03:30 PM,06:30 PM,open,09:00 AM,02:00 PM,03:30 PM,06:30 PM,open,09:00 AM,02:00 PM,,,open,09:00 AM,12:00 PM,,,closed,,,,,closed,,,,,,,,,,,,,,,,,,,,,,,,,,,,,,,,,,,,,,,,1652213735225,1766566824659,d0cb9cf6-4c2d-4842-9994-9d755e3db5e9,40.728684086692,-73.847202916558,100,Queens County,Open,FP,,,,,,,,,,,,,,,,,,,,,,,,,,,,
413,FPK,,JEWISH COMMUNITY COUNCIL OF THE ROCKAWAY PENINSULA,"15-25 Central Ave, Far Rockaway, NY, 11691, USA",QN,11691,,,,,closed,,,,,open,09:30 AM,01:30 PM,,,closed,,,,,open,09:30 AM,01:30 PM,,,closed,,,,,closed,,,,,closed,,,,,,,,,,,,,,,,,,,,,,,,,,,,,,,,,,,,,,,,1652213735225,1751616015585,fc0377d8-462d-4b1e-bab6-c3e0a9ef96b4,40.605287468343,-73.751658775728,100,Queens County,Open,FP,,,,,,,,,,,,,,,,,,,,,,,,,,,,
414,FPK,,JEWISH INSTITUTE OF QUEENS,"60-05 Woodhaven Blvd, Elmhurst, New York, 11373",QN,11373,,,,,,,,,,,,,,,,,,,,,,,,,,,,,,,,,,,,,,,,,,,,,,,,,,,,,,,,,,,,,,,,,,,,,,,,,,,1652213735225,1716451229390,6e684c42-fd1e-4b40-971c-54e84cd7aaf7,40.731195472521,-73.871251854054,100,Queens County,Permanently Closed,FP,,,,,,,,,,,,,,,,,,,,,,,,,,,,
415,FPK,,JEWISH COMMUNITY CENTER OF STATEN ISLAND,"1466 Manor Rd, Staten Island, New York, 10314",SI,10314,MON-THUR,10AM-6PM,,,open,09:00 AM,05:00 PM,,,open,09:00 AM,05:00 PM,,,open,09:00 AM,05:00 PM,,,open,09:00 AM,06:30 PM,,,open,09:00 AM,03:00 PM,,,closed,,,,,closed,,,,,,,,,,,,,,,,,,,,,,,,,,,,,,,,,,,,,,,,1652213735225,1739350822154,0805fa97-18fd-4867-a94a-c97743136e94,40.594743411334,-74.126203951485,100,Richmond County,Open,FP,,,,,,,,,,,,,,,,,,,,,,,,,,,,
416,FPK,,MESIVTHA OF STATEN ISLAND,"1870 Drumgoole Rd E, Staten Island, New York, 10309",SI,10309,WED,11AM-2PM,,,closed,,,,,closed,,,,,open,11:00 AM,12:00 PM,,,closed,,,,,closed,,,,,closed,,,,,closed,,,,,,,,,,,,,,,,,,,,,,,,,,,,,,,,,,,,,,,,1652213735225,1719475247741,e1c1f748-0149-4391-97cd-0f1e5bb3cf57,40.527651892289356,-74.21445332198145,100,Richmond County,Open,FP,,,,,,,,,,,,,,,,,,,,,,,,,,,,
417,FPK,SKK,MASBIA OF BORO PARK,"5402 New Utrecht Ave, Brooklyn, New York, 11219",BK,11219,,,,,,,,,,,,,,,,,,,,,,,,,,,,,,,,,,,,,,,,,,,,,,,,,,,,,,,,,,,,,,,,,,,,,,,,,,,1652213735225,1730188825088,fa40e90b-f1ce-4c4b-93fc-53eb8a87b983,40.632346514907,-73.995455314403,100,Kings County,Inactive,"FP,SK",,,,,,,,,,,,,,,,,,,,,,,,,,,,
418,FPK,SKK,MASBIA OF FLATBUSH,"1372 Coney Island Ave, Brooklyn, New York, 11230",BK,11230,,,,,,,,,,,,,,,,,,,,,,,,,,,,,,,,,,,,,,,,,,,,,,,,,,,,,,,,,,,,,,,,,,,,,,,,,,,1652213735225,1778832024118,617e8186-e4a5-4a9d-818d-148eb5887a08,40.624047969759,-73.965373921192,100,Kings County,Inactive,"FP,SK",,,,,,,,,,,,,,,,,,,,,,,,,,,,
419,FPK,SKK,MASBIA OF QUEENS,"105-47 64th Rd, Forest Hills, New York, 11375",QN,11375,,,,,open,12:00 PM,07:00 PM,,,open,12:00 PM,07:00 PM,,,open,12:00 PM,07:00 PM,,,open,12:00 PM,07:00 PM,,,closed,,,,,closed,,,,,open,12:00 PM,07:00 PM,,,open,03:00 PM,07:00 PM,,,open,03:00 PM,07:00 PM,,,open,03:00 PM,07:00 PM,,,open,03:00 PM,07:00 PM,,,closed,,,,,closed,,,,,open,03:00 PM,07:00 PM,,,1652213735225,1763024416277,e0e7a5cc-4583-4266-a598-a3cbf6fa1a07,40.7234257,-73.8454556,87.06,Queens County,Open,"FP,SK",,,,,,,,,,,,,,,,,,,,,,,,,,,,
420,FPM,,CITY HARVEST - BED-STUY MOBILE MARKET,"736 Park Ave, Brooklyn, NY, 11206, USA",BK,11206,"WED(3),SAT(1)",9:30-11:30AM,,,closed,,,,,closed,,,,,open,09:30 AM,11:30 AM,,,closed,,,,,closed,,,,,closed,,,,,closed,,,,,,,,,,,,,,,,,,,,,,,,,,,,,,,,,,,,,,,,1652213735225,1732784423781,fab6d843-867b-4ee9-8ade-0b5a1eeff037,40.69775440297,-73.94609277786,100,Kings County,Open,FP,,,,,,,,,,,,,,,,,,,,,,,,,,,,
421,FPM,,METRO MINISTRIES INTERNATIONAL (FP),"11 Harman St, Brooklyn, NY, 11221, USA",BK,11221,,,,,,,,,,,,,,,,,,,,,,,,,,,,,,,,,,,,,,,,,,,,,,,,,,,,,,,,,,,,,,,,,,,,,,,,,,,1652213735225,1766653223889,19fa9e56-b98b-45ed-9de7-d96a9b1e5f08,40.693939673106,-73.924893268349,100,Kings County,Inactive,FP,,,,,,,,,,,,,,,,,,,,,,,,,,,,
422,FP,,ON THE GO RELIEF,"2832 Fulton St, Brooklyn, NY, 11207, USA",BK,11207,,,,,,,,,,,,,,,,,,,,,,,,,,,,,,,,,,,,,,,,,,,,,,,,,,,,,,,,,,,,,,,,,,,,,,,,,,,1652213735225,1730188825088,788fb537-ba1b-44d3-ad22-5b4170e96cd1,40.678177755642,-73.890072830902,100,Kings County,Inactive,FP,,,,,,,,,,,,,,,,,,,,,,,,,,,,
423,FPM,,RIVER FUND MOBILE - BROOKLYN,"2628 Linden Blvd, Brooklyn, NY, 11208, USA",BK,11208,,,,,,,,,,,,,,,,,,,,,,,,,,,,,,,,,,,,,,,,,,,,,,,,,,,,,,,,,,,,,,,,,,,,,,,,,,,1652213735225,1719475247741,1596491b-dc95-4a9d-a632-0f8eb686554a,40.668187281428004,-73.86745426518259,100,Kings County,Inactive,FP,,,,,,,,,,,,,,,,,,,,,,,,,,,,
424,FPM,,CITY HARVEST - MELROSE MOBILE MARKET,"286 E 156th St, Bronx, New York, 10451",BX,10451,"WED(4),SAT(2)",9:30-11:30AM,,,closed,,,,,closed,,,,,open,09:30 AM,11:30 AM,,,closed,,,,,closed,,,,,open,09:30 AM,11:30 AM,,,closed,,,,,,,,,,,,,,,,,,,,,,,,,,,,,,,,,,,,,,,,1652213735225,1732784423781,09fa86e4-5801-4f0b-bbea-766a387dd30d,40.821535960222,-73.920266625434,100,Bronx County,Open,FP,,,,,,,,,,,,,,,,,,,,,,,,,,,,
425,FPM,,CITY HARVEST - ST. MARY'S MOBILE MARKET,"595 Trinity Ave, Bronx, New York, 10455",BX,10455,"TUE(4),SAT(2)",9:30-11:30AM,,,closed,,,,,open,09:30 AM,11:30 AM,,,closed,,,,,closed,,,,,closed,,,,,open,09:30 AM,11:30 AM,,,closed,,,,,,,,,,,,,,,,,,,,,,,,,,,,,,,,,,,,,,,,1652213735225,1732784423781,f815eded-5f04-48c4-b161-4561511e7c3e,40.815134994134,-73.909729818771,100,Bronx County,Open,FP,,,,,,,,,,,,,,,,,,,,,,,,,,,,
426,FPM,,WSCAH - MOBILE FOOD PANTRY ,"263 W 86th St, New York, NY, 10024, USA",NY,10024,,,,,,,,,,,,,,,,,,,,,,,,,,,,,,,,,,,,,,,,,,,,,,,,,,,,,,,,,,,,,,,,,,,,,,,,,,,1652213735225,1719475247741,25e5e99e-f640-45da-a1b8-02edca7ec091,40.788800060185054,-73.97726633305534,100,New York County,Inactive,FP,,,,,,,,,,,,,,,,,,,,,,,,,,,,
427,FPM,,CITY HARVEST MOBILE MARKET - DYCKMAN HOUSES,"177 Nagle Ave, New York, New York, 10034",NY,10034,"WED(2),SAT(4)",9:30-11:30AM,,,closed,,,,,closed,,,,,open,09:30 AM,11:30 AM,,,closed,,,,,closed,,,,,open,09:30 AM,11:30 AM,,,closed,,,,,,,,,,,,,,,,,,,,,,,,,,,,,,,,,,,,,,,,1652213735225,1732784423781,89318d63-975e-4418-a01f-44a5ca199a2e,40.861138902074,-73.923996153252,100,New York County,Open,FP,,,,,,,,,,,,,,,,,,,,,,,,,,,,
428,FPM,,CITY HARVEST MOBILE MARKET - PRINCE HALL,"454 W 155th St, New York, New York, 10032",NY,10032,"THU(2),SAT(4)",9:30-11:30AM,,,closed,,,,,closed,,,,,closed,,,,,open,09:30 AM,11:30 AM,,,closed,,,,,open,09:30 AM,11:30 AM,,,closed,,,,,,,,,,,,,,,,,,,,,,,,,,,,,,,,,,,,,,,,1652213735225,1732784423781,e46efb47-a448-4777-802d-6cbbe8e86c8a,40.830800310164,-73.941866873736,100,New York County,Open,FP,,,,,,,,,,,,,,,,,,,,,,,,,,,,
429,FPM,,CITY HARVEST - ASTORIA MOBILE MARKET,"1-11 Astoria Blvd, Astoria, NY, 11102, USA",QN,11102,"THUR(3),SAT(1)",9:30-11:30AM,,,closed,,,,,closed,,,,,closed,,,,,open,09:30 AM,11:30 AM,,,closed,,,,,open,09:30 AM,11:30 AM,,,closed,,,,,,,,,,,,,,,,,,,,,,,,,,,,,,,,,,,,,,,,1652213735225,1719475247741,3d915ad3-c6a3-41cc-b3c6-06a4e1a4f932,40.77401018108467,-73.9367171243643,100,Queens County,Open,FP,,,,,,,,,,,,,,,,,,,,,,,,,,,,
430,FPM,,CITY HARVEST MOBILE MARKET - QUEENSBRIDGE HOUSES,"10-25 41st Ave, Long Island City, New York, 11101",QN,11101,"TUE(2),SAT(4)",9:30-11:30AM,,,closed,,,,,closed,,,,,open,09:30 AM,11:30 AM,,,closed,,,,,closed,,,,,open,09:30 AM,11:30 AM,,,closed,,,,,,,,,,,,,,,,,,,,,,,,,,,,,,,,,,,,,,,,1652213735225,1732784423781,0315ceef-d2df-49a7-ba9a-80f46e935aac,40.755455759706,-73.944638769117,100,Queens County,Open,FP,,,,,,,,,,,,,,,,,,,,,,,,,,,,
431,FPM,,RIVER FUND,"153-14 90th Ave, Jamaica, NY, 11432, USA",QN,11432,,,,,,,,,,,,,,,,,,,,,,,,,,,,,,,,,,,,,,,,,,,,,,,,,,,,,,,,,,,,,,,,,,,,,,,,,,,1652213735225,1717142416679,5a7a78ea-ca3d-4552-ba72-b11c56747c40,40.70432665325,-73.802559307684,100,Queens County,Inactive,FP,,,,,,,,,,,,,,,,,,,,,,,,,,,,
432,FPM,,CATHOLIC CHARITIES OF STATEN ISLAND,"120 Anderson St, Staten Island, NY, 10305, USA",SI,10305,,,,,,,,,,,,,,,,,,,,,,,,,,,,,,,,,,,,,,,,,,,,,,,,,,,,,,,,,,,,,,,,,,,,,,,,,,,1652213735225,1719475247741,c9b8ffeb-0a6d-407b-950b-eb4277990321,40.61444746646187,-74.06888837588276,100,Richmond County,Permanently Closed,FP,,,,,,,,,,,,,,,,,,,,,,,,,,,,
433,FPM,,CITY HARVEST - MARINER'S HARBOR MOBILE MARKET,"22 Roxbury St, Staten Island, New York, 10303",SI,10303,,,,,,,,,,,,,,,,,,,,,,,,,,,,,,,,,,,,,,,,,,,,,,,,,,,,,,,,,,,,,,,,,,,,,,,,,,,1652213735225,1719475247741,31f80496-7c3c-44bf-813f-bd8d209be8da,40.632825247306755,-74.16282197188717,100,Richmond County,Inactive,FP,,,,,,,,,,,,,,,,,,,,,,,,,,,,
434,FPM,,CITY HARVEST - STAPLETON MOBILE MARKET,"75 Hill St, Staten Island, NY, 10304, USA",SI,10304,"TUE(1),SAT(3)",9:30-11:30AM,,,closed,,,,,open,09:30 AM,11:30 AM,,,closed,,,,,closed,,,,,closed,,,,,open,09:30 AM,11:30 AM,,,closed,,,,,,,,,,,,,,,,,,,,,,,,,,,,,,,,,,,,,,,,1652213735225,1732784423781,7069cb7e-2ce8-4c88-ae97-dfffc1b4c5ff,40.622138656034,-74.080622491464,100,Richmond County,Open,FP,,,,,,,,,,,,,,,,,,,,,,,,,,,,
435,FPM,,PROJECT HOSPITALITY - MOVEABLE FEAST MOBILE FOOD PANTRY,"205 Canal St, Staten Island, NY, 10304, USA",SI,10304,,,,,,,,,,,,,,,,,,,,,,,,,,,,,,,,,,,,,,,,,,,,,,,,,,,,,,,,,,,,,,,,,,,,,,,,,,,1652213735225,1719475247741,c896e379-48e5-4dc8-adbc-f25cca3bbf82,40.62520094244982,-74.07967131309196,100,Richmond County,Inactive,FP,,,,,,,,,,,,,,,,,,,,,,,,,,,,
436,,SK,BETHANY UNITED METHODIST CHURCH (SK),"1208 St Johns Pl, Brooklyn, New York, 11213",BK,11213,,,,,,,,,,,,,,,,,,,,,,,,,,,,,,,,,,,,,,,,closed,,,,,open,12:30 PM,02:30 PM,,,closed,,,,,open,05:00 PM,07:00 PM,,,closed,,,,,closed,,,,,closed,,,,,1652213735225,1732093221565,7ae7ae56-be41-415d-97cc-b0c692ac4d56,40.670745061091,-73.93826357738,100,Kings County,Open,SK,,,,,,,,,,,,,,,,,,,,,,,,,,,,
437,,SK,COMMUNITY HELP IN PARK SLOPE INC (SK),"200 4th Ave, Brooklyn, NY, 11217, USA",BK,11217,,,,,,,,,,,,,,,,,,,,,,,,,,,,,,,,,,,,,,,,open,09:00 AM,10:30 AM,11:30 AM,01:00 PM,open,09:00 AM,10:30 AM,11:30 AM,01:00 PM,open,09:00 AM,10:30 AM,11:30 AM,01:00 PM,open,09:00 AM,10:30 AM,11:30 AM,01:00 PM,open,09:00 AM,10:30 AM,11:30 AM,01:00 PM,open,09:00 AM,10:30 AM,11:30 AM,01:00 PM,closed,,,,,1652213735225,1753516815300,d85a0a46-3d39-4b0c-aaca-b7461050256f,40.678294012639,-73.982714821576,100,Kings County,Open,SK,,,,,,,,,,,,,,,,,,,,,,,,,,,,
438,,SK,HOPE CENTER DEVELOPMENT CORPORATION,"409 E 95th St, Brooklyn, New York, 11212",BK,11212,,,,,,,,,,,,,,,,,,,,,,,,,,,,,,,,,,,,,,,,closed,,,,,closed,,,,,closed,,,,,closed,,,,,closed,,,,,open,11:00 AM,01:30 PM,,,closed,,,,,1652213735225,1719475247741,9fd8ef5b-1dcf-4623-88fa-79b1655e25a4,40.6571944573229,-73.91844674661684,100,Kings County,Open,SK,,,,,,,,,,,,,,,,,,,,,,,,,,,,
439,,SK,NEIGHBORS TOGETHER (SK),"2094 Fulton St, Brooklyn, New York, 11233",BK,11233,,,,,,,,,,,,,,,,,,,,,,,,,,,,,,,,,,,,,,,,open,12:00 PM,02:00 PM,04:00 PM,06:00 PM,open,12:00 PM,02:00 PM,04:00 PM,06:00 PM,open,12:00 PM,02:00 PM,04:00 PM,06:00 PM,open,12:00 PM,02:00 PM,04:00 PM,06:00 PM,open,12:00 PM,02:00 PM,,,closed,,,,,closed,,,,,1652213735225,1697097618337,95503966-1523-471e-8c0a-d69640b727c3,40.678329048994,-73.913937198889,100,Kings County,Open,SK,,,,,,,,,,,,,,,,,,,,,,,,,,,,
440,,SK,OPIN (OTHER PEOPLE IN NEED) (83913),"1768 St Johns Pl, Brooklyn, New York, 11233",BK,11233,,,,,,,,,,,,,,,,,,,,,,,,,,,,,,,,,,,,,,,,closed,,,,,closed,,,,,closed,,,,,closed,,,,,open,02:00 PM,04:00 PM,,,closed,,,,,closed,,,,,1652213735225,1727769628751,e2c1fb9f-ddd6-499f-a1d8-32c5322d0964,40.669760397016,-73.91848287262,100,Kings County,Open,SK,,,,,,,,,,,,,,,,,,,,,,,,,,,,
441,,SK,UNITED COMMUNITY BAPTIST CHURCH,"545 Utica Ave, Brooklyn, New York, 11203",BK,11203,,,,,,,,,,,,,,,,,,,,,,,,,,,,,,,,,,,,,,,,closed,,,,,closed,,,,,closed,,,,,closed,,,,,closed,,,,,open,10:00 AM,12:00 PM,,,closed,,,,,1652213735225,1719475247741,1a3e1368-c631-496e-81b3-18f3d5865dd1,40.66019128107476,-73.93106251672425,100,Kings County,Open,SK,,,,,,,,,,,,,,,,,,,,,,,,,,,,
442,,SK,EASTCHESTER PRESBYTERIAN CHURCH (SK),"3154 Fish Ave, Bronx, New York, 10469",BX,10469,,,,,,,,,,,,,,,,,,,,,,,,,,,,,,,,,,,,,,,,closed,,,,,closed,,,,,closed,,,,,open,05:00 PM,06:00 PM,,,closed,,,,,closed,,,,,closed,,,,,1652213735225,1757404816309,5a2747a1-7942-431a-8a5d-fc8a50ceadc6,40.871322076242,-73.847255387272,100,Bronx County,Open,SK,,,,,,,,,,,,,,,,,,,,,,,,,,,,
443,,SK,LOYAL BAPTIST CHURCH,"881 E 167th St, Bronx, New York, 10459",BX,10459,,,,,,,,,,,,,,,,,,,,,,,,,,,,,,,,,,,,,,,,closed,,,,,closed,,,,,closed,,,,,open,11:00 AM,03:00 PM,,,closed,,,,,closed,,,,,closed,,,,,1652213735225,1719475247741,5ce3a607-ddaf-439b-89f0-d250fb810d13,40.8261247169348,-73.89622724330809,100,Bronx County,Open,SK,,,,,,,,,,,,,,,,,,,,,,,,,,,,
444,,SK,PATHHSEO INC,"1357 Southern Blvd, Bronx, NY, 10459, USA",BX,10459,,,,,,,,,,,,,,,,,,,,,,,,,,,,,,,,,,,,,,,,closed,,,,,closed,,,,,closed,,,,,closed,,,,,closed,,,,,open,12:00 PM,02:00 PM,,,closed,,,,,1652213735225,1698480016613,526245bf-38d3-45a2-b1f9-0d97037bb370,40.8321441807,-73.891099614041,100,Bronx County,Open,SK,,,,,,,,,,,,,,,,,,,,,,,,,,,,
445,,SK,ST. ANTHONY'S CHURCH (SK),"1750 Mansion St, Bronx, New York, 10460",BX,10460,,,,,,,,,,,,,,,,,,,,,,,,,,,,,,,,,,,,,,,,closed,,,,,closed,,,,,closed,,,,,closed,,,,,closed,,,,,open,07:00 AM,01:00 PM,,,closed,,,,,1652213735225,1715673615448,b60f713e-9477-46a7-bbe3-090667f8aa16,40.837910259533,-73.869447565577,100,Bronx County,Open,SK,,,,,,,,,,,,,,,,,,,,,,,,,,,,
446,,SK,WOODYCREST UNITED METHODIST CHURCH,"89 W 166th St, Bronx, New York, 10452",BX,10452,,,,,,,,,,,,,,,,,,,,,,,,,,,,,,,,,,,,,,,,closed,,,,,closed,,,,,open,12:00 PM,01:30 PM,,,closed,,,,,closed,,,,,closed,,,,,closed,,,,,1652213735225,1693987214367,1681b44b-3c69-455b-9a0d-021695a1aef3,40.835310235077,-73.926558836329,100,Bronx County,Open,SK,,,,,,,,,,,,,,,,,,,,,,,,,,,,
447,FP,SK,EBENEZER SEVENTH DAY ADVENTIST CHURCH,"1234 E New York Ave, Brooklyn, New York, 11212",BK,11212,WED,10:30AM-12PM,SUN,12:30-2PM,closed,,,,,closed,,,,,open,10:30 AM,12:00 PM,,,closed,,,,,closed,,,,,closed,,,,,closed,,,,,closed,,,,,closed,,,,,closed,,,,,closed,,,,,closed,,,,,closed,,,,,closed,,,,,1652213735225,1714464016489,9f171623-e8ed-4f65-bad5-57df2c665657,40.667489152713,-73.92123917766,100,Kings County,Open,"FP,SK",,,,,,,,,,,,,,,,,,,,,,,,,,,,
448,,SK,CENTRAL SYNAGOGUE CARING COMMITTEE,"123 E 55th St, New York, New York, 10022",NY,10022,,,,,,,,,,,,,,,,,,,,,,,,,,,,,,,,,,,,,,,,,,,,,,,,,,,,,,,,,,,,,,,,,,,,,,,,,,,1652213735225,1719475247741,41a7d183-c7d1-4d8e-aeb1-6aa6b57d9953,40.760010402072226,-73.97060322294506,100,New York County,Inactive,SK,,,,,,,,,,,,,,,,,,,,,,,,,,,,
449,FP,SK,GRAND CENTRAL NEIGHBORHOOD SOCIAL SERVICE CORP.,"120 E 32nd St, New York, NY, 10016, USA",BK,10016,MON-SUN,6:30-7:30A/12-1:30P/4-6P,,,closed,,,,,closed,,,,,open,01:00 PM,03:00 PM,,,closed,,,,,closed,,,,,closed,,,,,closed,,,,,open,07:30 AM,08:15 AM,12:00 PM,01:15 PM,open,07:30 AM,08:15 AM,12:00 PM,01:15 PM,open,07:30 AM,08:15 AM,12:00 PM,01:15 PM,open,07:30 AM,08:15 AM,12:00 PM,01:15 PM,open,07:30 AM,08:15 AM,12:00 PM,01:15 PM,open,07:30 AM,08:15 AM,12:00 PM,01:15 PM,open,07:30 AM,08:15 AM,12:00 PM,01:15 PM,1652213735225,1761638416904,cd13e707-fd0e-4b84-8c6c-67df63d4dc5b,40.647907476243,-73.947599257318,100,Kings County,Open,"FP,SK",,,,,,,,,,,,,,,03:00 PM,05:00 PM,03:00 PM,05:00 PM,03:00 PM,05:00 PM,03:00 PM,05:00 PM,03:00 PM,05:00 PM,03:00 PM,05:00 PM,03:00 PM,05:00 PM
450,,SK,HOLY GHOST PENTECOSTAL CHURCH,"13-15 125th St, College Point, New York, 11356",QN,11356,,,,,,,,,,,,,,,,,,,,,,,,,,,,,,,,,,,,,,,,,,,,,,,,,,,,,,,,,,,,,,,,,,,,,,,,,,,1652213735225,1719475247741,36316556-bf53-41ac-a8fd-507d1bf217d2,40.786326770105546,-73.84281834300738,100,Queens County,Permanently Closed,SK,,,,,,,,,,,,,,,,,,,,,,,,,,,,
451,,SK,SOUTHERN BAPTIST CHURCH,"12 W 108th St, New York, New York, 10025",NY,10025,,,,,,,,,,,,,,,,,,,,,,,,,,,,,,,,,,,,,,,,,,,,,,,,,,,,,,,,,,,,,,,,,,,,,,,,,,,1652213735225,1768467627929,cb05bbf1-240d-418c-9da7-9ee7cfb039a1,40.799650350027,-73.960045461524,100,New York County,Inactive,SK,,,,,,,,,,,,,,,,,,,,,,,,,,,,
452,,SK,ST. IGNATIUS EPISCOPAL CHURCH,"552 W End Ave, New York, New York, 10024",NY,10024,,,,,,,,,,,,,,,,,,,,,,,,,,,,,,,,,,,,,,,,open,06:45 PM,07:15 PM,,,closed,,,,,closed,,,,,closed,,,,,closed,,,,,open,03:45 PM,04:15 PM,,,closed,,,,,1652213735225,1684807298185,3148a256-e4f9-45cf-b250-c9846ab1895b,40.7893183551679,-73.977312852618,100,New York County,Open,SK,,,,,,,,,,,,,,,,,,,,,,,,,,,,
453,,SK,ST. JOSEPHS SOUP KITCHEN INCORPORATED,"12 W 12nd St, New York, New York, 10011",NY,10011,,,,,,,,,,,,,,,,,,,,,,,,,,,,,,,,,,,,,,,,,,,,,,,,,,,,,,,,,,,,,,,,,,,,,,,,,,,1652213735225,1733475622849,b1499ba5-1ee9-45d0-8663-cc301f00103a,40.734814443036,-73.995164630001,100,New York County,Permanently Closed,SK,,,,,,,,,,,,,,,,,,,,,,,,,,,,
454,,SK,ST. MICHAEL'S CHURCH,"225 W 99th St, New York, New York, 10025",NY,10025,,,,,,,,,,,,,,,,,,,,,,,,,,,,,,,,,,,,,,,,closed,,,,,closed,,,,,closed,,,,,closed,,,,,closed,,,,,open,10:00 AM,11:30 AM,,,closed,,,,,1652213735225,1719475247741,86a6d0ed-6ada-4631-8c01-79ae55d7dbc1,40.79645357597454,-73.96942405680633,100,New York County,Open,SK,,,,,,,,,,,,,,,,,,,,,,,,,,,,
455,,SK,TEMPLE SHAARAY TEFILA,"250 E 79th St, New York, New York, 10075",NY,10075,,,,,,,,,,,,,,,,,,,,,,,,,,,,,,,,,,,,,,,,closed,,,,,closed,,,,,open,11:15 AM,12:00 PM,,,closed,,,,,closed,,,,,closed,,,,,closed,,,,,1652213735225,1728460821255,114fcba7-452a-4e61-83aa-3ce5db5358f7,40.773348776052,-73.955474055351,100,New York County,Open,SK,,,,,,,,,,,,,,,,,,,,,,,,,,,,
456,,SK,"UNIVERSITY COMMUNITY SOCIAL SERVICES, INC","137 E 2nd St, New York, New York, 10009",NY,10009,,,,,,,,,,,,,,,,,,,,,,,,,,,,,,,,,,,,,,,,closed,,,,,closed,,,,,closed,,,,,closed,,,,,closed,,,,,open,09:00 AM,10:00 AM,01:00 PM,02:30 PM,closed,,,,,1652213735225,1696320017259,d2dee5fb-7086-4423-8195-f245e54ec0bd,40.723116156051,-73.986289870919,100,New York County,Open,SK,,,,,,,,,,,,,,,,,,,,,,,,,,,,
457,,SK,HONOR HOUSE,"111-16 173rd St, Jamaica, New York, 11433",QN,11433,,,,,,,,,,,,,,,,,,,,,,,,,,,,,,,,,,,,,,,,,,,,,,,,,,,,,,,,,,,,,,,,,,,,,,,,,,,1652213735225,1719475247741,baef7122-a65b-417b-8af6-48f9dd57d383,40.69483657865544,-73.77941704065512,100,Queens County,Inactive,SK,,,,,,,,,,,,,,,,,,,,,,,,,,,,
458,,SKK,CONGREGATION B'NAI JESHURUN,"257 W 88th St, New York, New York, 10024",NY,10024,,,,,,,,,,,,,,,,,,,,,,,,,,,,,,,,,,,,,,,,closed,,,,,closed,,,,,closed,,,,,open,12:00 PM,01:00 PM,,,closed,,,,,closed,,,,,closed,,,,,1652213735225,1684807298185,603b61e8-f1d8-43f8-97d4-7992879159e0,40.7900202138303,-73.9762362809741,100,New York County,Open,SK,,,,,,,,,,,,,,,,,,,,,,,,,,,,
459,,SKM,COALITION FOR THE HOMELESS,"108 E 51st St, New York, NY, 10022, USA",NY,10022,,,,,,,,,,,,,,,,,,,,,,,,,,,,,,,,,,,,,,,,open,05:30 PM,10:00 PM,,,open,05:30 PM,10:00 PM,,,open,05:30 PM,10:00 PM,,,open,05:30 PM,10:00 PM,,,open,05:30 PM,10:00 PM,,,open,05:30 PM,10:00 PM,,,open,05:30 PM,10:00 PM,,,1652213735225,1732784423781,e85f5bb7-a4cc-412e-af5c-058495b68bc9,40.757344520409,-73.97258170199,100,New York County,Open,SK,,,,,,,,,,,,,,,,,,,,,,,,,,,,
460,FP,SK,"FAITH CENTER FOR HUMAN SERVICES, INC","1014 Gates Ave, Brooklyn, New York, 11221",BK,11221,,,,,closed,,,,,closed,,,,,closed,,,,,closed,,,,,closed,,,,,open,09:30 AM,12:00 PM,,,closed,,,,,closed,,,,,closed,,,,,closed,,,,,closed,,,,,closed,,,,,open,09:30 AM,12:00 PM,,,closed,,,,,1652213735225,1729065624592,e75db69a-d1f7-41d3-b8f1-6b8e4f5b52e5,40.689302385174,-73.922833834739,100,Kings County,Open,"FP,SK",,,,,,,,,,,,,,,,,,,,,,,,,,,,
461,FP,SK,HEBRON SEVENTH DAY ADVENTIST CHURCH,"905 Sutter Ave, Brooklyn, NY, 11207, USA",BK,11207,,,,,closed,,,,,closed,,,,,open,09:30 AM,10:00 AM,,,closed,,,,,closed,,,,,closed,,,,,closed,,,,,closed,,,,,closed,,,,,closed,,,,,closed,,,,,closed,,,,,closed,,,,,open,12:30 PM,02:00 PM,,,1652213735225,1758700816877,0b3843bb-e457-47d5-ba52-41a3a9a6abbb,40.671011312246,-73.884983004017,100,Kings County,Open,"FP,SK",,,,,,,,,,,,,,,,,,,,,,,,,,,,
462,FP,SK,ISAIAH'S TEMPLE OF MT. HOPE,"862 Glenmore Ave, Brooklyn, New York, 11208",BK,11208,,,,,closed,,,,,closed,,,,,closed,,,,,open,02:00 PM,04:00 PM,,,closed,,,,,closed,,,,,closed,,,,,closed,,,,,open,02:00 PM,04:00 PM,,,closed,,,,,open,02:00 PM,04:00 PM,,,closed,,,,,closed,,,,,closed,,,,,1652213735225,1733994035331,ca611a13-8295-4bd5-97df-958f7e657b8a,40.675713518018,-73.878185867275,100,Kings County,Open,"FP,SK",,,,,,,,,,,,,,,,,,,,,,,,,,,,
463,FP,SK,NEXT STEP COMMUNITY CHURCH,"360 Schermerhorn St, Brooklyn, New York, 11217",BK,11217,"SAT (2,3,4)",9-10:30AM,"M,TUE,FRI",9-10AM,closed,,,,,closed,,,,,closed,,,,,closed,,,,,closed,,,,,open,09:00 AM,10:30 AM,,,closed,,,,,open,09:00 AM,10:00 AM,,,open,09:00 AM,10:00 AM,,,open,09:00 AM,10:00 AM,,,closed,,,,,closed,,,,,closed,,,,,closed,,,,,1652213735225,1719475247741,25206854-4d7d-4bb5-b191-07ad437e831f,40.68664146619227,-73.98023495170298,100,Kings County,Open,"FP,SK",,,,,,,,,,,,,,,,,,,,,,,,,,,,
464,FP,SK,ST. GEORGE'S EPISCOPAL CHURCH FOOD PANTRY,"800 Marcy Ave, Brooklyn, New York, 11216",BK,11216,FRI,10AM-3PM,TUE-THUR,12-2PM,closed,,,,,closed,,,,,closed,,,,,closed,,,,,open,10:00 AM,02:00 PM,,,closed,,,,,closed,,,,,closed,,,,,open,12:30 PM,02:00 PM,,,open,12:30 PM,02:00 PM,,,open,12:30 PM,02:00 PM,,,closed,,,,,closed,,,,,closed,,,,,1652213735225,1737190819755,0cf2e119-40ee-45c7-8a6d-c71aa1191319,40.686339969135,-73.947586349187,100,Kings County,Open,"FP,SK",,,,,,,,,,,,,,,,,,,,,,,,,,,,
465,FP,SK,ST. JOHN'S BREAD & LIFE FOOD PANTRY,"795 Lexington Ave, New York, New York, 10065",NY,10065,MON-THUR,8AM-1PM,MON-THUR,10AM-12PM,open,08:00 AM,01:00 PM,,,open,08:00 AM,01:00 PM,,,open,08:00 AM,01:00 PM,,,open,08:00 AM,01:00 PM,,,closed,,,,,closed,,,,,closed,,,,,open,09:00 AM,12:30 PM,,,open,09:00 AM,12:30 PM,,,open,09:00 AM,12:30 PM,,,open,09:00 AM,12:30 PM,,,closed,,,,,closed,,,,,closed,,,,,1652213735225,1732006822551,d49f1366-30b6-48c3-a821-25de7bbfb728,40.763811720891,-73.966845615752,100,New York County,Open,"FP,SK",,,,,,,,,,,,,,,,,,,,,,,,,,,,
466,FP,SK,ST. STEPHEN OUTREACH COMMUNITY DEVELOPMENT CORPORATION,"874 Myrtle Ave, Brooklyn, New York, 11206",BK,11206,,,,,,,,,,,,,,,,,,,,,,,,,,,,,,,,,,,,,,,,,,,,,,,,,,,,,,,,,,,,,,,,,,,,,,,,,,,1652213735225,1772614829387,ae3a461a-96d7-436e-8a59-998e3bcacac1,40.695508933019,-73.947117465524,100,Kings County,Inactive,"FP,SK",,,,,,,,,,,,,,,,,,,,,,,,,,,,
467,FP,SK,THE SALVATION ARMY BUSHWICK CORPS,"1151 Bushwick Ave, Brooklyn, New York, 11221",BK,11221,"M,TU,TH,FRI",10AM-12PM,"M,TU,TH,FRI",12:30-2PM,open,10:00 AM,12:30 PM,,,open,10:00 AM,12:30 PM,,,closed,,,,,open,10:00 AM,12:30 PM,,,closed,,,,,closed,,,,,closed,,,,,open,12:30 PM,02:00 PM,,,open,12:30 PM,02:00 PM,,,closed,,,,,open,12:30 PM,02:00 PM,,,open,12:30 PM,02:00 PM,,,closed,,,,,closed,,,,,1652213735225,1729756825811,ecd4fffa-265c-455e-91e9-fbc3fe51cc23,40.689263199777,-73.917314770593,100,Kings County,Open,"FP,SK",,,,,,,,,,,,,,,,,,,,,,,,,,,,
468,FP,SK,THE SALVATION ARMY SUNSET PARK CORPS,"520 50th St, Brooklyn, New York, 11220",BK,11220,WED,10AM-12PM,MON-FRI,12-1PM,closed,,,,,closed,,,,,open,10:00 AM,12:00 PM,,,closed,,,,,closed,,,,,closed,,,,,closed,,,,,open,12:00 PM,01:00 PM,,,open,12:00 PM,01:00 PM,,,open,12:00 PM,01:00 PM,,,open,12:00 PM,01:00 PM,,,open,12:00 PM,01:00 PM,,,closed,,,,,closed,,,,,1652213735225,1684807298185,d380426f-c8d2-4dfe-9b87-5d67456b0f3a,40.644693603108,-74.0098265064926,100,Kings County,Open,"FP,SK",,,,,,,,,,,,,,,,,,,,,,,,,,,,
469,FP,,THURSTON MEMORIAL OUTREACH MINISTRIES,"1243 Bushwick Ave, Brooklyn, New York, 11221",BK,11221,,,,,closed,,,,,closed,,,,,closed,,,,,closed,,,,,open,02:00 PM,04:30 PM,,,closed,,,,,closed,,,,,,,,,,,,,,,,,,,,,,,,,,,,,,,,,,,,,,,,1652213735225,1719475247741,15435617-6268-4edf-b465-b8c2a933498b,40.68775743278104,-73.91469140253714,100,Kings County,Open,FP,,,,,,,,,,,,,,,,,,,,,,,,,,,,
470,FP,SK,"CRESTON AVENUE BAPTIST CHURCH, INC","114 E 188th St, Bronx, New York, 10468",BX,10468,,,,,open,12:00 PM,02:00 PM,,,closed,,,,,open,12:00 PM,02:00 PM,,,closed,,,,,open,12:00 PM,02:00 PM,,,closed,,,,,closed,,,,,closed,,,,,closed,,,,,closed,,,,,closed,,,,,closed,,,,,open,12:00 PM,02:00 PM,,,closed,,,,,1652213735225,1725523228995,8302f848-0846-4281-88ec-80adf7731fc6,40.861844071588,-73.899158981582,100,Bronx County,Open,"FP,SK",,,,,,,,,,,,,,,,,,,,,,,,,,,,
471,FP,SK,GRACE EPISCOPAL CHURCH  (BX),"1909 Vyse Ave, Bronx, New York, 10460",BX,10460,,,,,closed,,,,,closed,,,,,closed,,,,,open,07:30 AM,10:30 AM,,,closed,,,,,closed,,,,,closed,,,,,closed,,,,,closed,,,,,closed,,,,,closed,,,,,closed,,,,,open,12:00 PM,01:30 PM,,,closed,,,,,1652213735225,1739610023496,f72da320-8d88-4060-afa2-1f593c327003,40.840571639519,-73.883551961688,100,Bronx County,Open,"FP,SK",,,,,,,,,,,,,,,,,,,,,,,,,,,,
472,FP,SK,HOLY TABERNACLE CHURCH INC.,"3780 3rd Ave, Bronx, New York, 10456",BX,10456,,,,,,,,,,,,,,,,,,,,,,,,,,,,,,,,,,,,,,,,,,,,,,,,,,,,,,,,,,,,,,,,,,,,,,,,,,,1652213735225,1736413220182,c749060b-c6d6-45e0-be20-98c9e0382768,40.836758083122,-73.902082673228,100,Bronx County,Inactive,"FP,SK",,,,,,,,,,,,,,,,,,,,,,,,,,,,
473,FP,SK,"MANNA OF LIFE MINISTRIES, INC","1101 Boston Rd, Bronx, New York, 10456",BX,10456,"TUE/W,THU,SAT",4-6PM/9AM-1PM,SAT,9AM-1PM,closed,,,,,closed,,,,,open,08:00 AM,11:00 AM,,,open,08:00 AM,11:00 AM,,,closed,,,,,open,08:00 AM,11:00 AM,,,closed,,,,,closed,,,,,closed,,,,,closed,,,,,closed,,,,,closed,,,,,open,09:00 AM,01:00 PM,,,closed,,,,,1652213735225,1742371224120,922609dd-2a43-40cd-91bb-5871b7765344,40.827525039589,-73.904892119535,100,Bronx County,Open,"FP,SK",,,,,,,,,,,,,,,,,,,,,,,,,,,,
474,FP,SK,PART OF THE SOLUTION,"2759 Webster Ave, Bronx, New York, 10458",BX,10458,MON-SAT,8:30-11AM,MON-FRI,12:30-3:30PM,open,08:30 AM,11:00 AM,,,open,08:30 AM,11:00 AM,,,open,08:30 AM,11:00 AM,,,open,08:30 AM,11:00 AM,,,open,08:30 AM,11:00 AM,,,open,08:30 AM,11:00 AM,,,closed,,,,,open,12:30 PM,03:00 PM,,,open,12:30 PM,03:00 PM,,,open,12:30 PM,03:00 PM,,,open,12:30 PM,03:00 PM,,,open,12:30 PM,03:00 PM,,,open,12:30 PM,03:00 PM,,,closed,,,,,1652213735225,1760601627571,64849c94-be01-4af6-a263-8ff54e8e4e60,40.865752553039,-73.886562406033,100,Bronx County,Open,"FP,SK",,,,,,,,,,,,,,,,,,,,,,,,,,,,
475,FP,SK,SHILOH TEMPLE PENTECOSTAL CHURCH,"719 E 223rd St, Bronx, New York, 10466",BX,10466,,,,,,,,,,,,,,,,,,,,,,,,,,,,,,,,,,,,,,,,,,,,,,,,,,,,,,,,,,,,,,,,,,,,,,,,,,,1652213735225,1733475622849,588b3114-ce92-45cd-bb92-8b16e25c7c51,40.886268727894,-73.860462500649,100,Bronx County,Permanently Closed,"FP,SK",,,,,,,,,,,,,,,,,,,,,,,,,,,,
476,FP,SK,ST. ANN'S CHURCH OF MORRISANIA,"295 St Anns Ave, Bronx, New York, 10454",BX,10454,"WED,FRI",10:30AM-2PM,SUN,11:30AM-2PM,closed,,,,,closed,,,,,open,10:00 AM,01:00 PM,05:00 PM,06:00 PM,closed,,,,,closed,,,,,closed,,,,,closed,,,,,closed,,,,,closed,,,,,closed,,,,,closed,,,,,closed,,,,,closed,,,,,open,11:00 AM,01:00 PM,,,1652213735225,1693987214367,c271a312-7d06-412b-b77c-6960b6bf01d2,40.808443972286,-73.916662155612,100,Bronx County,Open,"FP,SK",,,,,,,,,,,,,,,,,,,,,,,,,,,,
477,,SK,ST. LUKE'S SENIOR COMMUNITY PROGRAM (SK),"765 E 222nd St, Bronx, New York, 10467",BX,10467,,,,,,,,,,,,,,,,,,,,,,,,,,,,,,,,,,,,,,,,open,12:00 PM,01:00 PM,,,open,12:00 PM,01:00 PM,,,open,12:00 PM,01:00 PM,,,open,12:00 PM,01:00 PM,,,open,12:00 PM,01:00 PM,,,closed,,,,,closed,,,,,1652213735225,1732006822551,e957d7bf-5834-43f7-b33d-c4c380c91e26,40.88508918457,-73.85920454462,100,Bronx County,Open,SK,,,,,,,,,,,,,,,,,,,,,,,,,,,,
478,FP,SK,THE SALVATION ARMY BRONX CITADEL,"425 E 159th St, Bronx, New York, 10451",BX,10451,TUE,9AM-3PM,"MON,WED,FRI",1-2PM,closed,,,,,open,09:00 AM,12:00 PM,,,closed,,,,,closed,,,,,closed,,,,,closed,,,,,closed,,,,,open,01:00 PM,02:00 PM,,,closed,,,,,open,01:00 PM,02:00 PM,,,closed,,,,,open,01:00 PM,02:00 PM,,,closed,,,,,closed,,,,,1652213735225,1701162024684,59a981aa-9943-4c85-a69b-96087f6f0970,40.822707289282,-73.913415676874,100,Bronx County,Open,"FP,SK",,,,,,,,,,,,,,,,,,,,,,,,,,,,
479,FP,SK,ADVENT LUTHERAN CHURCH,"2504 Broadway, New York, New York, 10025",NY,10025,"SAT (1,3)",10:30-11:30AM,,,closed,,,,,closed,,,,,closed,,,,,closed,,,,,closed,,,,,open,10:00 AM,12:00 PM,,,closed,,,,,closed,,,,,closed,,,,,closed,,,,,closed,,,,,closed,,,,,open,12:00 PM,01:00 PM,,,closed,,,,,1652213735225,1732093221565,ad04fff1-4c77-4658-83a7-8f389148a81a,40.792761682902,-73.972843286569,100,New York County,Open,"FP,SK",,,,,,,,,,,,,,,,,,,,,,,,,,,,
480,FP,,ANOTHER CHOICE YOUTH AND FAMILY OUTREACH INC,"1765 Madison Ave, New York, New York, 10029",NY,10029,,,,,,,,,,,,,,,,,,,,,,,,,,,,,,,,,,,,,,,,,,,,,,,,,,,,,,,,,,,,,,,,,,,,,,,,,,,1652213735225,1764147616719,0f18243c-240e-49c3-9953-eba37e5f1812,40.799694857932,-73.944729126033,100,New York County,Permanently Closed,FP,,,,,,,,,,,,,,,,,,,,,,,,,,,,
481,FP,SK,BROADWAY COMMUNITY ,"601 W 114th St, New York, New York, 10025",NY,10025,SAT(4),1-3PM,"M,W,F",10:15AM-2PM,closed,,,,,closed,,,,,closed,,,,,open,02:00 PM,05:00 PM,,,closed,,,,,closed,,,,,closed,,,,,open,10:00 AM,11:30 AM,12:30 PM,01:30 PM,open,10:00 AM,11:30 AM,12:30 PM,01:30 PM,open,10:00 AM,11:30 AM,12:30 PM,01:30 PM,closed,,,,,open,10:00 AM,11:30 AM,12:30 PM,01:30 PM,closed,,,,,closed,,,,,1652213735225,1741251636188,1b3b9387-f303-4541-873a-d2e3f1dd64f9,40.806913394857,-73.965059348366,100,New York County,Open,"FP,SK",,,,,,,,,,,,,,,,,,,,,,,,,,,,
482,FP,SK,CROSSROADS COMMUNITY SERVICES INC,"108 E 51st St, New York, NY, 10022, USA",NY,10022,THUR,10AM-1PM,"M,W,SUN",7:30AM-8:45AM,closed,,,,,closed,,,,,closed,,,,,open,09:30 AM,12:45 PM,,,closed,,,,,closed,,,,,closed,,,,,open,07:45 AM,08:45 AM,,,closed,,,,,open,07:45 AM,08:45 AM,,,closed,,,,,closed,,,,,open,10:00 AM,11:00 AM,,,open,07:45 AM,08:45 AM,,,1652213735225,1745913620017,b7f0edb2-3245-4b06-8cca-3c042f8bd419,40.757344520409,-73.97258170199,100,New York County,Open,"FP,SK",,,,,,,,,,,,,,,,,,,,,,,,,,,,
483,FP,SK,FOOD BANK FOR NEW YORK CITY ,"252 W 116th St, New York, New York, 10026",NY,10026,WED,12-6PM,MON-FRI,3:30-4:30PM,closed,,,,,open,10:00 AM,01:00 PM,,,closed,,,,,closed,,,,,closed,,,,,closed,,,,,closed,,,,,open,04:00 PM,06:00 PM,,,closed,,,,,open,04:00 PM,06:00 PM,,,closed,,,,,open,04:00 PM,06:00 PM,,,closed,,,,,closed,,,,,1652213735225,1772096432476,7c2167a1-d001-4bc2-8fa2-4a9152107454,40.80396723971,-73.954981786178,100,New York County,Open,"FP,SK",,,,,,,,,,,,,,,,,,,,,,,,,,,,
484,FP,SK,"FRATERNITE NOTRE DAME, INC","2290 1st Ave, New York, New York, 10035",NY,10035,FRI,2-5PM,WED,10:30AM-1PM,closed,,,,,closed,,,,,closed,,,,,closed,,,,,open,02:00 PM,05:00 PM,,,closed,,,,,closed,,,,,closed,,,,,closed,,,,,closed,,,,,open,11:00 AM,01:00 PM,,,closed,,,,,closed,,,,,closed,,,,,1652213735225,1688112014015,242c4508-bbd8-4095-9e76-5400c8d9c9f2,40.797059461846,-73.934418714575,100,New York County,Open,"FP,SK",,,,,,,,,,,,,,,,,,,,,,,,,,,,
485,FP,SK,HOLY APOSTLES SOUP KITCHEN PANTRY,"296 9th Ave, New York, New York, 10001",NY,10001,"TUE,WED,THUR",1:30-3PM,MON-FRI,10:30AM-12:30PM,closed,,,,,open,09:30 AM,11:00 AM,,,open,09:30 AM,11:00 AM,,,open,09:30 AM,11:00 AM,,,closed,,,,,closed,,,,,closed,,,,,open,10:30 AM,12:30 PM,,,open,10:30 AM,12:30 PM,,,open,10:30 AM,12:30 PM,,,open,10:30 AM,12:30 PM,,,open,10:30 AM,12:30 PM,,,closed,,,,,closed,,,,,1652213735225,1770282038637,d9b2a6d4-fc77-4821-a253-8eaf7b5762f5,40.749159860774,-73.998930619098,100,New York County,Open,"FP,SK",,,,,,,,,,,,,,,,,,,,,,,,,,,,
486,FP,SK,IRIS HOUSE,"2348 Adam Clayton Powell Jr Blvd, New York, New York, 10030",NY,10030,THUR,10AM-3PM,TUE-FRI,12-1:30PM,closed,,,,,closed,,,,,closed,,,,,open,10:00 AM,03:00 PM,,,closed,,,,,closed,,,,,closed,,,,,closed,,,,,open,12:00 PM,01:30 PM,,,open,12:00 PM,01:30 PM,,,open,12:00 PM,01:30 PM,,,open,12:00 PM,01:30 PM,,,closed,,,,,closed,,,,,1652213735225,1733994035331,c8530979-b665-4824-87cf-c47fd6e4704b,40.817088731945,-73.942739681314,100,New York County,Open,"FP,SK",,,,,,,,,,,,,,,,,,,,,,,,,,,,
487,FP,SK,NATIONAL COUNCIL OF JEWISH WOMEN,"241 W 72nd St, New York, New York, 10023",NY,10023,MON,10:30AM-2PM,WED/SUN,5-6PM/11:30AM-12:30PM,open,09:30 AM,01:30 PM,,,closed,,,,,closed,,,,,closed,,,,,closed,,,,,closed,,,,,closed,,,,,closed,,,,,closed,,,,,open,04:30 PM,05:00 PM,,,closed,,,,,closed,,,,,closed,,,,,open,11:30 AM,12:30 PM,,,1652213735225,1754726414568,ede0c25d-1723-4c29-9c88-ee6a7c895a35,40.779399965321,-73.983076165422,100,New York County,Open,"FP,SK",,,,,,,,,,,,,,,,,,,,,,,,,,,,
488,FP,SK,NEW YORK CITY LOVE KITCHEN INC,"20 Cummings St, New York NY  10034",NY,10034,,,,,,,,,,,,,,,,,,,,,,,,,,,,,,,,,,,,,,,,,,,,,,,,,,,,,,,,,,,,,,,,,,,,,,,,,,,1652213735225,1760169617312,18ba26d8-7c75-42d3-8e51-e8df35d7fae7,40.866474192993,-73.926457918215,97.34,New York County,Inactive,"FP,SK",,,,,,,,,,,,,,,,,,,,,,,,,,,,
489,FP,SK,NEW YORK COMMON PANTRY,"8 E 109th St, New York, New York, 10029",NY,10029,WED-SAT,10AM-2:30PM,MON-FRI,2:30-3:30PM,closed,,,,,closed,,,,,open,10:00 AM,02:30 PM,,,open,10:00 AM,02:30 PM,,,open,10:00 AM,02:30 PM,,,open,10:00 AM,02:30 PM,,,closed,,,,,open,02:30 PM,03:30 PM,,,open,02:30 PM,03:30 PM,,,open,02:30 PM,03:30 PM,,,open,02:30 PM,03:30 PM,,,open,02:30 PM,03:30 PM,,,closed,,,,,closed,,,,,1652213735225,1684807298185,d7e1876b-2d0a-4a02-a517-0f448f5ddc00,40.7958691058661,-73.9491240931438,100,New York County,Open,"FP,SK",,,,,,,,,,,,,,,,,,,,,,,,,,,,
490,FP,,SALEM UNITED METHODIST CHURCH,"2190 Adam Clayton Powell Jr Blvd, New York, New York, 10027",NY,10027,,,,,closed,,,,,open,10:00 AM,12:00 PM,,,closed,,,,,closed,,,,,closed,,,,,closed,,,,,closed,,,,,,,,,,,,,,,,,,,,,,,,,,,,,,,,,,,,,,,,1652213735225,1765357216979,c9cf1090-261d-424f-b7fc-4f33e78511ab,40.811936962796,-73.946597955165,100,New York County,Open,FP,,,,,,,,,,,,,,,,,,,,,,,,,,,,
491,FP,SK,ST. PAUL'S HOUSE INC.,"335 W 51st St, New York, New York, 10019",NY,10019,TUE,9:30-10:30AM,"MON,WED,FRI",8-:8:30AM,closed,,,,,open,09:30 AM,10:30 AM,,,closed,,,,,closed,,,,,closed,,,,,closed,,,,,closed,,,,,open,08:00 AM,08:30 AM,,,closed,,,,,open,08:00 AM,08:30 AM,,,closed,,,,,open,08:00 AM,08:30 AM,,,closed,,,,,closed,,,,,1652213735225,1684807298185,0e7125ad-f026-4211-a29e-63be1d1daad8,40.7636435799132,-73.9870762610748,100,New York County,Open,"FP,SK",,,,,,,,,,,,,,,,,,,,,,,,,,,,
492,FP,SK,THE FATHER'S HEART MINISTRIES,"545 E 11th St, New York, New York, 10009",NY,10009,,,,,,,,,,,,,,,,,,,,,,,,,,,,,,,,,,,,,,,,,,,,,,,,,,,,,,,,,,,,,,,,,,,,,,,,,,,1652213735225,1719475247741,04722f6e-3766-4289-b1c9-f205be1321fb,40.7277443915269,-73.97985340747044,100,New York County,Inactive,"FP,SK",,,,,,,,,,,,,,,,,,,,,,,,,,,,
493,FP,SK,THE RED DOOR PLACE,"201 W 13rd St, New York, New York, 10011",NY,10011,TUE,3:30-5:30PM,SAT,12-2PM,closed,,,,,open,02:00 PM,04:50 PM,,,closed,,,,,closed,,,,,closed,,,,,closed,,,,,closed,,,,,closed,,,,,closed,,,,,closed,,,,,closed,,,,,closed,,,,,open,12:00 PM,02:00 PM,,,closed,,,,,1652213735225,1719475247741,641e4c5e-9196-4edd-a53d-18d2acd1ceca,40.738145034172646,-74.00056953262565,100,New York County,Open,"FP,SK",,,,,,,,,,,,,,,,,,,,,,,,,,,,
494,FP,SK,THE URBAN OUTREACH CENTER OF NYC,"1745 1st Ave, New York, New York, 10128",NY,10128,"WED, FRI",9AM - 1PM,TUE,5:30-6:30PM,closed,,,,,closed,,,,,open,09:00 AM,01:00 PM,,,closed,,,,,open,09:00 AM,01:00 PM,,,closed,,,,,closed,,,,,closed,,,,,open,05:30 PM,06:30 PM,,,closed,,,,,closed,,,,,closed,,,,,closed,,,,,closed,,,,,1652213735225,1684807298185,99ef7370-1eb4-4f97-a107-5c34ccdc8d2d,40.779771115994,-73.9474898734817,100,New York County,Open,"FP,SK",,,,,,,,,,,,,,,,,,,,,,,,,,,,
495,FP,SK,"TRINITY'S SERVICES AND FOOD FOR THE HOMELESS, INC.","602 E 9th St, New York, New York, 10009",NY,10009,MON-THUR,12:30-1:30PM,MON-FRI,11AM-2PM,open,12:30 PM,01:30 PM,,,open,12:30 PM,01:30 PM,,,open,12:30 PM,01:30 PM,,,open,12:30 PM,01:30 PM,,,open,12:30 PM,01:30 PM,,,closed,,,,,closed,,,,,open,11:00 AM,12:00 PM,,,open,11:00 AM,12:00 PM,,,open,11:00 AM,12:00 PM,,,open,11:00 AM,12:00 PM,,,open,11:00 AM,12:00 PM,,,closed,,,,,closed,,,,,1652213735225,1770973227962,5c35cc48-bd09-49b5-84d4-94135a7d375c,40.726014576259,-73.980127076609,100,New York County,Open,"FP,SK",,,,,,,,,,,,,,,,,,,,,,,,,,,,
496,,SK,XAVIER MISSION INC (SK),"55 W 15th St, New York, New York, 10011",NY,10011,,,,,,,,,,,,,,,,,,,,,,,,,,,,,,,,,,,,,,,,closed,,,,,closed,,,,,closed,,,,,closed,,,,,closed,,,,,closed,,,,,open,12:45 PM,03:00 PM,,,1652213735225,1761379218795,4746c5cd-887c-4f65-8f34-77b6047d101b,40.737812021159,-73.995505941098,100,New York County,Open,SK,,,,,,,,,,,,,,,,,,,,,,,,,,,,
497,FP,SK,BETHEL GOSPEL TABERNACLE CHURCH,"110-25 Guy R Brewer Blvd, Jamaica, New York, 11433",QN,11433,,,,,,,,,,,,,,,,,,,,,,,,,,,,,,,,,,,,,,,,,,,,,,,,,,,,,,,,,,,,,,,,,,,,,,,,,,,1652213735225,1755072015604,c9fa1f8e-2ab4-4d95-9feb-478bf73934c5,40.692761009882,-73.788267073123,100,Queens County,Inactive,"FP,SK",,,,,,,,,,,,,,,,,,,,,,,,,,,,
498,FP,SK,CORONA SEVENTH DAY ADVENTIST CHURCH,"35-30 103rd St, Corona, New York, 11368",QN,11368,MON,9-11AM,SUN,12-2PM,open,09:00 AM,11:30 AM,,,closed,,,,,closed,,,,,closed,,,,,closed,,,,,closed,,,,,closed,,,,,closed,,,,,closed,,,,,closed,,,,,closed,,,,,closed,,,,,closed,,,,,open,12:00 PM,02:00 PM,,,1652213735225,1741766419931,6567692d-dd61-445b-b863-5370178fb504,40.753847440124,-73.864838189382,100,Queens County,Open,"FP,SK",,,,,,,,,,,,,,,,,,,,,,,,,,,,
499,FP,SK,FIRST PRESBYTERIAN CHURCH OF JAMAICA,"89-60 164th St, Jamaica, New York, 11432",QN,11432,"TUE(1,2,3,4)/SAT(4)",10AM-12PM/9-11AM,WED,5:30-6:30PM,closed,,,,,open,10:00 AM,12:00 PM,,,closed,,,,,closed,,,,,closed,,,,,open,09:00 AM,11:00 AM,,,closed,,,,,closed,,,,,closed,,,,,open,05:30 PM,06:30 PM,,,closed,,,,,closed,,,,,closed,,,,,closed,,,,,1652213735225,1733994035331,e8f554ff-dfce-4c88-9fdf-f992d5c2322b,40.705900648938,-73.796373044046,100,Queens County,Open,"FP,SK",,,,,,,,,,,,,,,,,,,,,,,,,,,,
500,FP,SK,MACEDONIA AME CHURCH,"106-16 Guy R Brewer Blvd, Jamaica, New York, 11433",QN,11433,MON/TUE,1-3PM/10AM-12PM,TUE,10AM-12PM,open,12:00 PM,02:00 PM,,,open,12:00 PM,02:00 PM,,,closed,,,,,closed,,,,,closed,,,,,closed,,,,,closed,,,,,closed,,,,,open,09:00 AM,11:00 AM,,,closed,,,,,closed,,,,,closed,,,,,closed,,,,,closed,,,,,1652213735225,1746518429238,82f1922e-add0-48a1-908b-d20844b68b8d,40.69932647082,-73.793446083457,100,Queens County,Open,"FP,SK",,,,,,,,,,,,,,,,,,,,,,,,,,,,
501,FP,SK,RUSH TEMPLE A.M.E. CHURCH,"119-48 Sutphin Blvd, Jamaica, New York, 11436",QN,11436,TUE,9-10AM,WED,12-1:30PM,closed,,,,,open,09:00 AM,10:00 AM,,,closed,,,,,closed,,,,,closed,,,,,closed,,,,,closed,,,,,closed,,,,,closed,,,,,open,12:00 PM,01:30 PM,,,closed,,,,,closed,,,,,closed,,,,,closed,,,,,1652213735225,1684807298185,a65f464d-3b7f-481f-8659-bf69bf6c6632,40.6779620892731,-73.7914318283049,100,Queens County,Open,"FP,SK",,,,,,,,,,,,,,,,,,,,,,,,,,,,
502,FP,SK,THE SALVATION ARMY JAMAICA CITADEL CORPS,"90 E 161st St, Bronx, NY, 10451, USA",BX,10451,"TUE,THUR",10AM-1PM,MON-WED,12PM-1PM,closed,,,,,open,10:00 AM,12:00 PM,,,closed,,,,,open,10:00 AM,12:00 PM,,,closed,,,,,closed,,,,,closed,,,,,open,12:00 PM,01:00 PM,,,open,12:00 PM,01:00 PM,,,open,12:00 PM,01:00 PM,,,closed,,,,,closed,,,,,closed,,,,,closed,,,,,1652213735225,1754640015692,e4d9377b-4e87-4a4d-8de6-4ef1c6bbd717,40.827102382121,-73.924509963917,100,Bronx County,Open,"FP,SK",,,,,,,,,,,,,,,,,,,,,,,,,,,,
503,FP,SK,THE SALVATION ARMY QUEENS TEMPLE CORP,"86-07 35th Ave, Jackson Heights, New York, 11372",QN,11372,WED,10-11:30AM,MON-FRI,11:30AM-1PM,closed,,,,,closed,,,,,closed,,,,,open,10:00 AM,11:00 AM,,,closed,,,,,closed,,,,,closed,,,,,open,11:30 AM,01:00 PM,,,open,11:30 AM,01:00 PM,,,open,11:30 AM,01:00 PM,,,open,11:30 AM,01:00 PM,,,open,11:30 AM,01:00 PM,,,closed,,,,,closed,,,,,1652213735225,1746259220689,e221562f-de21-4e74-8c00-1a951a27a354,40.752344522976,-73.880645872038,100,Queens County,Open,"FP,SK",,,,,,,,,,,,,,,,,,,,,,,,,,,,
504,FP,SK,STAPLETON U.A.M.E. CHURCH,"49 Tompkins Ave, Staten Island, New York, 10304",SI,10304,"TUE,FRI",10AM-1PM,MON/WED,3-4PM/12-1PM,closed,,,,,open,10:00 AM,01:00 PM,,,closed,,,,,closed,,,,,open,10:00 AM,01:00 PM,,,closed,,,,,closed,,,,,closed,,,,,closed,,,,,open,12:00 PM,01:00 PM,,,closed,,,,,closed,,,,,closed,,,,,closed,,,,,1652213735225,1746518429238,d2d94354-9d54-446e-a4bb-1566ff841f27,40.623362581536,-74.078756176903,100,Richmond County,Open,"FP,SK",,,,,,,,,,,,,,,,,,,,,,,,,,,,
505,FP,SK,THE SALVATION ARMY STAPLETON CORPS,"15 Broad St, Staten Island, NY, 10304, USA",SI,10304,,,,,closed,,,,,open,12:00 PM,01:30 PM,,,open,12:00 PM,01:30 PM,,,open,12:00 PM,01:30 PM,,,closed,,,,,closed,,,,,closed,,,,,open,11:30 AM,01:00 PM,,,closed,,,,,closed,,,,,closed,,,,,open,11:30 AM,01:00 PM,,,closed,,,,,closed,,,,,1652213735225,1742371224120,829b22b0-bcb9-4c94-a9d1-36eca0b3c44e,40.625600766522,-74.075630229726,100,Richmond County,Open,"FP,SK",,,,,,,,,,,,,,,,,,,,,,,,,,,,
506,,SK,"PROJECT HOSPITALITY, INC. (SK)","211 Canal St, Staten Island, NY, 10304, USA",SI,10304,,,"TUE, THUR",12-1PM,,,,,,,,,,,,,,,,,,,,,,,,,,,,,,,,,,,,closed,,,,,closed,,,,,closed,,,,,closed,,,,,closed,,,,,closed,,,,,closed,,,,,1652213735225,1719475247741,752a8099-f89e-4269-9ca3-6e98f6dc16d8,40.62509574956499,-74.07981045268467,100,Richmond County,Open,SK,,,,,,,,,,,,,,,,,,,,,,,,,,,,
507,FP,SKM,OUR LADY OF GRACE PARISH MINISTRY (FP),"2322 E 4th St, Brooklyn, New York, 11223",BK,11223,"M,W,THUR",11:30AM-3PM,WED/FRI,12-12:30PM/9-11:30AM,open,09:00 AM,01:00 PM,,,closed,,,,,open,09:00 AM,01:00 PM,,,closed,,,,,closed,,,,,closed,,,,,closed,,,,,closed,,,,,closed,,,,,open,12:00 PM,12:30 PM,,,closed,,,,,closed,,,,,closed,,,,,closed,,,,,1652213735225,1757491217472,4cbf0b11-12ce-4d7e-9c54-7ec245156cb2,40.593452011511,-73.967335035078,100,Kings County,Open,"FP,SK",,,,,,,,,,,,,,,,,,,,,,,,,,,,
508,FP,SKM,"UNITED BRONX PARENTS, INC. (FP & SK)","603 Prospect Ave, Bronx, New York, 10455",BX,10455,,,,,closed,,,,,closed,,,,,open,10:00 AM,12:00 PM,,,open,10:00 AM,12:00 PM,,,open,10:00 AM,12:00 PM,,,closed,,,,,closed,,,,,open,02:30 PM,04:00 PM,,,open,02:30 PM,04:00 PM,,,open,02:30 PM,04:00 PM,,,open,02:30 PM,04:00 PM,,,open,02:30 PM,04:00 PM,,,closed,,,,,closed,,,,,1652213735225,1724140834926,8fc98e4d-98ef-4f1a-b0f0-184b2eba2714,40.81396835894,-73.904070860662,100,Bronx County,Open,"FP,SK",,,,,,,,,,,,,,,,,,,,,,,,,,,,
509,FPH,,THE COMMUNITY FOOD PANTRY,"1363 Ogden Ave, Bronx, New York, 10452",BX,10452,,,,,closed,,,,,open,10:00 AM,01:00 PM,,,closed,,,,,open,12:00 PM,03:00 PM,,,closed,,,,,open,10:00 AM,12:00 PM,,,closed,,,,,,,,,,,,,,,,,,,,,,,,,,,,,,,,,,,,,,,,1652213735225,1776153626647,d94de7be-a7f2-47cc-a7c6-cdc66081bd7e,40.841725911406,-73.924857226165,100,Bronx County,Open,FP,,,,,,,,,,,,,,,,,,,,,,,,,,,,
510,FPHA,,BOOM! HEALTH (FPHA),"3144 3rd Ave, Bronx, New York, 10451",BX,10451,,,,,open,11:00 AM,12:30 PM,,,closed,,,,,open,11:00 AM,12:30 PM,,,open,11:00 AM,12:30 PM,,,closed,,,,,closed,,,,,closed,,,,,,,,,,,,,,,,,,,,,,,,,,,,,,,,,,,,,,,,1652213735225,1715414626204,7f5eb0aa-57e5-4548-a4fc-9954047cd711,40.822232077281,-73.910559711005,100,Bronx County,Open,FP,,,,,,,,,,,,,,,,,,,,,,,,,,,,
511,FPHA,,MOMENTUM PROJECT @ CHURCH OF THE GOD OF PROPHECY,"85 E 165th St, Bronx, New York, 10452",BX,10452,,,,,,,,,,,,,,,,,,,,,,,,,,,,,,,,,,,,,,,,,,,,,,,,,,,,,,,,,,,,,,,,,,,,,,,,,,,1652213735225,1748678414133,1865b8f5-7af3-40e4-9dad-a02c7f2f4e78,40.831686989792,-73.922297560574,100,Bronx County,Permanently Closed,FP,,,,,,,,,,,,,,,,,,,,,,,,,,,,
512,FPHA,,GAY MEN'S HEALTH CRISIS (FPHA),"307 W 38th St, New York, New York, 10018",NY,10018,WED,11:30AM-1:30PM,,,closed,,,,,open,11:00 AM,02:00 PM,,,open,11:00 AM,02:00 PM,,,open,11:00 AM,02:00 PM,,,closed,,,,,closed,,,,,closed,,,,,,,,,,,,,,,,,,,,,,,,,,,,,,,,,,,,,,,,1652213735225,1729929623999,ee8e0c52-671b-43fd-ac70-efd961ad7fef,40.755081507729,-73.992226940576,100,New York County,Open,FP,,,,,,,,,,,,,,,,,,,,,,,,,,,,
513,FPK,,BENSONHURST COUNCIL OF JEWISH ORGANIZATIONS,"8635 21st Ave, Brooklyn, New York, 11214",BK,11214,TUE,10AM-4PM,,,closed,,,,,open,10:00 AM,04:00 PM,,,closed,,,,,closed,,,,,closed,,,,,closed,,,,,closed,,,,,,,,,,,,,,,,,,,,,,,,,,,,,,,,,,,,,,,,1652213735225,1684807298185,05dee36c-2e80-4fe6-bc0e-990915a67805,40.6026043792267,-73.9965048124997,100,Kings County,Open,FP,,,,,,,,,,,,,,,,,,,,,,,,,,,,
514,FPK,,BNAI RAPHAEL CHESED ORGANIZATION INC,"3846 Flatlands Ave, Brooklyn, New York, 11234",BK,11234,"M/TUE,W/THU",10A-1P/10A-4P/10A-6PM,,,open,10:00 AM,03:30 PM,,,open,10:00 AM,03:30 PM,,,open,10:00 AM,03:30 PM,,,open,10:00 AM,05:00 PM,,,closed,,,,,closed,,,,,closed,,,,,,,,,,,,,,,,,,,,,,,,,,,,,,,,,,,,,,,,1652213735225,1732093221565,8ff5ee75-57c7-4376-b46b-f58aca1572ff,40.619638711503,-73.937580787548,100,Kings County,Open,FP,,,,,,,,,,,,,,,,,,,,,,,,,,,,
515,FPK,,CROWN HEIGHTS JEWISH COMMUNITY COUNCIL,"899 Montgomery St, Brooklyn, NY, 11213, USA",BK,11213,WED,1:30-3PM,,,closed,,,,,closed,,,,,open,01:30 AM,03:00 PM,,,closed,,,,,closed,,,,,closed,,,,,closed,,,,,,,,,,,,,,,,,,,,,,,,,,,,,,,,,,,,,,,,1652213735225,1732784423781,a6b2b1dd-9d0a-4af9-aa09-813e1ec1b045,40.664641191561,-73.934788188867,100,Kings County,Open,FP,,,,,,,,,,,,,,,,,,,,,,,,,,,,
516,FPK,,HANNAH KOSHER FOODS,"2102 Avenue T, Brooklyn, New York, 11229",BK,11229,,,,,,,,,,,,,,,,,,,,,,,,,,,,,,,,,,,,,,,,,,,,,,,,,,,,,,,,,,,,,,,,,,,,,,,,,,,1652213735225,1733994035331,549097cb-785f-4034-91ff-8a8eafbaf568,40.601619212237,-73.95052940303,100,Kings County,Inactive,FP,,,,,,,,,,,,,,,,,,,,,,,,,,,,
517,FPK,,HEBREW EDUCATIONAL SOCIETY,"9502 Seaview Ave, Brooklyn, New York, 11236",BK,11236,MON-THUR,9AM-2PM,,,open,09:00 AM,02:00 PM,,,open,01:00 PM,06:00 PM,,,open,09:00 AM,02:00 PM,,,open,09:00 AM,02:00 PM,,,closed,,,,,closed,,,,,closed,,,,,,,,,,,,,,,,,,,,,,,,,,,,,,,,,,,,,,,,1652213735225,1747728022053,b7e87146-25c5-4927-80a1-7ee903c0983c,40.63239814743,-73.890778838606,100,Kings County,Open,FP,,,,,,,,,,,,,,,,,,,,,,,,,,,,
518,FPK,,JEWISH COMMUNITY COUNCIL OF CANARSIE   #1,"1170 Pennsylvania Ave, Brooklyn, New York, 11239",BK,11239,WED,9-11AM,,,closed,,,,,closed,,,,,open,09:00 AM,11:00 AM,,,closed,,,,,closed,,,,,closed,,,,,closed,,,,,,,,,,,,,,,,,,,,,,,,,,,,,,,,,,,,,,,,1652213735225,1735030821158,c0c72e6d-9303-4264-8958-730831f35de9,40.651492751507,-73.885715749993,100,Kings County,Open,FP,,,,,,,,,,,,,,,,,,,,,,,,,,,,
519,FP,,HARVEST OF SOULS/HOLY GHOST,"13-15 125th St, College Point, New York, 11356",QN,11356,,,,,,,,,,,,,,,,,,,,,,,,,,,,,,,,,,,,,,,,,,,,,,,,,,,,,,,,,,,,,,,,,,,,,,,,,,,1652213735225,1719475247741,2fc07c87-9dda-49e9-807e-c2cd4fc71d3f,40.786326770105546,-73.84281834300738,100,Queens County,Permanently Closed,FP,,,,,,,,,,,,,,,,,,,,,,,,,,,,
520,FP,,HOLY CROSS FOOD SUPPLEMENT PROGRAM,"329 W 42nd St, New York, New York, 10036",NY,10036,,,,,,,,,,,,,,,,,,,,,,,,,,,,,,,,,,,,,,,,,,,,,,,,,,,,,,,,,,,,,,,,,,,,,,,,,,,1652213735225,1719475247741,8d7a9eba-22e5-4e85-86f3-65b958117919,40.75798064039927,-73.99107359069916,100,New York County,Inactive,FP,,,,,,,,,,,,,,,,,,,,,,,,,,,,
521,FP,,HOLY NAME OF JESUS - ST. GREGORY THE GREAT (FP),"202 AMSTERDAM AVENUE, NEW YORK, NY 10025 ",NY,10023,,,,,,,,,,,,,,,,,,,,,,,,,,,,,,,,,,,,,,,,,,,,,,,,,,,,,,,,,,,,,,,,,,,,,,,,,,,1652213735225,1724745624836,f800d278-b360-4f6a-bd8f-d87936a334a8,40.77674770873,-73.983087583974,99.51,New York County,Permanently Closed,FP,,,,,,,,,,,,,,,,,,,,,,,,,,,,
522,FP,,INTERNATIONAL PENTECOSTAL CHURCH (FP),"619 W 179th St, New York, New York, 10033",NY,10033,TUE,12-2PM,,,closed,,,,,open,11:30 AM,03:30 PM,,,closed,,,,,closed,,,,,open,12:00 PM,03:00 PM,,,closed,,,,,closed,,,,,,,,,,,,,,,,,,,,,,,,,,,,,,,,,,,,,,,,1652213735225,1701421223801,7275148c-d269-431a-8d78-7f9ba2347899,40.84841379004,-73.935390763886,100,New York County,Open,FP,,,,,,,,,,,,,,,,,,,,,,,,,,,,
523,FP,,ISAACS HOLMES FOOD PANTRY,"415 E 93rd St, New York, New York, 10128",NY,10128,,,,,closed,,,,,closed,,,,,open,09:00 AM,11:00 AM,,,closed,,,,,closed,,,,,closed,,,,,closed,,,,,,,,,,,,,,,,,,,,,,,,,,,,,,,,,,,,,,,,1652213735225,1738746020010,5ea10b73-5337-494e-a402-423c78f79311,40.781214102535,-73.945276799586,100,New York County,Open,FP,,,,,,,,,,,,,,,,,,,,,,,,,,,,
524,FP,,LITTLE SISTERS OF THE ASSUMPTION FAMILY HEALTH SERVICE,"333 E 115th St, New York, New York, 10029",NY,10029,"TUE, WED/WED",9:30-11:30AM/1:30-3:30PM,,,closed,,,,,closed,,,,,open,09:00 AM,11:30 AM,01:00 PM,02:30 PM,closed,,,,,closed,,,,,closed,,,,,closed,,,,,,,,,,,,,,,,,,,,,,,,,,,,,,,,,,,,,,,,1652213735225,1719475247741,3ec9e34f-9832-4160-bdfe-b39e0632056e,40.795773091165245,-73.93666732773961,100,New York County,Open,FP,,,,,,,,,,,,,,,,,,,,,,,,,,,,
525,FP,,LOWER EASTSIDE GIRLS CLUB,"402 E 8th St, Brooklyn, New York, 11218",BK,11218,,,,,,,,,,,,,,,,,,,,,,,,,,,,,,,,,,,,,,,,,,,,,,,,,,,,,,,,,,,,,,,,,,,,,,,,,,,1652213735225,1719475247741,52b43773-66f9-4fb9-a546-821072012a73,40.64013627853251,-73.97119498530924,100,Kings County,Permanently Closed,FP,,,,,,,,,,,,,,,,,,,,,,,,,,,,
526,FP,,MACEDONIA CH. ASSEMBLY OF GOD-BREAD OF LIFE FOOD PANTRY,"340 E 106th St, New York, New York, 10029",NY,10029,FRI,9-10:30AM,,,closed,,,,,closed,,,,,closed,,,,,closed,,,,,open,09:00 AM,10:30 AM,,,closed,,,,,closed,,,,,,,,,,,,,,,,,,,,,,,,,,,,,,,,,,,,,,,,1652213735225,1684807298185,3a2886d7-3c5f-4e13-954a-3dc12a210347,40.7898107500699,-73.9408762166001,100,New York County,Open,FP,,,,,,,,,,,,,,,,,,,,,,,,,,,,
527,FP,,MASJID AQSA-SALAM,"23 E 115th St, New York, New York, 10029",NY,10029,,,,,,,,,,,,,,,,,,,,,,,,,,,,,,,,,,,,,,,,,,,,,,,,,,,,,,,,,,,,,,,,,,,,,,,,,,,1652213735225,1719475247741,b57ac4f8-c3d0-4027-98ca-7fafc1612dea,40.79958807248602,-73.94571601131265,100,New York County,Permanently Closed,FP,,,,,,,,,,,,,,,,,,,,,,,,,,,,
528,FP,,MCCNY CHARITIES (FP),"446 W 36th St, New York, New York, 10018",NY,10018,,,,,closed,,,,,closed,,,,,closed,,,,,open,09:00 AM,11:00 AM,,,closed,,,,,closed,,,,,closed,,,,,,,,,,,,,,,,,,,,,,,,,,,,,,,,,,,,,,,,1652213735225,1711612816050,cffb0e17-1bde-4404-b2f3-7e0648dbe7e9,40.755448593178,-73.997442244551,100,New York County,Open,FP,,,,,,,,,,,,,,,,,,,,,,,,,,,,
529,FP,,MCNY MANHATTAN CAMPUS,"60 West St, New York, NY, 10006, USA",NY,10006,,,,,,,,,,,,,,,,,,,,,,,,,,,,,,,,,,,,,,,,,,,,,,,,,,,,,,,,,,,,,,,,,,,,,,,,,,,1652213735225,1719475247741,8f8139cd-021d-4648-ba12-c1b0c781095a,40.70863541248656,-74.01497785654617,100,New York County,Inactive,FP,,,,,,,,,,,,,,,,,,,,,,,,,,,,
530,FP,,MT. OLIVET BAPTIST CHURCH COMMUNITY MEAL PROGRAM,"201 Lenox Ave, New York, New York, 10027",NY,10027,,,,,closed,,,,,open,10:30 AM,11:30 AM,,,open,10:30 AM,11:30 AM,,,closed,,,,,closed,,,,,closed,,,,,closed,,,,,,,,,,,,,,,,,,,,,,,,,,,,,,,,,,,,,,,,1652213735225,1758787216681,867aeee7-075c-48aa-ad55-48f4dbf0c01c,40.804826510514,-73.947964875935,100,New York County,Open,FP,,,,,,,,,,,,,,,,,,,,,,,,,,,,
531,FP,,NARROW DOOR I.M.C.  (FP),"161 Sherman Ave, New York, NY, 10034, USA",NY,10034,,,,,,,,,,,,,,,,,,,,,,,,,,,,,,,,,,,,,,,,,,,,,,,,,,,,,,,,,,,,,,,,,,,,,,,,,,,1652213735225,1749024014796,87eec4e3-de20-4095-81b0-0388772a34a6,40.864593042463,-73.922816484199,100,New York County,Permanently Closed,FP,,,,,,,,,,,,,,,,,,,,,,,,,,,,
532,FP,,NAZARETH HOUSING INC,"206 E 4th St, New York, NY, 10009, USA",NY,10009,WED,8AM-12PM,,,closed,,,,,open,08:30 AM,10:00 AM,,,closed,,,,,closed,,,,,closed,,,,,closed,,,,,closed,,,,,,,,,,,,,,,,,,,,,,,,,,,,,,,,,,,,,,,,1652213735225,1757145619820,b82e100e-1858-475f-a0d1-71718b2f68f0,40.723772961983,-73.983942518935,100,New York County,Open,FP,,,,,,,,,,,,,,,,,,,,,,,,,,,,
533,FP,,OUR LADY OF SORROWS,"213 Stanton St, New York, New York, 10002",NY,10002,"TUE,THUR",8-11AM,,,closed,,,,,open,08:00 AM,11:00 AM,,,closed,,,,,open,08:00 AM,11:00 AM,,,closed,,,,,closed,,,,,closed,,,,,,,,,,,,,,,,,,,,,,,,,,,,,,,,,,,,,,,,1652213735225,1698307217101,1cc0b629-2677-4735-b359-2fa069110acb,40.719505693167,-73.982361775815,100,New York County,Open,FP,,,,,,,,,,,,,,,,,,,,,,,,,,,,
534,FP,,PROJECT CREATE - ANTHONY HOUSE,"73 Lenox Ave, New York, NY, 10026, USA",NY,10026,WED,10AM-12PM,,,closed,,,,,closed,,,,,open,10:00 AM,12:00 PM,,,closed,,,,,closed,,,,,closed,,,,,closed,,,,,,,,,,,,,,,,,,,,,,,,,,,,,,,,,,,,,,,,1652213735225,1684807298185,45f3db8a-9ee6-45e2-a578-6272e3a1d463,40.800592350215,-73.9510697843279,100,New York County,Open,FP,,,,,,,,,,,,,,,,,,,,,,,,,,,,
535,FP,,RAUSCHENBUSCH METRO MINISTRIES INC. ,"410 W 40th St, New York, New York, 10018",NY,10018,"SAT(1,2,3,4)",11-11:30AM,,,closed,,,,,closed,,,,,closed,,,,,closed,,,,,closed,,,,,open,09:00 AM,11:30 AM,,,closed,,,,,,,,,,,,,,,,,,,,,,,,,,,,,,,,,,,,,,,,1652213735225,1746259220689,d882f21d-63db-496a-b987-2d4405da6090,40.757317548039,-73.994265922343,100,New York County,Open,FP,,,,,,,,,,,,,,,,,,,,,,,,,,,,
536,FP,,SAGE CENTER HARLEM,"220 W 143rd St, New York, New York, 10030",NY,10030,,,,,,,,,,,,,,,,,,,,,,,,,,,,,,,,,,,,,,,,,,,,,,,,,,,,,,,,,,,,,,,,,,,,,,,,,,,1652213735225,1719475247741,6ee29439-c56a-4baf-b8be-9b5da786de32,40.8206636136494,-73.94121442639326,100,New York County,Permanently Closed,FP,,,,,,,,,,,,,,,,,,,,,,,,,,,,
537,FP,,ST. CECILIA'S PARISH SERVICES,"125 E 105th St, New York, New York, 10029",NY,10029,WED,9AM-12PM,,,closed,,,,,closed,,,,,open,09:00 AM,12:00 PM,,,closed,,,,,closed,,,,,closed,,,,,closed,,,,,,,,,,,,,,,,,,,,,,,,,,,,,,,,,,,,,,,,1652213735225,1684807298185,90032838-7472-4333-93c6-1271e71587a5,40.7919273063503,-73.9473274321981,100,New York County,Open,FP,,,,,,,,,,,,,,,,,,,,,,,,,,,,
538,FP,,ST. CHARLES BORROMEO CHURCH,"211 W 141st St, New York, New York, 10030",NY,10030,SAT,9-11:30AM,,,closed,,,,,closed,,,,,closed,,,,,closed,,,,,closed,,,,,open,09:00 AM,11:30 AM,,,closed,,,,,,,,,,,,,,,,,,,,,,,,,,,,,,,,,,,,,,,,1652213735225,1684807298185,9db90385-4269-4827-9e3f-dd254a3bed37,40.8195384269671,-73.9417043486339,100,New York County,Open,FP,,,,,,,,,,,,,,,,,,,,,,,,,,,,
539,FP,,ST. JOHN'S BREAD OF LIFE (FP),"213 W 30th St, New York, New York, 10001",NY,10001,WED,11AM-1PM,,,closed,,,,,closed,,,,,open,10:00 AM,01:00 PM,,,closed,,,,,closed,,,,,closed,,,,,closed,,,,,,,,,,,,,,,,,,,,,,,,,,,,,,,,,,,,,,,,1652213735225,1747728022053,81ecd3c4-1c6c-44f3-b709-e852c8111a73,40.74891083443,-73.993213825856,100,New York County,Open,FP,,,,,,,,,,,,,,,,,,,,,,,,,,,,
540,FP,,ST. JOSEPH OF THE HOLY FAMILY FOOD PANTRY (FP),"405 W 125th St, New York, New York, 10027",NY,10027,,,,,,,,,,,,,,,,,,,,,,,,,,,,,,,,,,,,,,,,,,,,,,,,,,,,,,,,,,,,,,,,,,,,,,,,,,,1652213735225,1730188825088,baa3268b-f906-4b67-a8da-5d800a9734d1,40.811791913962,-73.954215009675,100,New York County,Inactive,FP,,,,,,,,,,,,,,,,,,,,,,,,,,,,
541,FP,,ST. MARK THE EVANGELIST CHURCH,"67 W 138th St, New York, New York, 10037",NY,10037,,,,,closed,,,,,closed,,,,,closed,,,,,closed,,,,,closed,,,,,open,10:00 AM,12:00 PM,,,closed,,,,,,,,,,,,,,,,,,,,,,,,,,,,,,,,,,,,,,,,1652213735225,1761811217258,a844aa1c-968a-4d63-b98e-2275728a1654,40.815886934668,-73.938845952013,100,New York County,Open,FP,,,,,,,,,,,,,,,,,,,,,,,,,,,,
542,FP,,WE ARE NOT AFRAID COMMUNITY RESOURCE CENTER  (FP),"203 W 146th St, New York, NY, 10039, USA",NY,10039,,,,,,,,,,,,,,,,,,,,,,,,,,,,,,,,,,,,,,,,,,,,,,,,,,,,,,,,,,,,,,,,,,,,,,,,,,,1652213735225,1723017620192,f39878f4-66dc-461e-a6b5-067a93540fb0,40.822695135522,-73.939203607821,100,New York County,Permanently Closed,FP,,,,,,,,,,,,,,,,,,,,,,,,,,,,
543,FP,,THE SALVATION ARMY MANHATTAN CITADEL,"175 E 125th St, New York, New York, 10035",NY,10035,MON-FRI,9AM-3PM,,,open,09:00 AM,03:00 PM,,,open,09:00 AM,03:00 PM,,,open,09:00 AM,03:00 PM,,,open,09:00 AM,03:00 PM,,,open,09:00 AM,03:00 PM,,,closed,,,,,closed,,,,,,,,,,,,,,,,,,,,,,,,,,,,,,,,,,,,,,,,1652213735225,1684807298185,349e93f2-ff2d-4fd2-bca3-d2026ffce154,40.803901145509,-73.9361381224144,100,New York County,Open,FP,,,,,,,,,,,,,,,,,,,,,,,,,,,,
544,FP,,THE SALVATION ARMY NEW YORK TEMPLE CORPS ,"120 W 14th St, New York, NY, 10011, USA",NY,10011,MON-FRI,9:30-11:30AM,,,open,09:30 AM,11:30 AM,,,open,09:30 AM,11:30 AM,,,open,09:30 AM,11:30 AM,,,open,09:30 AM,11:30 AM,,,open,09:30 AM,11:30 AM,,,closed,,,,,closed,,,,,,,,,,,,,,,,,,,,,,,,,,,,,,,,,,,,,,,,1652213735225,1684807298185,fa28874b-8d94-4ad7-ae2c-39fd1066eec3,40.7378272762233,-73.9983262000598,100,New York County,Open,FP,,,,,,,,,,,,,,,,,,,,,,,,,,,,
545,FP,,"TZU CHI FOUNDATION, MANHATTAN SERVICE CENTER","63 Canal St, New York, New York, 10002",NY,10002,,,,,,,,,,,,,,,,,,,,,,,,,,,,,,,,,,,,,,,,,,,,,,,,,,,,,,,,,,,,,,,,,,,,,,,,,,,1652213735225,1719475247741,fc94db6f-961b-4fc9-9c4c-a50eaa188ec1,40.715106786561705,-73.99215955007456,100,New York County,Permanently Closed,FP,,,,,,,,,,,,,,,,,,,,,,,,,,,,
546,FP,,VISION URBANA,"64 Essex St, New York, NY, 10002, USA",NY,10002,TUE,10AM-12PM,,,closed,,,,,open,10:00 AM,12:00 PM,,,closed,,,,,closed,,,,,closed,,,,,closed,,,,,closed,,,,,,,,,,,,,,,,,,,,,,,,,,,,,,,,,,,,,,,,1652213735225,1684807298185,392edfcd-644b-4c5a-b03e-07a73ea58343,40.7173839401069,-73.9884646395168,100,New York County,Open,FP,,,,,,,,,,,,,,,,,,,,,,,,,,,,
547,FP,,"WORLDWIDE MISSIONARY MOVEMENT/CENTRO EVANGELISTICO MMM, INC (FP)","148 Post Ave, New York, NY, 10034, USA",NY,10034,SAT,9AM-1PM,,,closed,,,,,closed,,,,,closed,,,,,closed,,,,,closed,,,,,open,10:00 AM,12:00 PM,,,closed,,,,,,,,,,,,,,,,,,,,,,,,,,,,,,,,,,,,,,,,1652213735225,1732006822551,0eead60b-3858-498a-8581-d4e171de879d,40.865131328285,-73.918899872303,100,New York County,Open,FP,,,,,,,,,,,,,,,,,,,,,,,,,,,,
548,FP,,YEMENI AMER MERCHANTS ASSOC,"575 E 175th St, Bronx, New York, 10457",BX,10457,,,,,,,,,,,,,,,,,,,,,,,,,,,,,,,,,,,,,,,,,,,,,,,,,,,,,,,,,,,,,,,,,,,,,,,,,,,1652213735225,1719475247741,7847cbb9-f4eb-4a14-882d-f65d17da3ffb,40.8442884679264,-73.89770629458839,100,Bronx County,Permanently Closed,FP,,,,,,,,,,,,,,,,,,,,,,,,,,,,
549,FP,,ZEINA LORRAINE INC,"203 W 133rd St, New York, New York, 10030",NY,10030,,,,,closed,,,,,open,11:00 AM,02:00 PM,,,closed,,,,,open,11:00 AM,02:00 PM,,,closed,,,,,closed,,,,,closed,,,,,,,,,,,,,,,,,,,,,,,,,,,,,,,,,,,,,,,,1652213735225,1777363224712,0a8f2656-859e-4d35-92a1-71a2bd4b9ba2,40.814253762744,-73.944944792401,100,New York County,Open,FP,,,,,,,,,,,,,,,,,,,,,,,,,,,,
550,FP,,MERCY COLLEGE MAVERICK FRIENDLY MARKET MANHATTAN (MAV MARKET: MANHATTAN) (FPC),"47 W 34th St, New York, New York, 10001",NY,10001,,,,,,,,,,,,,,,,,,,,,,,,,,,,,,,,,,,,,,,,,,,,,,,,,,,,,,,,,,,,,,,,,,,,,,,,,,,1652213735225,1714118415659,6f9784d8-05c4-44b3-bd40-3b855fa417f4,40.749765704735,-73.987287568854,100,New York County,Inactive,FP,,,,,,,,,,,,,,,,,,,,,,,,,,,,
551,FP,,AGAPE CHRISTIAN CENTER,"59-02 Summerfield St, Ridgewood, New York, 11385",QN,11385,SAT,10-11:30AM,,,closed,,,,,closed,,,,,closed,,,,,closed,,,,,closed,,,,,open,10:00 AM,11:30 AM,,,closed,,,,,,,,,,,,,,,,,,,,,,,,,,,,,,,,,,,,,,,,1652213735225,1684807298185,baa24f6c-a8f5-476f-871f-f122c141e1a5,40.6992807894476,-73.8978069805996,100,Queens County,Open,FP,,,,,,,,,,,,,,,,,,,,,,,,,,,,
552,FP,,ALL NATIONS BAPTIST CHURCH OF WOODHAVEN,"86-76 80th St, Woodhaven, New York, 11421",QN,11421,,,,,,,,,,,,,,,,,,,,,,,,,,,,,,,,,,,,,,,,,,,,,,,,,,,,,,,,,,,,,,,,,,,,,,,,,,,1652213735225,1712995229138,c9865dbd-7a0b-4fb2-8d58-c1670efe80c3,40.691603888148,-73.862194369483,100,Queens County,Inactive,FP,,,,,,,,,,,,,,,,,,,,,,,,,,,,
553,FP,,ALLEN OUTREACH MINISTRY FEEDING PROGRAM (80866),"110-31 Merrick Blvd, Jamaica, New York, 11433",QN,11433,MON/THUR,3-5PM/12-2PM,,,open,03:00 PM,05:00 PM,,,closed,,,,,closed,,,,,open,11:00 AM,01:00 PM,,,closed,,,,,closed,,,,,closed,,,,,,,,,,,,,,,,,,,,,,,,,,,,,,,,,,,,,,,,1652213735225,1727510436840,8c03ab63-e869-4bac-85f0-2116993e75f0,40.69491406935,-73.781491980786,100,Queens County,Open,FP,,,,,,,,,,,,,,,,,,,,,,,,,,,,
554,FP,,BERACA SEVENTH DAY ADVENTIST CHURCH,"91-19 191st St, Hollis, New York, 11423",QN,11423,WED,9:30AM-12PM,,,closed,,,,,closed,,,,,open,09:30 AM,12:00 PM,,,closed,,,,,closed,,,,,closed,,,,,closed,,,,,,,,,,,,,,,,,,,,,,,,,,,,,,,,,,,,,,,,1652213735225,1684807298185,08ef5518-beed-4cf7-aff9-89d9b43ce909,40.7120303347297,-73.768177159954,100,Queens County,Open,FP,,,,,,,,,,,,,,,,,,,,,,,,,,,,
555,FP,,BETHANY BAPTIST CHURCH OF JAMAICA,"157-11 111th Ave, Jamaica, New York, 11433",QN,11433,"TUE,WED",11AM-2PM,,,closed,,,,,open,11:00 AM,02:00 PM,,,open,11:00 AM,02:00 PM,,,closed,,,,,closed,,,,,closed,,,,,closed,,,,,,,,,,,,,,,,,,,,,,,,,,,,,,,,,,,,,,,,1652213735225,1684807298185,802ba8a6-0f00-45b4-9fa0-034270e73ffd,40.6903166792776,-73.7916654319464,100,Queens County,Open,FP,,,,,,,,,,,,,,,,,,,,,,,,,,,,
556,FP,,BETHEL AME CHURCH/BETHEL ARVERNE COMM.,"215 Beach 77th St, Arverne, New York, 11692",QN,11692,,,,,closed,,,,,closed,,,,,closed,,,,,open,11:00 AM,01:00 PM,,,closed,,,,,closed,,,,,closed,,,,,,,,,,,,,,,,,,,,,,,,,,,,,,,,,,,,,,,,1652213735225,1725696026823,a1b6a9df-eb79-43a1-be64-83ba2c87ab6f,40.588830355829,-73.804509776553,100,Queens County,Open,FP,,,,,,,,,,,,,,,,,,,,,,,,,,,,
557,FP,,BLANCHE MEMORIAL CHURCH,"109-74 Sutphin Blvd, Jamaica, New York, 11435",QN,11435,,,,,closed,,,,,open,09:00 AM,10:00 AM,,,closed,,,,,closed,,,,,closed,,,,,closed,,,,,closed,,,,,,,,,,,,,,,,,,,,,,,,,,,,,,,,,,,,,,,,1652213735225,1732093221565,df7c0e2a-09e0-44a2-97f9-e7bead2fba89,40.690065347911,-73.797055079507,100,Queens County,Open,FP,,,,,,,,,,,,,,,,,,,,,,,,,,,,
558,FP,,"CHRIST APOSTOLIC CHURCH OF AMERICA, INC (FP)","108-02 Sutphin Blvd, Jamaica, New York, 11435",QN,11435,,,,,closed,,,,,closed,,,,,closed,,,,,closed,,,,,closed,,,,,open,09:00 AM,01:00 PM,,,closed,,,,,,,,,,,,,,,,,,,,,,,,,,,,,,,,,,,,,,,,1652213735225,1708506015965,b07e2e9f-9e9f-4627-91d8-35eda4d2e0e3,40.692895120332,-73.799471330736,100,Queens County,Open,FP,,,,,,,,,,,,,,,,,,,,,,,,,,,,
559,FP,,CHRIST CHURCH INTERNATIONAL JOSEPH'S HOUSE,"122-20 Merrill St, Jamaica, New York, 11434",QN,11434,"SAT (2,4)",10AM-12PM,,,closed,,,,,closed,,,,,closed,,,,,closed,,,,,closed,,,,,open,10:00 AM,12:00 PM,,,closed,,,,,,,,,,,,,,,,,,,,,,,,,,,,,,,,,,,,,,,,1652213735225,1684807298185,1acdc90f-370d-4c0d-a726-e4ab6dbf3ecf,40.6828197793489,-73.7697998964087,100,Queens County,Open,FP,,,,,,,,,,,,,,,,,,,,,,,,,,,,
560,FP,,COMMUNITY ALLIANCE INITIATIVE,"60-85 Myrtle Ave, Ridgewood, New York, 11385",QN,11385,WED,10AM -12PM,,,closed,,,,,closed,,,,,closed,,,,,closed,,,,,open,10:00 AM,12:00 PM,,,closed,,,,,closed,,,,,,,,,,,,,,,,,,,,,,,,,,,,,,,,,,,,,,,,1652213735225,1684807298185,3568e5cc-a003-4135-8413-cf2f97f37eca,40.7008576349825,-73.8952422020469,100,Queens County,Open,FP,,,,,,,,,,,,,,,,,,,,,,,,,,,,
561,FP,,CORPUS CHRISTI FOOD PANTRY,"31-30 61st St, Woodside, New York, 11377",QN,11377,WED,11AM-1PM,,,closed,,,,,closed,,,,,open,09:00 AM,10:30 AM,,,closed,,,,,closed,,,,,closed,,,,,closed,,,,,,,,,,,,,,,,,,,,,,,,,,,,,,,,,,,,,,,,1652213735225,1729238421469,a3e114ff-cc04-412a-a75b-a517bb2fb100,40.756493104043,-73.901848566673,100,Queens County,Open,FP,,,,,,,,,,,,,,,,,,,,,,,,,,,,
562,FP,,CROSSOVER BAPTIST CHURCH COMMUNITY OUTREACH HELP CENTER,"85-12 101st Ave, Ozone Park, New York, 11416",QN,11416,,,,,,,,,,,,,,,,,,,,,,,,,,,,,,,,,,,,,,,,,,,,,,,,,,,,,,,,,,,,,,,,,,,,,,,,,,,1652213735225,1744790420023,00a2631f-c258-4148-aa1d-b8225ece814e,40.681817974281,-73.853936853751,100,Queens County,Permanently Closed,FP,,,,,,,,,,,,,,,,,,,,,,,,,,,,
563,FP,,ELMCOR YOUTH & ADULT ACTIVITIES #2 (FP),"33-16 108th St, Corona, New York, 11368",QN,11368,,,,,closed,,,,,closed,,,,,open,10:00 AM,03:00 PM,,,closed,,,,,closed,,,,,closed,,,,,closed,,,,,,,,,,,,,,,,,,,,,,,,,,,,,,,,,,,,,,,,1652213735225,1749196814875,2a612364-9bd3-4c6a-91d1-042e9e8dc21c,40.757254767584,-73.861095082881,100,Queens County,Open,FP,,,,,,,,,,,,,,,,,,,,,,,,,,,,
564,FP,,FIRST CHURCH OF GOD,"21-23 Birdsall Ave, Far Rockaway, New York, 11691",QN,11691,,,,,,,,,,,,,,,,,,,,,,,,,,,,,,,,,,,,,,,,,,,,,,,,,,,,,,,,,,,,,,,,,,,,,,,,,,,1652213735225,1719475247741,5d8021ed-e280-4ac2-8801-045eef3d934c,40.606999346337744,-73.75394837639944,100,Queens County,Inactive,FP,,,,,,,,,,,,,,,,,,,,,,,,,,,,
565,FP,,"FIRST CHURCH OF GOD IN CHRIST, INC. (FP)","187-10 Baisley Blvd, Saint Albans, New York, 11412",QN,11412,"WED,THUR",12-3PM,,,closed,,,,,closed,,,,,open,12:00 PM,03:00 PM,,,closed,,,,,closed,,,,,closed,,,,,closed,,,,,,,,,,,,,,,,,,,,,,,,,,,,,,,,,,,,,,,,1652213735225,1708765215813,e5524cb6-6bed-4257-8e53-d8300f8030e0,40.690313242697,-73.763010722475,100,Queens County,Open,FP,,,,,,,,,,,,,,,,,,,,,,,,,,,,
566,FP,,FIRST UNITED METHODIST CHURCH OF JAMAICA (FP),"162-10 Highland Ave, Jamaica, New York, 11432",QN,11432,MON,8:30-9:30AM,,,open,08:30 AM,09:30 AM,,,closed,,,,,closed,,,,,closed,,,,,closed,,,,,closed,,,,,closed,,,,,,,,,,,,,,,,,,,,,,,,,,,,,,,,,,,,,,,,1652213735225,1727769628751,198306a4-4c16-43aa-a767-640b4baa75b3,40.709765376854,-73.800760970358,100,Queens County,Open,FP,,,,,,,,,,,,,,,,,,,,,,,,,,,,
567,FP,,FOREST HILLS SENIORS CENTER,"108-25 62nd Dr, Forest Hills, New York, 11375",QN,11375,THUR,8:30-10:30AM,,,closed,,,,,closed,,,,,closed,,,,,open,08:30 AM,10:30 AM,,,closed,,,,,closed,,,,,closed,,,,,,,,,,,,,,,,,,,,,,,,,,,,,,,,,,,,,,,,1652213735225,1770282038637,990d0a24-c2e6-4522-8282-ae0659096e1f,40.736169377685,-73.850150915724,100,Queens County,Open,FP,,,,,,,,,,,,,,,,,,,,,,,,,,,,
568,FP,,"GENESIS TRANSITIONAL HOUSING MINISTRIES, INC (FP)","195-12 Hollis Ave, Saint Albans, New York, 11412",QN,11412,,,,,,,,,,,,,,,,,,,,,,,,,,,,,,,,,,,,,,,,,,,,,,,,,,,,,,,,,,,,,,,,,,,,,,,,,,,1652213735225,1773129628003,7727f8aa-1809-44cd-b67b-dc4663ed5c61,40.706475940862,-73.762350228504,100,Queens County,Permanently Closed,FP,,,,,,,,,,,,,,,,,,,,,,,,,,,,
569,FP,,GOSPEL ASSEMBLY - QUEENS,"109-14 Farmers Blvd, Saint Albans, New York, 11412",QN,11412,WED-SAT,10AM -12PM,,,closed,,,,,closed,,,,,open,10:00 AM,12:00 PM,,,open,10:00 AM,12:00 PM,,,open,10:00 AM,12:00 PM,,,open,10:00 AM,12:00 PM,,,closed,,,,,,,,,,,,,,,,,,,,,,,,,,,,,,,,,,,,,,,,1652213735225,1733994035331,3cb6d4ff-0c69-4b9d-ac14-cd46eb219072,40.703583387986,-73.766861033517,100,Queens County,Open,FP,,,,,,,,,,,,,,,,,,,,,,,,,,,,
570,FP,,HOLLIS COMMUNITY CHRISTIAN CENTER,"191-22 Jamaica Ave, Hollis, New York, 11423",QN,11423,SAT,10AM-12PM,,,closed,,,,,closed,,,,,closed,,,,,closed,,,,,closed,,,,,open,10:00 AM,12:00 PM,,,closed,,,,,,,,,,,,,,,,,,,,,,,,,,,,,,,,,,,,,,,,1652213735225,1684807298185,cf0a8f67-e623-4a9f-9f85-4a7178129332,40.7127329896729,-73.7678960309214,100,Queens County,Open,FP,,,,,,,,,,,,,,,,,,,,,,,,,,,,
571,FP,,"HOLY TEMPLE CHURCH, INC","136-25 Springfield Blvd, Springfield Gardens, New York, 11413",QN,11413,,,,,closed,,,,,closed,,,,,closed,,,,,closed,,,,,closed,,,,,open,11:00 AM,12:00 PM,,,closed,,,,,,,,,,,,,,,,,,,,,,,,,,,,,,,,,,,,,,,,1652213735225,1696320017259,751d8656-9405-4760-b6eb-a56985d2e00d,40.677109859268,-73.755086638851,100,Queens County,Open,FP,,,,,,,,,,,,,,,,,,,,,,,,,,,,
572,FP,,ICNA FLUSHING FOOD PANTRY,43-12 Union ,QN,11355,WED,12-2PM,,,closed,,,,,closed,,,,,open,12:00 PM,02:00 PM,,,closed,,,,,closed,,,,,closed,,,,,closed,,,,,,,,,,,,,,,,,,,,,,,,,,,,,,,,,,,,,,,,1652213735225,1775894425592,80830ff1-0416-422a-9683-4a06e64a724a,40.754209999346,-73.821482795208,97.53,Queens County,Open,FP,,,,,,,,,,,,,,,,,,,,,,,,,,,,
573,FP,,ICNA RELIEF USA,"87-91 144th St, Jamaica, New York, 11435",QN,11435,"THUR/M,TU,W",11AM-2PM/BY APPT(10A-6P),,,closed,,,,,closed,,,,,closed,,,,,open,11:00 AM,01:00 PM,,,closed,,,,,closed,,,,,closed,,,,,,,,,,,,,,,,,,,,,,,,,,,,,,,,,,,,,,,,1652213735225,1721462427843,e62df62e-40a4-4aef-b7f0-dd0178e7fb92,40.704513779238,-73.811671777541,100,Queens County,Open,FP,,,,,,,,,,,,,,,,,,,,,,,,,,,,
574,FP,,IGLESIA DEL DIOS VIVO,"37-38 92nd St, Jackson Heights, New York, 11372",QN,11372,,,,,,,,,,,,,,,,,,,,,,,,,,,,,,,,,,,,,,,,,,,,,,,,,,,,,,,,,,,,,,,,,,,,,,,,,,,1652213735225,1719475247741,5b4bc20e-0cdd-4fc1-b923-6ccdf6ce0c24,40.74973439832672,-73.87501088617137,100,Queens County,Permanently Closed,FP,,,,,,,,,,,,,,,,,,,,,,,,,,,,
575,FP,,J.U.S.T.I.C.E. ORGANIZATION/JESUS IS JUSTICE MISSION INC.,"223 Beach 28th St, Far Rockaway, New York, 11691",QN,11691,WED,12-2PM,,,closed,,,,,closed,,,,,open,12:00 PM,02:00 PM,,,closed,,,,,closed,,,,,closed,,,,,closed,,,,,,,,,,,,,,,,,,,,,,,,,,,,,,,,,,,,,,,,1652213735225,1733994035331,39b03aad-d938-43e6-8369-120a24428946,40.595606537813,-73.761348926351,100,Queens County,Open,FP,,,,,,,,,,,,,,,,,,,,,,,,,,,,
576,FP,,JAMAICA HISPANIC SEVENTH DAY ADVENTIST CHURCH,"88-28 161st St, Jamaica, New York, 11432",QN,11432,SUN,8-9AM,,,closed,,,,,closed,,,,,closed,,,,,closed,,,,,closed,,,,,closed,,,,,open,08:00 AM,09:00 AM,,,,,,,,,,,,,,,,,,,,,,,,,,,,,,,,,,,,,,1652213735225,1719475247741,7a3f7820-11f8-4eb2-bb63-6c23f7807649,40.707357549437944,-73.80077957818321,100,Queens County,Open,FP,,,,,,,,,,,,,,,,,,,,,,,,,,,,
577,FP,,JAMAICA QUEENS WESLEYAN CHURCH PANTRY,"134-49 228th St, Laurelton, NY, 11413, USA",QN,11413,SAT,12-1:30PM,,,closed,,,,,closed,,,,,closed,,,,,closed,,,,,closed,,,,,open,12:00 PM,01:30 PM,,,closed,,,,,,,,,,,,,,,,,,,,,,,,,,,,,,,,,,,,,,,,1652213735225,1684807298185,c14a9055-a257-4d70-9256-b1fd9dc9ac04,40.6753124439508,-73.742797427691,100,Queens County,Open,FP,,,,,,,,,,,,,,,,,,,,,,,,,,,,
578,FP,,JAMAICA SEVENTH DAY ADVENTIST CHURCH (FP),"88-28 163rd St, Jamaica, New York, 11432",QN,11432,SUN,9:30-11:30AM,,,closed,,,,,closed,,,,,closed,,,,,closed,,,,,closed,,,,,closed,,,,,open,09:30 AM,11:30 AM,,,,,,,,,,,,,,,,,,,,,,,,,,,,,,,,,,,,,,1652213735225,1705136414996,f4e1bc2a-8bcc-4e4a-9ced-bbf44a9446fd,40.707890931847,-73.798958609718,100,Queens County,Open,FP,,,,,,,,,,,,,,,,,,,,,,,,,,,,
579,FP,,JESUS IS THE ANSWER - J.I.T.A. COMMUNITY OUTREACH (FP),"205-11 Jamaica Ave, Hollis, NY, 11423, USA",QN,11423,,,,,closed,,,,,open,12:00 PM,01:00 PM,,,closed,,,,,closed,,,,,closed,,,,,closed,,,,,closed,,,,,,,,,,,,,,,,,,,,,,,,,,,,,,,,,,,,,,,,1652213735225,1756368018432,a49cf01d-94e0-4faf-b3ec-b96441f2d307,40.713893883263,-73.754630830956,100,Queens County,Open,FP,,,,,,,,,,,,,,,,,,,,,,,,,,,,
580,FP,,LEBANON SEVENTH DAY ADVENTIST,"131-72 223rd St, Springfield Gardens, New York, 11413",QN,11413,,,,,,,,,,,,,,,,,,,,,,,,,,,,,,,,,,,,,,,,,,,,,,,,,,,,,,,,,,,,,,,,,,,,,,,,,,,1652213735225,1719475247741,a3bbbdbe-93b8-4140-9e2d-663cee616980,40.67985212462017,-73.74575012072258,100,Queens County,Permanently Closed,FP,,,,,,,,,,,,,,,,,,,,,,,,,,,,
581,FP,,LEVITICUS CHURCH (FP),"114-12 Van Wyck Expy, South Ozone Park, New York, 11420",QN,11420,,,,,closed,,,,,closed,,,,,open,01:00 PM,02:00 PM,,,closed,,,,,closed,,,,,open,12:00 PM,01:00 PM,,,closed,,,,,,,,,,,,,,,,,,,,,,,,,,,,,,,,,,,,,,,,1652213735225,1700125220048,e8e1714d-6594-4e97-a028-663f2c0e65d7,40.682375831847,-73.806131423361,100,Queens County,Open,FP,,,,,,,,,,,,,,,,,,,,,,,,,,,,
582,FP,,LIGHTHOUSE BAPTIST CHURCH,"220-01 Merrick Blvd, Springfield Gardens, New York, 11413",QN,11413,,,,,,,,,,,,,,,,,,,,,,,,,,,,,,,,,,,,,,,,,,,,,,,,,,,,,,,,,,,,,,,,,,,,,,,,,,,1652213735225,1719475247741,3020b8d9-8f18-4946-b0a6-9781592851c5,40.679053203519004,-73.74884966469781,100,Queens County,Permanently Closed,FP,,,,,,,,,,,,,,,,,,,,,,,,,,,,
583,FP,,LINDEN SEVENTH DAY ADVENTIST CHURCH COMMUNITY SERVICES (FP),"228-20 137th Ave, Springfield Gardens, New York, 11413",QN,11413,,,,,closed,,,,,closed,,,,,closed,,,,,closed,,,,,closed,,,,,closed,,,,,open,10:00 AM,12:00 PM,,,,,,,,,,,,,,,,,,,,,,,,,,,,,,,,,,,,,,1652213735225,1707296414394,2f8fac82-b0a3-4152-8ad7-5e75afb2c944,40.673140776657,-73.743827479772,100,Queens County,Open,FP,,,,,,,,,,,,,,,,,,,,,,,,,,,,
584,FP,,MAJORITY COMMUNITY OUTREACH,"115-21 Farmers Blvd, Saint Albans, New York, 11412",QN,11412,,,,,,,,,,,,,,,,,,,,,,,,,,,,,,,,,,,,,,,,,,,,,,,,,,,,,,,,,,,,,,,,,,,,,,,,,,,1652213735225,1768640430099,85d33f1a-4577-44f3-acd2-5c385da474a7,40.695370924983,-73.761497621313,100,Queens County,Inactive,FP,,,,,,,,,,,,,,,,,,,,,,,,,,,,
585,FP,,MAKE THE ROAD NEW YORK        (QN),"92-10 Roosevelt Ave, Jackson Heights, NY, 11372, USA",QN,11373,"WED,THUR(APPT ONLY)",9:30AM-2:30PM,,,closed,,,,,closed,,,,,open,08:00 AM,10:00 AM,,,closed,,,,,closed,,,,,closed,,,,,closed,,,,,,,,,,,,,,,,,,,,,,,,,,,,,,,,,,,,,,,,1652213735225,1709283616763,434d265b-8c34-4d88-a3e1-a9235b40d7f7,40.748514873324,-73.874423817673,97.71,Queens County,Open,FP,,,,,,,,,,,,,,,,,,,,,,,,,,,,
586,FP,,MINISTRY TOOLS INC,"170-20 140th Ave, Jamaica, New York, 11434",QN,11434,FRI,4-6PM,,,closed,,,,,closed,,,,,closed,,,,,open,04:00 PM,06:00 PM,,,closed,,,,,closed,,,,,closed,,,,,,,,,,,,,,,,,,,,,,,,,,,,,,,,,,,,,,,,1652213735225,1728115226493,fba97183-c614-4e31-a130-37cbc0e0ae00,40.6766449,-73.776844,84,Queens County,Open,FP,,,,,,,,,,,,,,,,,,,,,,,,,,,,
587,FP,,MORE THAN CONQUERORS GLOBAL MINISTRIES INC,"153-56 Rockaway Blvd, Jamaica, New York, 11434",QN,11434,SAT,4-6PM,,,closed,,,,,closed,,,,,closed,,,,,closed,,,,,closed,,,,,open,02:00 PM,04:00 PM,,,closed,,,,,,,,,,,,,,,,,,,,,,,,,,,,,,,,,,,,,,,,1652213735225,1719475247741,29ef5365-3c13-4a52-beae-4e5fbf82c0d7,40.66918313534427,-73.78250049137627,100,Queens County,Open,FP,,,,,,,,,,,,,,,,,,,,,,,,,,,,
588,FP,,MOUNT SINAI SEVENTH DAY ADVENTIST CHURCH,"217-10 93rd Ave, Queens Village, New York, 11428",QN,11428,WED,5-7PM,,,closed,,,,,closed,,,,,open,05:00 PM,07:00 PM,,,closed,,,,,closed,,,,,closed,,,,,closed,,,,,,,,,,,,,,,,,,,,,,,,,,,,,,,,,,,,,,,,1652213735225,1719475247741,b5bffcab-9cc4-4d99-89f7-a9d6df2d9bb2,40.72109381224961,-73.74005070200047,100,Queens County,Open,FP,,,,,,,,,,,,,,,,,,,,,,,,,,,,
589,FP,,NATIONAL SORORITY OF PHI DELTA KAPPA,"117-08 Merrick Blvd, Jamaica, New York, 11434",QN,11434,THUR,11AM-1PM,,,closed,,,,,closed,,,,,closed,,,,,open,11:00 AM,01:00 PM,,,closed,,,,,closed,,,,,closed,,,,,,,,,,,,,,,,,,,,,,,,,,,,,,,,,,,,,,,,1652213735225,1684807298185,882fb3ca-5d4f-4aba-8e76-8a18e242e7f9,40.6867022349903,-73.7746964366057,100,Queens County,Open,FP,,,,,,,,,,,,,,,,,,,,,,,,,,,,
590,FP,,NORTHEAST CONFERENCE COMMUNITY CENTER SDA,"99-13 Northern Blvd, East Elmhurst, New York, 11369",QN,11369,TUE(SR ONLY)/WED,11AM-1PM/4-6PM,,,closed,,,,,open,11:00 AM,01:00 PM,,,open,03:00 PM,06:00 PM,,,closed,,,,,closed,,,,,closed,,,,,closed,,,,,,,,,,,,,,,,,,,,,,,,,,,,,,,,,,,,,,,,1652213735225,1698220817275,8e038c0c-4baf-421b-bf52-29b98285969c,40.757447928543,-73.86895990645,100,Queens County,Open,FP,,,,,,,,,,,,,,,,,,,,,,,,,,,,
591,FP,,NYC FAMILY JUSTICE CENTERS (FJCs) QUEENS,"126-02 82nd Ave, Kew Gardens, New York, 11415",QN,11415,,,,,,,,,,,,,,,,,,,,,,,,,,,,,,,,,,,,,,,,,,,,,,,,,,,,,,,,,,,,,,,,,,,,,,,,,,,1652213735225,1758096016739,08d66eb0-d807-4928-82e7-4dd1d8e88ac3,40.713442811143,-73.826010866941,100,Queens County,Inactive,FP,,,,,,,,,,,,,,,,,,,,,,,,,,,,
592,FP,,ONE WAY CHURCH OF CHRIST,"216-11 Merrick Blvd, Springfield Gardens, New York, 11413",QN,11413,SAT,11AM-1PM,,,closed,,,,,closed,,,,,closed,,,,,closed,,,,,closed,,,,,open,11:00 AM,01:00 PM,,,closed,,,,,,,,,,,,,,,,,,,,,,,,,,,,,,,,,,,,,,,,1652213735225,1684807298185,3999ffd4-9d9a-41d1-b407-dfa096952ddf,40.6801782225632,-73.7523253046685,100,Queens County,Open,FP,,,,,,,,,,,,,,,,,,,,,,,,,,,,
593,FP,,OUR LADY OF LIGHT PARISH,"118-22 Riverton St, Saint Albans, New York, 11412",QN,11412,,,,,,,,,,,,,,,,,,,,,,,,,,,,,,,,,,,,,,,,,,,,,,,,,,,,,,,,,,,,,,,,,,,,,,,,,,,1652213735225,1719475247741,22f37348-401d-4c24-85a7-080043d1b22f,40.69000269318465,-73.76330752566611,100,Queens County,Inactive,FP,,,,,,,,,,,,,,,,,,,,,,,,,,,,
594,FP,,POMONOK FOOD PANTRY (FP),"67-09 Kissena Blvd, Flushing, New York, 11367",QN,11367,,,,,,,,,,,,,,,,,,,,,,,,,,,,,,,,,,,,,,,,,,,,,,,,,,,,,,,,,,,,,,,,,,,,,,,,,,,1652213735225,1730188825088,5171bfd7-88ac-46f4-b9d4-7e157a805c16,40.735170212917,-73.814090962435,100,Queens County,Inactive,FP,,,,,,,,,,,,,,,,,,,,,,,,,,,,
595,FP,,QUEENSBORO TEMPLE SEVENTH DAY ADVENTIST CHURCH,"96-50 222nd St, Queens Village, New York, 11429",QN,11429,WED(2ND&4TH),3-6PM,,,closed,,,,,closed,,,,,open,01:00 PM,04:00 PM,,,closed,,,,,closed,,,,,closed,,,,,closed,,,,,,,,,,,,,,,,,,,,,,,,,,,,,,,,,,,,,,,,1652213735225,1719475247741,44fbd24d-74f4-4103-b70f-020a67536b41,40.71813283936383,-73.7317494969437,100,Queens County,Open,FP,,,,,,,,,,,,,,,,,,,,,,,,,,,,
596,FP,,"RIDGEWOOD OLDER ADULT CENTER & SERVICES, INC","59-14 70th Ave, Ridgewood, New York, 11385",QN,11385,,,,,,,,,,,,,,,,,,,,,,,,,,,,,,,,,,,,,,,,,,,,,,,,,,,,,,,,,,,,,,,,,,,,,,,,,,,1652213735225,1711180829983,aae6fb67-b1d4-4bef-b67b-b9432ad766e9,40.701153306617,-73.899839005386,100,Queens County,Inactive,FP,,,,,,,,,,,,,,,,,,,,,,,,,,,,
597,FP,,SECOND CHANCE AGAPE WORSHIP CENTER,"200-12 Hollis Ave, Saint Albans, New York, 11412",QN,11412,THUR,12-2PM,,,closed,,,,,closed,,,,,closed,,,,,open,12:00 PM,02:00 PM,,,closed,,,,,closed,,,,,closed,,,,,,,,,,,,,,,,,,,,,,,,,,,,,,,,,,,,,,,,1652213735225,1684807298185,48f93d41-4beb-4eec-b227-04a82e1810d2,40.7060513555566,-73.7571810249971,100,Queens County,Open,FP,,,,,,,,,,,,,,,,,,,,,,,,,,,,
598,FP,,SINGH FAMILY CHARITY INC (85556),"121-13 Sutphin Blvd, Jamaica, New York, 11434",QN,11434,SAT,10AM-12PM,,,closed,,,,,closed,,,,,closed,,,,,closed,,,,,closed,,,,,open,08:00 AM,10:00 AM,,,closed,,,,,,,,,,,,,,,,,,,,,,,,,,,,,,,,,,,,,,,,1652213735225,1695715215599,ac64b96a-7d51-4bbd-b803-42e638945e2a,40.676953033859,-73.790635547503,100,Queens County,Open,FP,,,,,,,,,,,,,,,,,,,,,,,,,,,,
599,FP,,SOLID ROCK SEVENTH DAY ADVENTIST CHURCH (FP),"52-05 Rockaway Beach Blvd, Far Rockaway, New York, 11691",QN,11691,,,,,closed,,,,,closed,,,,,open,02:30 PM,05:30 PM,,,closed,,,,,closed,,,,,closed,,,,,closed,,,,,,,,,,,,,,,,,,,,,,,,,,,,,,,,,,,,,,,,1652213735225,1758268816266,547889f7-2368-4d8c-9a43-4195392fe87c,40.593483988472,-73.780484978939,99.55,Queens County,Open,FP,,,,,,,,,,,,,,,,,,,,,,,,,,,,
600,FP,,SOUTH ASIAN COUNCIL FOR SOCIAL SERVICES,"143-02 45th Ave, Flushing, New York, 11355",QN,11355,WED,9AM-6PM,,,closed,,,,,closed,,,,,open,09:30 AM,01:00 PM,,,open,09:30 AM,01:00 PM,,,closed,,,,,closed,,,,,closed,,,,,,,,,,,,,,,,,,,,,,,,,,,,,,,,,,,,,,,,1652213735225,1684807298185,7d698b64-6dfc-4696-ad1d-ee9cd021579c,40.753835873098,-73.818216283721,100,Queens County,Open,FP,,,,,,,,,,,,,,,,,,,,,,,,,,,,
601,FP,,SOUTH OZONE PARK SEVENTH DAY ADVENTIST CHURCH,"120-12 140th St, Jamaica, New York, 11436",QN,11436,"FRI(4TH), SUN (2ND)",12-2PM,,,closed,,,,,closed,,,,,open,12:00 PM,02:00 PM,,,closed,,,,,closed,,,,,closed,,,,,closed,,,,,,,,,,,,,,,,,,,,,,,,,,,,,,,,,,,,,,,,1652213735225,1719475247741,3c881cf6-bca7-41e1-bfff-611f512d83e8,40.675624083110876,-73.80110655622609,100,Queens County,Open,FP,,,,,,,,,,,,,,,,,,,,,,,,,,,,
602,FP,,ST. MARGARET MARY CHURCH,"9-18 27th Ave, Astoria, New York, 11102",QN,11102,,,,,,,,,,,,,,,,,,,,,,,,,,,,,,,,,,,,,,,,,,,,,,,,,,,,,,,,,,,,,,,,,,,,,,,,,,,1652213735225,1719475247741,81363cc0-8e16-4262-8a9b-c912ee8a8446,40.77370115126189,-73.93053143933906,100,Queens County,Inactive,FP,,,,,,,,,,,,,,,,,,,,,,,,,,,,
603,FP,,ST. MARK AME CHURCH/THE VOICE OF HAGAR,"95-18 Northern Blvd, Jackson Heights, New York, 11372",QN,11372,"TUE (1,2,3,4)",12-2:45PM,,,closed,,,,,open,10:00 AM,12:30 PM,,,closed,,,,,closed,,,,,closed,,,,,closed,,,,,closed,,,,,,,,,,,,,,,,,,,,,,,,,,,,,,,,,,,,,,,,1652213735225,1741078819977,5fe219fc-0db6-49ee-9aac-7e29afd205fe,40.756756044345,-73.872420794271,100,Queens County,Open,FP,,,,,,,,,,,,,,,,,,,,,,,,,,,,
604,FP,,ST. MARY STAR OF THE SEA,"19-20 New Haven Ave, Far Rockaway, NY, 11691, USA",QN,11691,,,,,,,,,,,,,,,,,,,,,,,,,,,,,,,,,,,,,,,,,,,,,,,,,,,,,,,,,,,,,,,,,,,,,,,,,,,1652213735225,1768035625911,e013c5e9-c7f5-4286-95ba-55a0e58dc3ed,40.600688946713,-73.752629986849,100,Queens County,Inactive,FP,,,,,,,,,,,,,,,,,,,,,,,,,,,,
605,FP,,ST. NICHOLAS OF TOLENTINE CHURCH- F.P.,"150-75 Goethals Ave, Jamaica, New York, 11432",QN,11432,THUR,9AM-12PM,,,closed,,,,,closed,,,,,closed,,,,,open,09:00 AM,12:00 PM,,,closed,,,,,closed,,,,,closed,,,,,,,,,,,,,,,,,,,,,,,,,,,,,,,,,,,,,,,,1652213735225,1684807318821,a779c81d-f005-471e-9059-0f841ba84a9a,40.7184254753955,-73.809608488255,100,Queens County,Open,FP,,,,,,,,,,,,,,,,,,,,,,,,,,,,
606,FP,,ST. TERESA OF AVILA COMMUNITY SERVICES,"109-24 130th St, South Ozone Park, NY, 11420, USA",QN,11420,"MON,THUR",9-10:30AM,,,open,09:00 AM,10:30 AM,,,closed,,,,,closed,,,,,open,09:00 AM,10:30 AM,,,closed,,,,,closed,,,,,closed,,,,,,,,,,,,,,,,,,,,,,,,,,,,,,,,,,,,,,,,1652213735225,1684807318821,e9757727-e37a-4967-ad1e-c251e4252953,40.684362104919,-73.81320696364,100,Queens County,Open,FP,,,,,,,,,,,,,,,,,,,,,,,,,,,,
607,FP,,TABERNACLE OF PRAYER,"90-07 Merrick Blvd, Jamaica, New York, 11432",QN,11432,TUE/FRI,11:30A-12:3PM/10A/11:3P,,,closed,,,,,closed,,,,,open,10:00 AM,11:30 AM,,,closed,,,,,closed,,,,,closed,,,,,closed,,,,,,,,,,,,,,,,,,,,,,,,,,,,,,,,,,,,,,,,1652213735225,1690963214103,80ad95a8-7bd7-402e-92ed-56dfc4c95b31,40.706839296365,-73.794500023962,100,Queens County,Open,FP,,,,,,,,,,,,,,,,,,,,,,,,,,,,
608,FP,,TAURUS ASSOCIATES INC.,"240-08 135th Ave, Rosedale, NY, 11422, USA",QN,11422,WED,3-5PM,,,closed,,,,,closed,,,,,open,03:00 PM,05:00 PM,,,closed,,,,,closed,,,,,closed,,,,,closed,,,,,,,,,,,,,,,,,,,,,,,,,,,,,,,,,,,,,,,,1652213735225,1684807318821,c4376e78-6237-4799-96fc-8c00d01bdb96,40.6719841997474,-73.7343242455899,100,Queens County,Open,FP,,,,,,,,,,,,,,,,,,,,,,,,,,,,
609,FP,,THE SALVATION ARMY ASTORIA CORPS,"45-18 Broadway, Astoria, New York, 11103",QN,11103,"TUE,THUR",10AM-4PM,,,closed,,,,,open,10:00 AM,02:00 PM,,,closed,,,,,open,10:00 AM,02:00 PM,,,closed,,,,,closed,,,,,closed,,,,,,,,,,,,,,,,,,,,,,,,,,,,,,,,,,,,,,,,1652213735225,1684807318821,7af325ae-4eee-4774-8c0d-9064c836bd76,40.7567003885083,-73.9144419570986,100,Queens County,Open,FP,,,,,,,,,,,,,,,,,,,,,,,,,,,,
610,FP,,UNION UNITED FOOD PANTRY (FP),"126-22 150th St, Jamaica, New York, 11436",QN,11436,"FRI(3,4)",11AM-12PM,,,closed,,,,,closed,,,,,closed,,,,,closed,,,,,open,12:00 PM,03:00 PM,,,closed,,,,,closed,,,,,,,,,,,,,,,,,,,,,,,,,,,,,,,,,,,,,,,,1652213735225,1728460821255,f950b9c8-5b13-4f8b-9950-9eb21c3f64d4,40.67237613754,-73.788664207695,100,Queens County,Open,FP,,,,,,,,,,,,,,,,,,,,,,,,,,,,
611,FP,,V.E.T.S. INC,"111-16 173rd St, Jamaica, New York, 11433",QN,11433,,,,,closed,,,,,closed,,,,,closed,,,,,closed,,,,,open,10:00 AM,12:00 PM,,,closed,,,,,closed,,,,,,,,,,,,,,,,,,,,,,,,,,,,,,,,,,,,,,,,1652213735225,1734685219994,8c580c5d-9682-4ad9-a9f6-ac765ca15fe8,40.694836494836,-73.779416956836,100,Queens County,Open,FP,,,,,,,,,,,,,,,,,,,,,,,,,,,,
612,FP,,"VETS INC, HOLLIS GARDENS","202-14 Hollis Ave, Saint Albans, New York, 11412",QN,11412,THUR,3-5PM,,,closed,,,,,closed,,,,,closed,,,,,open,03:00 PM,05:00 PM,,,closed,,,,,closed,,,,,closed,,,,,,,,,,,,,,,,,,,,,,,,,,,,,,,,,,,,,,,,1652213735225,1684807318821,28980c8e-a88f-4e6f-bfaa-1f68b0a849f4,40.7063096858125,-73.7549966172106,100,Queens County,Open,FP,,,,,,,,,,,,,,,,,,,,,,,,,,,,
613,FP,,VFW #5298,"143-17 Springfield Blvd, Springfield Gardens, New York, 11413",QN,11413,WED,5-7PM,,,closed,,,,,closed,,,,,open,02:00 PM,05:00 PM,,,closed,,,,,closed,,,,,closed,,,,,closed,,,,,,,,,,,,,,,,,,,,,,,,,,,,,,,,,,,,,,,,1652213735225,1719475247741,50c07a56-49bb-4a3c-823a-e6cf8f307440,40.66809223064598,-73.75665849715315,100,Queens County,Open,FP,,,,,,,,,,,,,,,,,,,,,,,,,,,,
614,FP,,WE CARE PANTRY (FP),"201-14 Hollis Ave, Saint Albans, New York, 11412",QN,11412,SAT,11:30AM-3PM,,,closed,,,,,closed,,,,,closed,,,,,closed,,,,,closed,,,,,open,10:00 AM,12:00 PM,,,closed,,,,,,,,,,,,,,,,,,,,,,,,,,,,,,,,,,,,,,,,1652213735225,1733302821808,36271a3f-75c0-4e69-9468-2157a45530b9,40.70616446934,-73.755991632937,100,Queens County,Open,FP,,,,,,,,,,,,,,,,,,,,,,,,,,,,
615,FP,,ACT CARE FOUNDATION,"1501 Richmond Ave, Staten Island, New York, 10314",SI,10314,,,,,,,,,,,,,,,,,,,,,,,,,,,,,,,,,,,,,,,,,,,,,,,,,,,,,,,,,,,,,,,,,,,,,,,,,,,1652213735225,1719475247741,5b316ca7-107b-4a5c-9259-40ba82559a8f,40.61098024743188,-74.15939410876454,100,Richmond County,Permanently Closed,FP,,,,,,,,,,,,,,,,,,,,,,,,,,,,
616,FP,,CALVARY ASSEMBLY OF GOD,"4055 Richmond Ave, Staten Island, New York, 10312",SI,10312,THUR,11AM-12:30PM,,,closed,,,,,closed,,,,,closed,,,,,open,09:30 AM,12:00 PM,,,closed,,,,,closed,,,,,closed,,,,,,,,,,,,,,,,,,,,,,,,,,,,,,,,,,,,,,,,1652213735225,1758096016739,89721d59-2223-481a-80e0-b236449e8bb5,40.539694465948,-74.160540334024,100,Richmond County,Open,FP,,,,,,,,,,,,,,,,,,,,,,,,,,,,
617,FP,,CHRIST ABUNDANT LIFE MINISTRIES,"121 Grandview Ave, Staten Island, New York, 10303",SI,10303,THUR,6-7PM,,,closed,,,,,closed,,,,,closed,,,,,open,05:30 PM,06:30 PM,,,closed,,,,,closed,,,,,closed,,,,,,,,,,,,,,,,,,,,,,,,,,,,,,,,,,,,,,,,1652213735225,1729324830834,f2d699b7-5f8b-469b-b763-aaeba26c0f1a,40.636459891981,-74.16495047238,100,Richmond County,Open,FP,,,,,,,,,,,,,,,,,,,,,,,,,,,,
618,FP,,CHRISTIAN PENTECOSTAL CHURCH (FP),"900 Richmond Rd, Staten Island, New York, 10304",SI,10304,TUE,3-8PM,,,closed,,,,,open,01:00 PM,04:00 PM,,,closed,,,,,closed,,,,,closed,,,,,closed,,,,,closed,,,,,,,,,,,,,,,,,,,,,,,,,,,,,,,,,,,,,,,,1652213735225,1752048015131,4eee7e9a-5491-42bb-8c97-d6f8dc42f73a,40.604892513065,-74.092353216415,100,Richmond County,Open,FP,,,,,,,,,,,,,,,,,,,,,,,,,,,,
619,FP,,DEPARTMENT OF PROBATION STATEN ISLAND OFFICE,"340 Bay St, Staten Island, New York, 10301",SI,10301,,,,,,,,,,,,,,,,,,,,,,,,,,,,,,,,,,,,,,,,,,,,,,,,,,,,,,,,,,,,,,,,,,,,,,,,,,,1652213735225,1740214834100,218187c3-9a14-4ae3-93dc-ad43e94fd925,40.633998881389,-74.075351196376,100,Richmond County,Inactive,FP,,,,,,,,,,,,,,,,,,,,,,,,,,,,
620,FP,,FEEDING WITH TLC INC,"309 St Pauls Ave, Staten Island, New York, 10304",SI,10304,SAT,11AM-1PM,,,closed,,,,,closed,,,,,closed,,,,,closed,,,,,closed,,,,,open,10:30 AM,12:30 PM,,,closed,,,,,,,,,,,,,,,,,,,,,,,,,,,,,,,,,,,,,,,,1652213735225,1684807318821,fbe917db-5a5e-4808-99aa-6eb10826c3f8,40.6303035098269,-74.0811803909397,100,Richmond County,Open,FP,,,,,,,,,,,,,,,,,,,,,,,,,,,,
621,FP,,"NEW YORK MUSLIM JEWISH COMMUNITY HELP CENTER, INC (FPH)","614 Richmond Rd, Staten Island, New York, 10304",SI,10304,,,,,,,,,,,,,,,,,,,,,,,,,,,,,,,,,,,,,,,,,,,,,,,,,,,,,,,,,,,,,,,,,,,,,,,,,,,1652213735225,1742544019831,770224c6-4561-4960-a243-dae96f741521,40.611555036442,-74.088209957857,100,Richmond County,Permanently Closed,FP,,,,,,,,,,,,,,,,,,,,,,,,,,,,
622,FP,,NYC FAMILY JUSTICE CENTERS (FJCs) STATEN ISLAND,"126 Stuyvesant Pl, Staten Island, New York, 10301",SI,10301,,,,,,,,,,,,,,,,,,,,,,,,,,,,,,,,,,,,,,,,,,,,,,,,,,,,,,,,,,,,,,,,,,,,,,,,,,,1652213735225,1758096016739,a36b6c7b-c9cf-4b0f-a445-6fb16884a0bc,40.64315774508,-74.077194209247,100,Richmond County,Inactive,FP,,,,,,,,,,,,,,,,,,,,,,,,,,,,
623,FP,,OUR LADY OF GOOD COUNSEL CHURCH (STATEN ISLAND),"42 Austin Pl, Staten Island, New York, 10304",SI,10304,SAT,10-11AM,,,closed,,,,,closed,,,,,closed,,,,,closed,,,,,closed,,,,,open,09:30 AM,11:00 AM,,,closed,,,,,,,,,,,,,,,,,,,,,,,,,,,,,,,,,,,,,,,,1652213735225,1720512022568,b3bb7168-3c3e-4d01-bd8a-3f078b3f94c3,40.631313361521,-74.086033261421,100,Richmond County,Open,FP,,,,,,,,,,,,,,,,,,,,,,,,,,,,
624,FP,,RICHMOND SENIOR SERVICES INC.,"192 Corson Ave, Staten Island, New York, 10301",SI,10301,,,,,,,,,,,,,,,,,,,,,,,,,,,,,,,,,,,,,,,,,,,,,,,,,,,,,,,,,,,,,,,,,,,,,,,,,,,1652213735225,1719475247741,88fa4c62-700f-4af3-b507-0349ca0b8163,40.63722524355967,-74.08539003417147,100,Richmond County,Permanently Closed,FP,,,,,,,,,,,,,,,,,,,,,,,,,,,,
625,FP,,SKYLIGHT CENTER,"307 St Marks Pl, Staten Island, New York, 10301",SI,10301,TUE,2-3PM,,,closed,,,,,open,02:00 PM,03:00 PM,,,closed,,,,,closed,,,,,closed,,,,,closed,,,,,closed,,,,,,,,,,,,,,,,,,,,,,,,,,,,,,,,,,,,,,,,1652213735225,1684807318821,f42a264e-314b-4a2d-9892-0c091fe8483e,40.6425731073332,-74.0782850301258,100,Richmond County,Open,FP,,,,,,,,,,,,,,,,,,,,,,,,,,,,
626,FP,,ST. EDWARD FOOD PANTRY,"6581 Hylan Blvd, Staten Island, New York, 10309",SI,10309,"MON,WED,SAT",10AM-1PM,,,closed,,,,,closed,,,,,closed,,,,,closed,,,,,open,10:00 AM,01:00 PM,,,closed,,,,,closed,,,,,,,,,,,,,,,,,,,,,,,,,,,,,,,,,,,,,,,,1652213735225,1756368018432,da430460-c644-4e35-895a-0391de724b02,40.511892196029,-74.222442952088,100,Richmond County,Open,FP,,,,,,,,,,,,,,,,,,,,,,,,,,,,
627,FP,,STATEN ISLAND SEVENTH DAY ADVENTIST CHURCH,"80 Union Ave, Staten Island, NY, 10303, USA",SI,10303,,,,,,,,,,,,,,,,,,,,,,,,,,,,,,,,,,,,,,,,,,,,,,,,,,,,,,,,,,,,,,,,,,,,,,,,,,,1652213735225,1730188825088,51d767d0-45d3-4389-bcf4-4ec902ef7311,40.634839502459,-74.15822843749,100,Richmond County,Inactive,FP,,,,,,,,,,,,,,,,,,,,,,,,,,,,
628,FP,,"UNITED CHURCH OF PRAISE INTERNATIONAL MINISTRIES, INC","487 Vanderbilt Ave, Staten Island, NY, 10304, USA",SI,10304,"FRI,SUN",1-3PM,,,closed,,,,,closed,,,,,closed,,,,,closed,,,,,open,01:00 PM,03:00 PM,,,closed,,,,,open,01:00 PM,03:00 PM,,,,,,,,,,,,,,,,,,,,,,,,,,,,,,,,,,,,,,1652213735225,1711526416513,548bf50c-7031-4efd-aa08-3f20d0674c6f,40.614535892668,-74.085750120732,100,Richmond County,Open,FP,,,,,,,,,,,,,,,,,,,,,,,,,,,,
629,FP,,EVANGELICAL CRUSADE FOOD PANTRY (FP),"557 E 31st St, Brooklyn, New York, 11210",BK,11210,"TUE,THUR",4-6PM,,,closed,,,,,closed,,,,,open,02:00 PM,04:00 PM,,,closed,,,,,closed,,,,,closed,,,,,closed,,,,,,,,,,,,,,,,,,,,,,,,,,,,,,,,,,,,,,,,1652213735225,1733907620916,87f9d09d-621f-4ca7-9deb-a58c7bdc3fb8,40.637301728426,-73.947014116657,100,Kings County,Open,FP,,,,,,,,,,,,,,,,,,,,,,,,,,,,
630,FP,,F.A.R.M. HARVEST INITIATIVE,"1432 Pitkin Ave, Brooklyn, New York, 11233",BK,11233,,,,,,,,,,,,,,,,,,,,,,,,,,,,,,,,,,,,,,,,,,,,,,,,,,,,,,,,,,,,,,,,,,,,,,,,,,,1652213735225,1719475247741,53f4df55-c24c-4d5d-8cd5-427b55214e57,40.668292767679446,-73.92073483854567,100,Kings County,Permanently Closed,FP,,,,,,,,,,,,,,,,,,,,,,,,,,,,
631,FP,,CHRIST JESUS BAPTIST CHURCH,"431 Southern Blvd, Bronx, NY, 10455, USA",BX,10455,,,,,closed,,,,,closed,,,,,open,10:00 AM,05:00 PM,,,closed,,,,,closed,,,,,closed,,,,,closed,,,,,,,,,,,,,,,,,,,,,,,,,,,,,,,,,,,,,,,,1652213735225,1771491629984,b711b1ae-ccdf-4b39-8805-beaefa145ff7,40.80960708708,-73.90772939376,100,Bronx County,Open,FP,,,,,,,,,,,,,,,,,,,,,,,,,,,,
632,FP,,"HOLY GHOST UPPER ROOM FILLING STATION MINISTRY, INC","146-17 133rd Ave, Jamaica, New York, 11436",QN,11436,,,,,,,,,,,,,,,,,,,,,,,,,,,,,,,,,,,,,,,,,,,,,,,,,,,,,,,,,,,,,,,,,,,,,,,,,,,1652213735225,1705568415208,78c8b8a0-5d63-47c2-9350-f3c56d122404,40.668772966912,-73.79197673583,100,Queens County,Permanently Closed,FP,,,,,,,,,,,,,,,,,,,,,,,,,,,,
633,FPM,,"WEST HARLEM GROUP ASSISTANCE, INC","625 Lenox Ave, New York, New York, 10030",NY,10030,,,,,open,10:00 AM,02:00 PM,,,open,10:00 AM,02:00 PM,,,open,10:00 AM,02:00 PM,,,open,10:00 AM,02:00 PM,,,closed,,,,,closed,,,,,closed,,,,,,,,,,,,,,,,,,,,,,,,,,,,,,,,,,,,,,,,1652213735225,1719907220275,2817455b-7091-40ed-afa8-25f1005a3af2,40.818223012992,-73.938188391709,100,New York County,Open,FP,,,,,,,,,,,,,,,,,,,,,,,,,,,,
634,FPM,,COMMUNITY HEALTH ACTION OF STATEN ISLAND,"2134 Richmond Ter, Staten Island, New York, 10302",SI,10302,,,,,open,02:30 PM,04:30 PM,,,open,02:30 PM,04:30 PM,,,open,02:30 PM,04:30 PM,,,closed,,,,,open,02:30 PM,04:30 PM,,,closed,,,,,closed,,,,,,,,,,,,,,,,,,,,,,,,,,,,,,,,,,,,,,,,1652213735225,1764925217466,47a2962d-6524-42a2-bc19-a4b609c14f0e,40.640213769227,-74.134309168036,100,Richmond County,Open,FP,,,,,,,,,,,,,,,,,,,,,,,,,,,,
635,FP,,ACTS COMMUNITY DEVELOPMENT CORPORATION (FP),"2114 Mermaid Ave, Brooklyn, New York, 11224",BK,11224,,,,,closed,,,,,open,06:00 PM,07:15 PM,,,closed,,,,,open,11:00 AM,02:15 PM,,,closed,,,,,closed,,,,,closed,,,,,,,,,,,,,,,,,,,,,,,,,,,,,,,,,,,,,,,,1652213735225,1707296414394,5b26429a-0add-45b2-955d-36569a1396a9,40.576109309018,-73.988429519342,100,Kings County,Open,FP,,,,,,,,,,,,,,,,,,,,,,,,,,,,
636,FP,SK,BETHEL SEVENTH-DAY ADVENTIST CHURCH,"457 Grand Ave, Brooklyn, New York, 11238",BK,11238,,,,,closed,,,,,closed,,,,,open,03:00 PM,05:00 PM,,,closed,,,,,closed,,,,,closed,,,,,closed,,,,,closed,,,,,closed,,,,,closed,,,,,closed,,,,,closed,,,,,closed,,,,,open,01:00 PM,02:00 PM,,,1652213735225,1773734425965,6027f1c3-94d3-41c5-b21e-8083cb3250e8,40.681607127507,-73.961307859962,100,Kings County,Open,"FP,SK",,,,,,,,,,,,,,,,,,,,,,,,,,,,
637,FP,SK,CHRISTIAN FELLOWSHIP SEVENTH DAY ADVENTIST COMMUNITY SVCS,"777 Schenectady Ave, Brooklyn, New York, 11203",BK,11203,,,,,closed,,,,,closed,,,,,open,10:30 AM,12:30 PM,,,closed,,,,,closed,,,,,closed,,,,,closed,,,,,open,05:00 PM,06:00 PM,,,open,05:00 PM,06:00 PM,,,open,05:00 PM,06:00 PM,,,closed,,,,,closed,,,,,closed,,,,,closed,,,,,1652213735225,1707814816168,8be1bf7f-a207-42db-8138-8b9f7835417a,40.654382538355,-73.933429063267,100,Kings County,Open,"FP,SK",,,,,,,,,,,,,,,,,,,,,,,,,,,,
638,FP,SK,CORNERSTONE SEVENTH DAY ADVENTIST CHURCH (FP) (SK),"138 Pennsylvania Ave, Brooklyn, NY, 11207, USA",BK,11207,THUR,10AM-12PM,,,closed,,,,,closed,,,,,closed,,,,,open,10:00 AM,12:00 PM,,,closed,,,,,closed,,,,,closed,,,,,closed,,,,,closed,,,,,closed,,,,,closed,,,,,closed,,,,,closed,,,,,open,11:30 AM,01:00 PM,,,1652213735225,1757404816309,1c541560-fb46-430e-b840-089d4d50de5d,40.674529238918,-73.896743233268,100,Kings County,Open,"FP,SK",,,,,,,,,,,,,,,,,,,,,,,,,,,,
639,FP,,MUNA VIRGIN AVE,"1375 Virginia Ave, Bronx, New York, 10462",BX,10462,,,,,,,,,,,,,,,,,,,,,,,,,,,,,,,,,,,,,,,,,,,,,,,,,,,,,,,,,,,,,,,,,,,,,,,,,,,1652213735225,1719475247741,825f960d-ffcc-4c00-aa1e-c257de504d5e,40.8353498814792,-73.86213930037904,100,Bronx County,Permanently Closed,FP,,,,,,,,,,,,,,,,,,,,,,,,,,,,
640,FP,,THE FLOW KINGDOM MINISTRIES,"901 E Tremont Ave, Bronx, New York, 10460",BX,10460,,,,,,,,,,,,,,,,,,,,,,,,,,,,,,,,,,,,,,,,,,,,,,,,,,,,,,,,,,,,,,,,,,,,,,,,,,,1652213735225,1709197215947,7aa387bd-dcb7-427d-a1c0-9e0b3bf20999,40.842282805053,-73.884493919967,100,Bronx County,Permanently Closed,FP,,,,,,,,,,,,,,,,,,,,,,,,,,,,
641,FP,,THE OZONE PARK PANTRY (FP),"83-10 Rockaway Blvd, Ozone Park, New York, 11416",QN,11416,,,,,closed,,,,,closed,,,,,closed,,,,,closed,,,,,closed,,,,,open,09:30 AM,12:30 PM,,,closed,,,,,,,,,,,,,,,,,,,,,,,,,,,,,,,,,,,,,,,,1654690732105,1768640430099,441919b3-d274-4dcc-ab32-2881fa2acff4,40.683697322702,-73.857164640844,100,Queens County,Open,FP,,,,,,,,,,,,,,,,,,,,,,,,,,,,
642,FP,,QUEENS DEFENDERS NOT FOR PROFIT,"19-22 Mott Ave, Far Rockaway, New York, 11691",QN,11691,,,,,,,,,,,,,,,,,,,,,,,,,,,,,,,,,,,,,,,,,,,,,,,,,,,,,,,,,,,,,,,,,,,,,,,,,,,1654690732105,1758009619575,569b9cd6-6686-4558-8e62-0a75784a3aa3,40.604082737399,-73.752362855595,100,Queens County,Permanently Closed,FP,,,,,,,,,,,,,,,,,,,,,,,,,,,,
643,FP,,YMCA COMMUNITY MARKET - CONEY ISLAND YMCA (FP),"2980 W 29th St, Brooklyn, New York, 11224",BK,11224,,,,,,,,,,,,,,,,,,,,,,,,,,,,,,,,,,,,,,,,,,,,,,,,,,,,,,,,,,,,,,,,,,,,,,,,,,,1654690732105,1730188825088,5222cd92-7054-4784-b894-aecae0d1e97d,40.573443151346,-73.995182567274,100,Kings County,Inactive,FP,,,,,,,,,,,,,,,,,,,,,,,,,,,,
644,FP,,YMCA COMMUNITY MARKET - NORTH BROOKLYN YMCA,"570 Jamaica Ave, Brooklyn, New York, 11208",BK,11208,,,,,,,,,,,,,,,,,,,,,,,,,,,,,,,,,,,,,,,,,,,,,,,,,,,,,,,,,,,,,,,,,,,,,,,,,,,1654690732105,1753862420242,cb2595b8-518a-4e23-87e9-6aee4dc42078,40.684993667847,-73.882740928737,100,Kings County,Inactive,FP,,,,,,,,,,,,,,,,,,,,,,,,,,,,
645,FPK,,HANNAH KOSHER FOODS,"2102 Avenue T, Brooklyn, New York, 11229",BK,11229,,,,,,,,,,,,,,,,,,,,,,,,,,,,,,,,,,,,,,,,,,,,,,,,,,,,,,,,,,,,,,,,,,,,,,,,,,,1654690732105,1689840015185,5d317320-6c2f-4ce4-9fd6-e8a72aa45d00,40.601619212237,-73.95052940303,100,Kings County,Inactive,FP,,,,,,,,,,,,,,,,,,,,,,,,,,,,
648,FP,,TEST RECORD,"500 7th St, Brooklyn, NY, 11215, USA",BK,11215,,,,,,,,,,,,,,,,,,,,,,,,,,,,,,,,,,,,,,,,,,,,,,,,,,,,,,,,,,,,,,,,,,,,,,,,,,,1660442526879,1719475247741,6c0c55f2-49d1-4e5c-a434-3ccc5750026b,40.66747687322436,-73.97954671363325,100,Kings County,Permanently Closed,FP,,,,,,,,,,,,,,,,,,,,,,,,,,,,
649,FP,,CHURCH OF GOD OF BRONXWOOD AVENUE,"3232 LURTING AVENUE, BX 10469",BX,10469,,,,,closed,,,,,closed,,,,,open,10:00 AM,02:00 PM,,,closed,,,,,closed,,,,,open,10:00 AM,02:00 PM,,,closed,,,,,,,,,,,,,,,,,,,,,,,,,,,,,,,,,,,,,,,,1663293694255,1719475247741,e00bc3f3-7862-43ec-9ab3-efa31d199cc1,40.87237635202351,-73.85644195315263,100,Bronx County,Open,FP,,,,,,,,,,,,,,,,,,,,,,,,,,,,
650,FPM,,CITYMEALS ON WHEELS,"355 Lexington Ave, New York, NY, 10017, USA",NY,10017,,,,,,,,,,,,,,,,,,,,,,,,,,,,,,,,,,,,,,,,,,,,,,,,,,,,,,,,,,,,,,,,,,,,,,,,,,,1663293694255,1725091225542,cc09df9d-b525-46e1-91d6-589d52a149f7,40.750275953091,-73.976730477985,100,New York County,Inactive,FP,,,,,,,,,,,,,,,,,,,,,,,,,,,,
651,FP,,COLLECTIVE FOCUS FOOD JUSTICE PANTRY PROGRAM,"1046 Broadway, Brooklyn, NY, 11221, USA",BK,11221,,,,,closed,,,,,open,01:00 PM,03:00 PM,,,closed,,,,,closed,,,,,closed,,,,,closed,,,,,closed,,,,,,,,,,,,,,,,,,,,,,,,,,,,,,,,,,,,,,,,1663293694255,1694246414351,e59b0379-7875-4e54-b262-2e83f0e8804d,40.695197126221,-73.932346791929,100,Kings County,Open,FP,,,,,,,,,,,,,,,,,,,,,,,,,,,,
652,FP,,FIRST BAPTIST CHURCH OF CORONA (FP),"100-10 Astoria Blvd, East Elmhurst, NY, 11369, USA",QN,11369,,,,,closed,,,,,closed,,,,,closed,,,,,closed,,,,,closed,,,,,open,12:00 PM,03:00 PM,,,closed,,,,,,,,,,,,,,,,,,,,,,,,,,,,,,,,,,,,,,,,1663293694255,1694678416514,95650b4e-10e0-4125-a870-f5d14d0ae8bb,40.761622074415,-73.868736780187,100,Queens County,Open,FP,,,,,,,,,,,,,,,,,,,,,,,,,,,,
653,FP,,GOSHEN TEMPLE OF SEVENTH DAY ADVENTIST CHURCH (FP),"2414 Church Ave, Brooklyn, NY, 11226, USA",BK,11226,,,,,closed,,,,,closed,,,,,open,01:00 PM,03:00 PM,,,closed,,,,,closed,,,,,closed,,,,,closed,,,,,,,,,,,,,,,,,,,,,,,,,,,,,,,,,,,,,,,,1663293694255,1699520415460,4445c37e-727c-489b-99ea-c020f654e419,40.650439900649,-73.955156884135,100,Kings County,Open,FP,,,,,,,,,,,,,,,,,,,,,,,,,,,,
654,FP,,ACT CARE FOUNDATION ,"1698 Victory Blvd, Staten Island, NY, 10314, USA",SI,10314,,,,,,,,,,,,,,,,,,,,,,,,,,,,,,,,,,,,,,,,,,,,,,,,,,,,,,,,,,,,,,,,,,,,,,,,,,,1663639321819,1719475247741,d7562ad6-070f-452c-93ba-801fdedb1e3d,40.61307400493561,-74.12024668144073,100,Richmond County,Inactive,FP,,,,,,,,,,,,,,,,,,,,,,,,,,,,
655,FP,,AGAPE FOOD RESCUE INC,"835A Pennsylvania Ave, Brooklyn, NY, 11208, USA",BK,11207,,,,,,,,,,,,,,,,,,,,,,,,,,,,,,,,,,,,,,,,,,,,,,,,,,,,,,,,,,,,,,,,,,,,,,,,,,,1663639321819,1699520415460,190a11ce-b1d3-4040-bbb5-48209fcbab64,40.657338139465,-73.889521682972,99.61,Kings County,Inactive,FP,,,,,,,,,,,,,,,,,,,,,,,,,,,,
656,FP,,CATHEDRAL COMMUNITY CARES,"1047 Amsterdam Ave, New York, NY, 10025, USA",NY,10025,,,,,closed,,,,,closed,,,,,closed,,,,,open,12:00 PM,06:00 PM,,,closed,,,,,closed,,,,,closed,,,,,,,,,,,,,,,,,,,,,,,,,,,,,,,,,,,,,,,,1663639321819,1719475247741,0f2e1f0f-4a68-44c4-821a-08a5e59df075,40.80411681477173,-73.96257847266392,100,New York County,Open,FP,,,,,,,,,,,,,,,,,,,,,,,,,,,,
657,FP,,HOPE EMPOWERMENT AND DEVELOPMENT ZONE INC,"369 New Lots Ave, Brooklyn, NY, 11207, USA",BK,11207,,,,,closed,,,,,closed,,,,,closed,,,,,closed,,,,,closed,,,,,open,12:00 PM,04:00 PM,,,closed,,,,,,,,,,,,,,,,,,,,,,,,,,,,,,,,,,,,,,,,1663639321819,1684807318821,8dd1aec3-53c6-4811-8ef8-afe07b708f13,40.6617543383789,-73.893592727321,100,Kings County,Open,FP,,,,,,,,,,,,,,,,,,,,,,,,,,,,
658,FP,,ICL AND CHN FOOD PANTRY,"2581 Atlantic Ave, Brooklyn, NY, 11207, USA",BK,11207,,,,,closed,,,,,closed,,,,,open,01:00 PM,04:00 PM,,,closed,,,,,closed,,,,,closed,,,,,closed,,,,,,,,,,,,,,,,,,,,,,,,,,,,,,,,,,,,,,,,1663639321819,1761811217258,8695c2bd-6b74-4baa-970e-ea48aedca885,40.676002693677,-73.899179684883,100,Kings County,Open,FP,,,,,,,,,,,,,,,,,,,,,,,,,,,,
659,FP,,LIFELINE GROCERY,"37-31 58th St, Woodside, NY, 11377, USA",QN,11377,,,,,,,,,,,,,,,,,,,,,,,,,,,,,,,,,,,,,,,,,,,,,,,,,,,,,,,,,,,,,,,,,,,,,,,,,,,1663639321819,1753776014955,87d0e5cf-35e6-4f7f-9874-4e7c4b2d8e11,40.749262245721,-73.904609230303,100,Queens County,Inactive,FP,,,,,,,,,,,,,,,,,,,,,,,,,,,,
660,FP,,MANHATTAN DOWNTOWN MULTI-CULTURAL FOOD PANTY,"160 Allen St, New York, NY, 10002, USA",NY,10002,,,,,closed,,,,,closed,,,,,closed,,,,,open,08:30 AM,10:30 AM,,,closed,,,,,closed,,,,,closed,,,,,,,,,,,,,,,,,,,,,,,,,,,,,,,,,,,,,,,,1663639321819,1696579217260,2016a7fe-1af5-4874-a2b4-2c383c3880e4,40.72091909159,-73.989184309723,100,New York County,Open,FP,,,,,,,,,,,,,,,,,,,,,,,,,,,,
661,FP,,MUNA SOCIAL SERVICE AN-NAMIRAH (FPH),"2135 Pitkin Ave, Brooklyn, NY, 11207, USA",BK,11207,,,,,open,02:00 PM,03:00 PM,,,closed,,,,,closed,,,,,closed,,,,,closed,,,,,closed,,,,,closed,,,,,,,,,,,,,,,,,,,,,,,,,,,,,,,,,,,,,,,,1663639321819,1734512422582,6196b00c-bd4b-4fea-be90-2a7798fed0ef,40.672360463381,-73.893611418965,100,Kings County,Open,FP,,,,,,,,,,,,,,,,,,,,,,,,,,,,
662,FP,,MUNA SOCIAL SERVICES BAITUL ISLAM MASJID (FPH),2107 DAVIDSON AVENUE,BX,10453,,,,,closed,,,,,closed,,,,,closed,,,,,open,02:00 PM,03:00 PM,,,closed,,,,,closed,,,,,closed,,,,,,,,,,,,,,,,,,,,,,,,,,,,,,,,,,,,,,,,1663639321819,1734512422582,86365a78-a2ff-47a1-80e8-7f2fcdca068d,40.855621640038,-73.907041658604,100,Bronx County,Open,FP,,,,,,,,,,,,,,,,,,,,,,,,,,,,
663,FP,,MUNA SOCIAL SERVICES BAITUN NOOR MASJID (FPH),"88-19 Liberty Ave, Ozone Park, NY, 11417, USA",QN,11417,,,,,closed,,,,,closed,,,,,closed,,,,,open,04:00 PM,05:00 PM,,,closed,,,,,closed,,,,,closed,,,,,,,,,,,,,,,,,,,,,,,,,,,,,,,,,,,,,,,,1663639321819,1734512422582,3e7ca42a-6735-45c9-a286-a601a95709ff,40.680094822627,-73.84992276032,100,Queens County,Open,FP,,,,,,,,,,,,,,,,,,,,,,,,,,,,
664,FP,,MUNA SOCIAL SERVICE BROOKLYN ISLAMIC CENTER (FPH),"722 Church Ave, Brooklyn, NY, 11218, USA",BK,11218,,,,,open,03:00 PM,04:00 PM,,,closed,,,,,closed,,,,,closed,,,,,closed,,,,,closed,,,,,closed,,,,,,,,,,,,,,,,,,,,,,,,,,,,,,,,,,,,,,,,1663639321819,1734512422582,6acd1130-775a-4d18-87a7-62de8031dbb1,40.645547383765,-73.972471549163,100,Kings County,Open,FP,,,,,,,,,,,,,,,,,,,,,,,,,,,,
665,FP,,MUNA SOCIAL SERVICES DOWNTOWN BROOKLYN (FPH),"50 New York Ave, Brooklyn, NY, 11216, USA",BK,11216,,,,,open,04:00 PM,05:00 PM,,,closed,,,,,closed,,,,,closed,,,,,closed,,,,,closed,,,,,closed,,,,,,,,,,,,,,,,,,,,,,,,,,,,,,,,,,,,,,,,1663639321819,1734512422582,29541f5f-0a3e-4429-ad14-e8d604f6dfac,40.678597353715,-73.947060049487,100,Kings County,Open,FP,,,,,,,,,,,,,,,,,,,,,,,,,,,,
666,FP,,MUNA SOCIAL SERVICES EAST FLATBUSH (FPH),"167 EAST 43rd St, Brooklyn, NY, 11203, USA",BK,11203,,,,,open,05:00 PM,06:00 PM,,,closed,,,,,closed,,,,,closed,,,,,closed,,,,,closed,,,,,closed,,,,,,,,,,,,,,,,,,,,,,,,,,,,,,,,,,,,,,,,1663639321819,1734512422582,853cb356-c66d-4a0f-b1f6-c3e6633ed743,40.65189156246,-73.937045435392,100,Kings County,Open,FP,,,,,,,,,,,,,,,,,,,,,,,,,,,,
667,FP,,MUNA SOCIAL SERVICES MASJID AR-RAYYAN (FPH),"196-43 Foothill Ave, Hollis, NY, 11423, USA",QN,11423,,,,,closed,,,,,closed,,,,,open,02:00 PM,03:00 PM,,,closed,,,,,closed,,,,,closed,,,,,closed,,,,,,,,,,,,,,,,,,,,,,,,,,,,,,,,,,,,,,,,1663639321819,1734512422582,fd8885b3-02f8-454a-aa70-e7b0d7269754,40.718758823685,-73.766691635254,100,Queens County,Open,FP,,,,,,,,,,,,,,,,,,,,,,,,,,,,
668,FP,,MUNA SOCIAL SERVICES PARKCHESTER ISLAMIC CENTER (FPH),"1375 Virginia Ave, Bronx, NY, 10462, USA",BX,10462,,,,,closed,,,,,closed,,,,,closed,,,,,open,04:00 PM,05:00 PM,,,closed,,,,,closed,,,,,closed,,,,,,,,,,,,,,,,,,,,,,,,,,,,,,,,,,,,,,,,1663639321819,1734512422582,2a0547b9-fc02-42ce-a6d2-eb7b7e90f876,40.83534979766,-73.86213921656,100,Bronx County,Open,FP,,,,,,,,,,,,,,,,,,,,,,,,,,,,
669,FP,,MUNA SOCIAL SERVICE SOUTH JAMAICA (FPH),"164-38 108th Ave, Jamaica, NY, 11453, USA",QN,11433,,,,,closed,,,,,closed,,,,,open,04:00 PM,05:00 PM,,,closed,,,,,closed,,,,,closed,,,,,closed,,,,,,,,,,,,,,,,,,,,,,,,,,,,,,,,,,,,,,,,1663639321819,1734512422582,b89fd6f1-14bc-477c-b4a9-2e1a4b7e5e63,40.697354879555,-73.789081123559,98.33,Queens County,Open,FP,,,,,,,,,,,,,,,,,,,,,,,,,,,,
670,FPM,,NYC LOVE KITCHEN MOBILE FP,"20 Cummings Street, New York NY, 10034 ",NY,10034,,,,,,,,,,,,,,,,,,,,,,,,,,,,,,,,,,,,,,,,,,,,,,,,,,,,,,,,,,,,,,,,,,,,,,,,,,,1663639321819,1760169617312,f237a8e0-5ea7-4937-8b00-6f397157c57b,40.866474192993,-73.926457918215,97.34,New York County,Inactive,FP,,,,,,,,,,,,,,,,,,,,,,,,,,,,
671,FPM,,PAYO MOBILE FOOD PANTRY,"2483 65th St, Brooklyn, NY, 11204, USA",BK,11204,,,,,closed,,,,,closed,,,,,closed,,,,,closed,,,,,open,01:30 PM,02:30 PM,,,closed,,,,,closed,,,,,,,,,,,,,,,,,,,,,,,,,,,,,,,,,,,,,,,,1663639321819,1719475247741,039b1d66-91f5-452a-ae70-0bdf76105ee3,40.61000924585852,-73.97475184592174,100,Kings County,Open,FP,,,,,,,,,,,,,,,,,,,,,,,,,,,,
672,FP,,REACH OUT AND TOUCH FOOD PANTRY,"51 Cottage Pl, Staten Island, NY, 10302, USA",SI,10302,,,,,closed,,,,,closed,,,,,closed,,,,,closed,,,,,closed,,,,,open,12:00 PM,01:00 PM,,,closed,,,,,,,,,,,,,,,,,,,,,,,,,,,,,,,,,,,,,,,,1663639321819,1693296014889,39d74334-9627-499c-9f2f-a1643e7db3a7,40.635894071607,-74.130501856157,100,Richmond County,Open,FP,,,,,,,,,,,,,,,,,,,,,,,,,,,,
673,FP,,RED HOOK COMMUNITY - REDEMPTION CHURCH (FP),"27 HUNGTINGTON STREET, BROOKLYN, NY 11231 ",BK,11231,,,,,closed,,,,,closed,,,,,open,09:00 AM,03:00 PM,,,open,10:00 AM,12:00 PM,,,open,09:00 AM,03:00 PM,,,closed,,,,,closed,,,,,,,,,,,,,,,,,,,,,,,,,,,,,,,,,,,,,,,,1663639321819,1763024416277,67d6f532-a17a-4faf-a4c3-a08eff51fb25,40.677651749308,-74.005114787261,98.34,Kings County,Open,FP,,,,,,,,,,,,,,,,,,,,,,,,,,,,
674,FP,,THE KINGSBRIDGE HEIGHTS COMMUNITY CENTER INC (FP),"3067 Kingsbridge Ter, Bronx, NY, 10463, USA",BX,10463,,,,,closed,,,,,open,11:00 AM,02:30 PM,,,closed,,,,,open,11:00 AM,02:30 PM,,,closed,,,,,closed,,,,,closed,,,,,,,,,,,,,,,,,,,,,,,,,,,,,,,,,,,,,,,,1663639321819,1723536027780,e820c9c3-459e-4725-b236-a3ee862cb356,40.87698434767,-73.901091341856,100,Bronx County,Open,FP,,,,,,,,,,,,,,,,,,,,,,,,,,,,
675,FP,,THE LOWER EASTSIDE GIRLS CLUB (FP),402 EAST 8TH STREET,BK,11218,,,,,closed,,,,,closed,,,,,open,09:00 AM,02:30 PM,,,closed,,,,,closed,,,,,closed,,,,,closed,,,,,,,,,,,,,,,,,,,,,,,,,,,,,,,,,,,,,,,,1663812137971,1731488422295,97e27ae9-2b55-4027-937c-320ab1e807d8,40.640136194713,-73.971194817671,100,Kings County,Open,FP,,,,,,,,,,,,,,,,,,,,,,,,,,,,
676,FP,,THE SALVATION ARMY BROOKLYN BAY RIDGE CORPS FOOD PANTRY,"252 86th St, Brooklyn, NY, 11209, USA",BK,11209,,,,,,,,,,,,,,,,,,,,,,,,,,,,,,,,,,,,,,,,,,,,,,,,,,,,,,,,,,,,,,,,,,,,,,,,,,,1663812137971,1719475247741,f10a7c65-6b20-401a-9da4-4284f52c37c2,40.62350465479469,-74.03207165842507,100,Kings County,Inactive,FP,,,,,,,,,,,,,,,,,,,,,,,,,,,,
677,FP,,WE CREATE COMMUNITY FOOD PANTRY (FP),"8501 NEW UTRECHT AVENUE, B",BK,11214,,,,,closed,,,,,closed,,,,,closed,,,,,open,10:30 AM,11:30 AM,,,closed,,,,,closed,,,,,closed,,,,,,,,,,,,,,,,,,,,,,,,,,,,,,,,,,,,,,,,1663812137971,1755331217277,f4ae12c6-803a-45fc-8d88-3754b00fd749,40.607235925555,-74.001487183385,98.1,Kings County,Open,FP,,,,,,,,,,,,,,,,,,,,,,,,,,,,
678,FP,,WOODBINE (FP),"585 Woodward Ave, Ridgewood, NY, 11385, USA",QN,11385,,,,,open,09:30 AM,10:00 AM,,,closed,,,,,open,09:30 AM,10:00 AM,,,closed,,,,,closed,,,,,closed,,,,,closed,,,,,,,,,,,,,,,,,,,,,,,,,,,,,,,,,,,,,,,,1663812137971,1724140834926,0b1cd2b6-f442-4d1a-ae73-7c71f4fa29c3,40.706437258379,-73.90809987388,100,Queens County,Open,FP,,,,,,,,,,,,,,,,,,,,,,,,,,,,
679,FP,,YESHUA WORLDWIDE MINISTRIES FOOD PANTRY (FP),"79-11 Caldwell Ave, Middle Village, NY, 11379, USA",QN,11379,,,,,closed,,,,,closed,,,,,closed,,,,,open,10:00 AM,01:00 PM,,,closed,,,,,open,10:00 AM,01:00 PM,,,closed,,,,,,,,,,,,,,,,,,,,,,,,,,,,,,,,,,,,,,,,1663812137971,1722585625578,85d31fc7-1b4f-4bd9-b7dd-1404cf314205,40.725685670378,-73.88025443716,100,Queens County,Open,FP,,,,,,,,,,,,,,,,,,,,,,,,,,,,
680,FP,,ZION TABERNACLE F.B.H. CHURCH,105-01 107 AV,QN,11417,,,,,closed,,,,,open,01:00 PM,03:00 PM,,,closed,,,,,closed,,,,,closed,,,,,closed,,,,,closed,,,,,,,,,,,,,,,,,,,,,,,,,,,,,,,,,,,,,,,,1663812137971,1719475247741,841f2bc1-395f-4988-bc27-3c337dc4489a,40.68115764794925,-73.83527454633045,100,Queens County,Open,FP,,,,,,,,,,,,,,,,,,,,,,,,,,,,
681,FP,,CHRIST DISCIPLES INTERNATIONAL MINISTRIES,"3021-31 WEBSTER AVENUE, BX 10467",BX,10467,,,,,,,,,,,,,,,,,,,,,,,,,,,,,,,,,,,,,,,,,,,,,,,,,,,,,,,,,,,,,,,,,,,,,,,,,,,1665108138766,1719475247741,d0935ff8-9503-40e0-955c-5a82220740be,40.86962001953989,-73.87971312684579,98.46,Bronx County,Permanently Closed,FP,,,,,,,,,,,,,,,,,,,,,,,,,,,,
682,,SK,COMMUNITY HEALTH ACTION STATEN ISLAND,"2134 RICHMOND TERRACE, STAT",SI,10302,,,,,,,,,,,,,,,,,,,,,,,,,,,,,,,,,,,,,,,,,,,,,,,,,,,,,,,,,,,,,,,,,,,,,,,,,,,1665626504413,1719475247741,0d044bd2-1ee6-4695-99f7-a4b1f33ca054,40.640213811136874,-74.13430916803624,93.04,Richmond County,Inactive,SK,,,,,,,,,,,,,,,,,,,,,,,,,,,,
683,FP,,CATHOLIC CHARITES OF STATEN ISLAND EMERGENCY FOOD SERVICES,"120 ANDERSON AVENUE, SI 1030",SI,10302,,,,,,,,,,,,,,,,,,,,,,,,,,,,,,,,,,,,,,,,,,,,,,,,,,,,,,,,,,,,,,,,,,,,,,,,,,,1666922512365,1719475247741,9c4e3336-e05e-485b-bd0a-89d649684b03,40.63481075253097,-74.1344157020256,89.57,Richmond County,Inactive,FP,,,,,,,,,,,,,,,,,,,,,,,,,,,,
684,FP,,MARCEL LINDENBAUM FOOD PANTRY,"77 WATER STREET, N",NY,10005,,,,,,,,,,,,,,,,,,,,,,,,,,,,,,,,,,,,,,,,,,,,,,,,,,,,,,,,,,,,,,,,,,,,,,,,,,,1666922512365,1705136414996,af672f0a-1b50-45e4-a03d-b553f3249849,40.704315966323,-74.00836805534,97.66,New York County,Inactive,FP,,,,,,,,,,,,,,,,,,,,,,,,,,,,
685,FP,,WOMEN'S EMPOWERMENT COALITION OF NYC (FP),"5210 4th Ave, Brooklyn, NY, 11220, USA",BK,11220,,,,,,,,,,,,,,,,,,,,,,,,,,,,,,,,,,,,,,,,,,,,,,,,,,,,,,,,,,,,,,,,,,,,,,,,,,,1666922512365,1728720021447,e6809a03-8739-4b72-b8b6-d046fee5fe48,40.645254603888,-74.014144192456,100,Kings County,Inactive,FP,,,,,,,,,,,,,,,,,,,,,,,,,,,,
686,FP,,ADMIRABLE CHRIST MINISTRIES FOOD PANTRY,"2361 Maclay Ave, Bronx, NY, 10462, USA",BX,10462,,,,,closed,,,,,closed,,,,,closed,,,,,closed,,,,,closed,,,,,open,02:00 PM,03:30 PM,,,closed,,,,,,,,,,,,,,,,,,,,,,,,,,,,,,,,,,,,,,,,1666922512365,1737190819755,36a32859-012d-46b5-ac48-479c38691c56,40.839724732023,-73.851349276421,100,Bronx County,Open,FP,,,,,,,,,,,,,,,,,,,,,,,,,,,,
687,FP,,CITY OF REFUGE FP,"1115 Blake Ave, Brooklyn, NY, 11208, USA",BK,11208,,,,,closed,,,,,closed,,,,,open,09:30 AM,12:00 PM,,,closed,,,,,closed,,,,,closed,,,,,closed,,,,,,,,,,,,,,,,,,,,,,,,,,,,,,,,,,,,,,,,1666922512365,1690531225324,0f690ddd-b929-4094-b8f9-7fbe74f3022b,40.670630480475,-73.876699169109,100,Kings County,Open,FP,,,,,,,,,,,,,,,,,,,,,,,,,,,,
688,FP,,COMMUNITY CHURCH OF CHRIST FOOD PANTRY,"167-04 108th Ave, Jamaica, NY, 11433, USA",QN,11433,,,,,closed,,,,,closed,,,,,open,01:00 PM,03:00 PM,,,closed,,,,,closed,,,,,closed,,,,,closed,,,,,,,,,,,,,,,,,,,,,,,,,,,,,,,,,,,,,,,,1666922512365,1719475247741,361b1112-e9f1-485a-a690-cc6ef77a11e3,40.69797882842738,-73.78757673957737,100,Queens County,Open,FP,,,,,,,,,,,,,,,,,,,,,,,,,,,,
689,FP,,EGLISE BAPTISTE DE LA COMMUNION FRATERNELLE,"2549 CHURCH AVENUE, ",BK,11226,,,,,closed,,,,,closed,,,,,closed,,,,,closed,,,,,closed,,,,,open,12:00 PM,02:00 PM,,,closed,,,,,,,,,,,,,,,,,,,,,,,,,,,,,,,,,,,,,,,,1666922512365,1769677231373,48691c0d-eaae-4233-9695-bab4ef265954,40.65087873519,-73.953239104689,100,Kings County,Open,FP,,,,,,,,,,,,,,,,,,,,,,,,,,,,
690,FP,,FIRST REFORMED CHURCH OF COLLEGE POINT FP ,"118-17 14th Ave, Brooklyn, NY, 11356, USA",QN,11356,,,,,,,,,,,,,,,,,,,,,,,,,,,,,,,,,,,,,,,,,,,,,,,,,,,,,,,,,,,,,,,,,,,,,,,,,,,1666922512365,1688716811474,b3a792d2-025c-4d4f-aef5-63fe40b52dd8,40.785933853,-73.849347108109,98.52,Queens County,Inactive,FP,,,,,,,,,,,,,,,,,,,,,,,,,,,,
691,FP,,FLATBUSH COMMUNITY FUND ,"1860 Flatbush Ave, Brooklyn, NY, 11210, USA",BK,11210,,,,,closed,,,,,open,12:00 PM,03:00 PM,,,open,12:00 PM,03:00 PM,,,closed,,,,,closed,,,,,closed,,,,,closed,,,,,,,,,,,,,,,,,,,,,,,,,,,,,,,,,,,,,,,,1666922512365,1754985615451,0010ed49-bfe2-4c57-9bea-a2ab21e768fc,40.624301228963,-73.938892387757,100,Kings County,Open,FP,,,,,,,,,,,,,,,,,,,,,,,,,,,,
692,FP,,GRACE & PEACE FOOD BANK,"525 Compton Ave, Bronx, NY, 10473, USA",BX,10473,,,,,closed,,,,,closed,,,,,closed,,,,,closed,,,,,closed,,,,,open,09:00 AM,12:00 PM,,,closed,,,,,,,,,,,,,,,,,,,,,,,,,,,,,,,,,,,,,,,,1666922512365,1733994035331,f6abb6b1-9069-4d3e-9f3b-5a0f6fde611e,40.813054480037,-73.85426416707,100,Bronx County,Open,FP,,,,,,,,,,,,,,,,,,,,,,,,,,,,
693,FP,,HOPE RESTORATION MINISTRIES,"101-01 Springfield Blvd, Queens Village, NY, 11429, USA",QN,11429,,,,,closed,,,,,closed,,,,,closed,,,,,closed,,,,,closed,,,,,open,02:00 PM,04:00 PM,,,closed,,,,,,,,,,,,,,,,,,,,,,,,,,,,,,,,,,,,,,,,1666922512365,1748678414133,8d1f01aa-aaa8-41e8-837a-590d6669d60a,40.714219729749,-73.735422945458,100,Queens County,Open,FP,,,,,,,,,,,,,,,,,,,,,,,,,,,,
694,FP,,"LIFT, INC (LEADING INDIVIDUALS FROM TRAUMA)","255 Mc Kibbin St, Brooklyn, NY, 11206, USA",BK,11206,,,,,,,,,,,,,,,,,,,,,,,,,,,,,,,,,,,,,,,,,,,,,,,,,,,,,,,,,,,,,,,,,,,,,,,,,,,1666922512365,1729324830834,d4cb261f-cef5-4e9a-9f4c-cb1b48d8a92f,40.705743865439,-73.937441647955,100,Kings County,Inactive,FP,,,,,,,,,,,,,,,,,,,,,,,,,,,,
695,FP,,MANHATTAN FULLFILLMENT CENTER (MET COUNCIL),"171 Lexington Ave, New York, NY, 10016, USA",NY,10016,,,,,,,,,,,,,,,,,,,,,,,,,,,,,,,,,,,,,,,,,,,,,,,,,,,,,,,,,,,,,,,,,,,,,,,,,,,1666922512365,1730188825088,402fdd34-649f-4045-b1c3-6ad2b038e7f7,40.74422057287,-73.981136676847,100,New York County,Inactive,FP,,,,,,,,,,,,,,,,,,,,,,,,,,,,
696,FP,,MARBLE HILL FOOD PANTRY AT ST. STEPHEN'S ,"146 W 228th St, Bronx, NY, 10463, USA",NY,10463,,,,,,,,,,,,,,,,,,,,,,,,,,,,,,,,,,,,,,,,,,,,,,,,,,,,,,,,,,,,,,,,,,,,,,,,,,,1666922512365,1730624432568,bac27d6d-4279-47f0-b9f0-acdcbc4a3e94,40.877012424579,-73.908956336746,100,New York County,Inactive,FP,,,,,,,,,,,,,,,,,,,,,,,,,,,,
697,FP,,RCA CAMBRIA HEIGHTS COMMUNITY CHURCH FP,"116-12 220th St, Cambria Heights, NY, 11411, USA",QN,11411,,,,,closed,,,,,closed,,,,,closed,,,,,closed,,,,,closed,,,,,open,09:00 AM,11:00 AM,,,closed,,,,,,,,,,,,,,,,,,,,,,,,,,,,,,,,,,,,,,,,1666922512365,1714464016489,8861e28e-7e80-43da-9b1b-18743d2f9da4,40.696438444171,-73.739669133788,100,Queens County,Open,FP,,,,,,,,,,,,,,,,,,,,,,,,,,,,
698,FP,,SHOUT FOR JOY BAPTIST CHURCH INC,"456 White Plains Rd, Bronx, NY, 10473, USA",BX,10473,,,,,closed,,,,,closed,,,,,closed,,,,,closed,,,,,closed,,,,,open,08:00 AM,09:30 AM,,,closed,,,,,,,,,,,,,,,,,,,,,,,,,,,,,,,,,,,,,,,,1666922512365,1719475247741,702cd3ab-8040-4247-becd-e4e88d160d15,40.814702613658596,-73.8562856306584,100,Bronx County,Open,FP,,,,,,,,,,,,,,,,,,,,,,,,,,,,
699,FP,,WORSHIP CHRISTIAN CENTER INC (FP),"113-16 Farmers Blvd, Saint Albans, NY, 11412, USA",QN,11412,,,,,closed,,,,,closed,,,,,closed,,,,,closed,,,,,open,10:00 AM,01:00 PM,,,open,10:00 AM,01:00 PM,,,closed,,,,,,,,,,,,,,,,,,,,,,,,,,,,,,,,,,,,,,,,1666922512365,1701162024684,984a1ab0-a185-493b-b3f0-2e076e92cd40,40.699057453637,-73.76300250821,100,Queens County,Open,FP,,,,,,,,,,,,,,,,,,,,,,,,,,,,
700,FP,,BROOKLYN FAITH SEVENTH DAY ADVENTIST CHURCH,"5518 Church Ave, Brooklyn, NY, 11203, USA",BK,11203,,,,,closed,,,,,closed,,,,,closed,,,,,open,01:00 PM,04:00 PM,,,closed,,,,,closed,,,,,closed,,,,,,,,,,,,,,,,,,,,,,,,,,,,,,,,,,,,,,,,1667440932578,1732179622230,6ae70791-ac67-4dda-b369-c9954a1a0f19,40.652373521893,-73.924916821497,100,Kings County,Open,FP,,,,,,,,,,,,,,,,,,,,,,,,,,,,
701,FP,,"ELITE LEARNERS, INC (FP)","4517 Avenue D, Brooklyn, NY, 11203, USA",BK,11203,,,,,,,,,,,,,,,,,,,,,,,,,,,,,,,,,,,,,,,,,,,,,,,,,,,,,,,,,,,,,,,,,,,,,,,,,,,1667440932578,1780473619083,1be821bd-f675-40e6-a1d1-40aae9913c54,40.642098733523,-73.933548337749,100,Kings County,Inactive,FP,,,,,,,,,,,,,,,,,,,,,,,,,,,,
702,FP,,PEOPLES BAPTIST CHURCH,"105 Riverdale Ave, Brooklyn, NY, 11212, USA",BK,11212,,,,,closed,,,,,closed,,,,,closed,,,,,closed,,,,,closed,,,,,open,12:00 PM,02:00 PM,,,closed,,,,,,,,,,,,,,,,,,,,,,,,,,,,,,,,,,,,,,,,1667440932578,1719475247741,7662c4fb-91a0-4b16-bb26-f4feb8eeb8fb,40.66052119278373,-73.91285693920815,100,Kings County,Open,FP,,,,,,,,,,,,,,,,,,,,,,,,,,,,
703,FP,,ST. ATHANASIUS R.C. CHURCH FP,2154 61st street ,BK,11204,,,,,open,03:15 PM,05:00 PM,,,closed,,,,,closed,,,,,closed,,,,,closed,,,,,closed,,,,,closed,,,,,,,,,,,,,,,,,,,,,,,,,,,,,,,,,,,,,,,,1667440932578,1719475247741,d65de182-7e55-4b6a-81af-dc3eae298d7d,40.61653065989563,-73.9799528168421,100,Kings County,Open,FP,,,,,,,,,,,,,,,,,,,,,,,,,,,,
704,FP,,ARTISTS ATHLETES ACTIVISTS INCORPORATED,"110 Columbia St, New York, NY, 10002, USA",NY,10002,,,,,,,,,,,,,,,,,,,,,,,,,,,,,,,,,,,,,,,,,,,,,,,,,,,,,,,,,,,,,,,,,,,,,,,,,,,1667440932578,1750233640325,ed196b1b-b447-4780-a8e5-3993a2292fa9,40.718732881694,-73.978861660687,100,New York County,Inactive,FP,,,,,,,,,,,,,,,,,,,,,,,,,,,,
705,FP,,LOVE WINS FOOD PANTRY,"78-13 Roosevelt Ave, Brooklyn, NY, 11372, USA",QN,11372,,,,,,,,,,,,,,,,,,,,,,,,,,,,,,,,,,,,,,,,,,,,,,,,,,,,,,,,,,,,,,,,,,,,,,,,,,,1667440932578,1730624432568,8abbacd7-1b73-4579-9300-b1824400fea1,40.747433062991,-73.887098177284,98.52,Queens County,Inactive,FP,,,,,,,,,,,,,,,,,,,,,,,,,,,,
706,FP,,BAIT-UL JAMAAT-HOUSE COMMUNITY INC (FP),"412 Jersey St, Staten Island, NY, 10301, USA",SI,10301,,,,,closed,,,,,closed,,,,,closed,,,,,open,12:00 PM,02:00 PM,,,closed,,,,,closed,,,,,closed,,,,,,,,,,,,,,,,,,,,,,,,,,,,,,,,,,,,,,,,1670378552983,1768035625911,e230b8ac-a5d9-4300-9f6b-c8148f4cec13,40.638244444884,-74.087597806182,100,Richmond County,Open,FP,,,,,,,,,,,,,,,,,,,,,,,,,,,,
707,FP,,"IN THE BEGINNING OUTREACH, INC","189-13 Liberty Ave, St Albans, NY, 11412, USA",QN,11412,,,,,closed,,,,,closed,,,,,open,12:30 PM,02:00 PM,,,closed,,,,,closed,,,,,closed,,,,,closed,,,,,,,,,,,,,,,,,,,,,,,,,,,,,,,,,,,,,,,,1670378552983,1692432016002,d63eb3d7-feff-4952-9cb5-bbeaf3ae9cdf,40.703386469336,-73.767153230865,100,Queens County,Open,FP,,,,,,,,,,,,,,,,,,,,,,,,,,,,
708,FP,,MOUNT MORIAH SEVENTH DAY ADVENTIST CHURCH FP,1834 DECATUR STREE,QN,11385,,,,,closed,,,,,closed,,,,,closed,,,,,closed,,,,,closed,,,,,open,08:30 AM,09:30 AM,,,closed,,,,,,,,,,,,,,,,,,,,,,,,,,,,,,,,,,,,,,,,1670378552983,1734512422582,613075b3-8954-47d1-aa4b-a678b9bd6c2b,40.698174001043,-73.897632720833,85.34,Queens County,Open,FP,,,,,,,,,,,,,,,,,,,,,,,,,,,,
709,FP,,NEW YORK INSTITUTE OF TECHNOLOGY,"26 W 61st St, New York, NY, 10023, USA",NY,10023,,,,,,,,,,,,,,,,,,,,,,,,,,,,,,,,,,,,,,,,,,,,,,,,,,,,,,,,,,,,,,,,,,,,,,,,,,,1670378552983,1699952416799,68d4e140-27a9-431d-b820-a39921313055,40.770082683661,-73.98317674826,100,New York County,Inactive,FP,,,,,,,,,,,,,,,,,,,,,,,,,,,,
710,,SK,THE SALVATION ARMY NEW YORK TEMPLE (SK),"120 WEST 14TH STREET, NEW ",NY,10011,,,,,,,,,,,,,,,,,,,,,,,,,,,,,,,,,,,,,,,,open,12:00 PM,01:00 PM,,,open,12:00 PM,01:00 PM,,,open,12:00 PM,01:00 PM,,,open,12:00 PM,01:00 PM,,,closed,,,,,closed,,,,,closed,,,,,1670378552983,1763197231543,e8a60ff6-ab0b-4082-a058-f3863d9bd77e,40.737530012027,-73.998311867005,96.97,New York County,Open,SK,,,,,,,,,,,,,,,,,,,,,,,,,,,,
711,FP,,LOVE WINS FOOD PANTRY - MERCADITO SOLIDARIO,"3763 83RD STREET, JACKSON HEIGHTS ",QN,11372,,,,,closed,,,,,closed,,,,,closed,,,,,closed,,,,,open,01:00 PM,05:00 PM,,,closed,,,,,closed,,,,,,,,,,,,,,,,,,,,,,,,,,,,,,,,,,,,,,,,1670378552983,1710489629190,754eeb45-fe5e-4fe6-9d2d-125b6f3a2304,40.747979143983,-73.882909907905,99.98,Queens County,Open,FP,,,,,,,,,,,,,,,,,,,,,,,,,,,,
712,FP,,LOVE WINS NYC,"133 W 19th St, New York, NY, 10011, USA",NY,10011,,,,,closed,,,,,closed,,,,,closed,,,,,open,01:00 PM,02:00 PM,,,closed,,,,,closed,,,,,closed,,,,,,,,,,,,,,,,,,,,,,,,,,,,,,,,,,,,,,,,1671069698225,1773734425965,698b49ab-7bbf-4ad3-9156-a0213a0a009a,40.74118552764,-73.995901566928,100,New York County,Open,FP,,,,,,,,,,,,,,,,,,,,,,,,,,,,
713,FP,,ICNA RELIEEF QUBA PANTRY,"634 Rugby Rd, Brooklyn, NY, 11230, USA",BK,11230,,,,,closed,,,,,open,01:00 PM,03:00 PM,,,closed,,,,,closed,,,,,closed,,,,,closed,,,,,closed,,,,,,,,,,,,,,,,,,,,,,,,,,,,,,,,,,,,,,,,1671674535991,1719475247741,ea1bd946-bdd0-41f1-b628-22288f31b426,40.63409660694297,-73.96410999848999,100,Kings County,Open,FP,,,,,,,,,,,,,,,,,,,,,,,,,,,,
714,FP,,"JESUS RECONCILIATION MINISTRIES, INC","4051 Barnes Ave, Bronx, NY, 10466, USA",BX,10466,,,,,closed,,,,,closed,,,,,closed,,,,,closed,,,,,closed,,,,,open,12:00 PM,02:00 PM,,,closed,,,,,,,,,,,,,,,,,,,,,,,,,,,,,,,,,,,,,,,,1671674535991,1719475247741,08b4b701-614a-49a3-8630-366d8bf18bb5,40.88915214449594,-73.85649484296167,100,Bronx County,Open,FP,,,,,,,,,,,,,,,,,,,,,,,,,,,,
715,FP,,ST. JAMES PLACE (FP),"2500 Jerome Ave, Bronx, NY, 10468, USA",BX,10468,,,,,closed,,,,,closed,,,,,closed,,,,,closed,,,,,closed,,,,,open,09:30 AM,10:30 AM,,,closed,,,,,,,,,,,,,,,,,,,,,,,,,,,,,,,,,,,,,,,,1671674535991,1702371614575,62ea0a57-5ec7-4bd0-a8d3-dda779f862ce,40.864004297584,-73.899625434493,100,Bronx County,Open,FP,,,,,,,,,,,,,,,,,,,,,,,,,,,,
716,,SKM,WE ARE NOT AFRAID COMMUNITY RESOURCE/ST. MARY'S EPISCOPAL CHURCH (SKM),521 WEST 126,NY,10027,,,,,,,,,,,,,,,,,,,,,,,,,,,,,,,,,,,,,,,,,,,,,,,,,,,,,,,,,,,,,,,,,,,,,,,,,,,1671674535991,1730624432568,05e9311e-5162-41a6-bc49-7415440532db,40.814849003598,-73.956152738052,97.59,New York County,Permanently Closed,SK,,,,,,,,,,,,,,,,,,,,,,,,,,,,
717,FP,,"WORLD RESTORATION CENTER, INC (FP)","488 E 164th St, Bronx, NY, 10456, USA",BX,10456,,,,,,,,,,,,,,,,,,,,,,,,,,,,,,,,,,,,,,,,,,,,,,,,,,,,,,,,,,,,,,,,,,,,,,,,,,,1671674535991,1774425632490,bed3e589-2381-4edf-bab3-6021a0e335cf,40.825517196593,-73.909486492122,100,Bronx County,Permanently Closed,FP,,,,,,,,,,,,,,,,,,,,,,,,,,,,
718,FP,,NEW YORK CITY COLLEGE OF TECHNOLOGY,300 JAY STREET ,BK,11201,,,,,,,,,,,,,,,,,,,,,,,,,,,,,,,,,,,,,,,,,,,,,,,,,,,,,,,,,,,,,,,,,,,,,,,,,,,1671674535991,1726819221517,c0224b06-467b-46f7-8595-d6c6d639b7e6,40.695522888887,-73.987367783667,100,Kings County,Inactive,FP,,,,,,,,,,,,,,,,,,,,,,,,,,,,
719,,SK,CHURCH OF GOD PROPHECY (SK),"71 Malta St, Brooklyn, NY, 11207, USA",BK,11207,,,,,,,,,,,,,,,,,,,,,,,,,,,,,,,,,,,,,,,,closed,,,,,open,03:30 PM,06:00 PM,,,closed,,,,,closed,,,,,closed,,,,,closed,,,,,closed,,,,,1675303329960,1721808021968,0587ec1d-2184-414e-aa86-279be7733e29,40.659009223179,-73.89509476437,100,Kings County,Open,SK,,,,,,,,,,,,,,,,,,,,,,,,,,,,
720,FP,,CHURCH OF GOD PROPHECY (FP),"71 Malta St, Brooklyn, NY, 11207, USA",BK,11207,,,,,closed,,,,,open,03:30 PM,06:00 PM,,,closed,,,,,closed,,,,,closed,,,,,closed,,,,,closed,,,,,,,,,,,,,,,,,,,,,,,,,,,,,,,,,,,,,,,,1675303329960,1721808021968,42afd4de-40d4-450c-b8c8-316e3d749848,40.659009223179,-73.89509476437,100,Kings County,Open,FP,,,,,,,,,,,,,,,,,,,,,,,,,,,,
721,FP,,FAITH ASSEMBLY COMMUNITY OUTREACH,"120-13 101st Ave, South Richmond Hill, NY, 11419, USA",QN,11419,,,,,closed,,,,,closed,,,,,closed,,,,,closed,,,,,closed,,,,,open,10:00 AM,12:00 PM,,,closed,,,,,,,,,,,,,,,,,,,,,,,,,,,,,,,,,,,,,,,,1675303329960,1719475247741,a8a8c749-b838-496c-8289-0a174515d141,40.690510929883686,-73.8245309581163,100,Queens County,Open,FP,,,,,,,,,,,,,,,,,,,,,,,,,,,,
722,FP,,ICNA RELIEF BURKE AVENUE BRONX PANTRY,"1277-D Burke Ave, Bronx, NY, 10469, USA  ",BX,10469,,,,,closed,,,,,closed,,,,,closed,,,,,closed,,,,,closed,,,,,open,09:00 AM,11:00 AM,,,closed,,,,,,,,,,,,,,,,,,,,,,,,,,,,,,,,,,,,,,,,1675303329960,1719475247741,2b9b23ae-d317-48a7-a71c-87359a60a054,40.871571144494965,-73.84958044339417,99.64,Bronx County,Open,FP,,,,,,,,,,,,,,,,,,,,,,,,,,,,
723,FP,,LOVE XYZ,"72-01 43rd Ave, Woodside, NY, 11377, USA",QN,11377,,,,,,,,,,,,,,,,,,,,,,,,,,,,,,,,,,,,,,,,,,,,,,,,,,,,,,,,,,,,,,,,,,,,,,,,,,,1675303329960,1706173215664,e0da2399-fff4-4ed5-b47e-ca90106cfbfa,40.742192152302,-73.892419596153,100,Queens County,Inactive,FP,,,,,,,,,,,,,,,,,,,,,,,,,,,,
724,FP,,MUSLIMS GIVE BACK (FPH),"273 54th St, Brooklyn, NY, 11220, USA",BK,11220,,,,,,,,,,,,,,,,,,,,,,,,,,,,,,,,,,,,,,,,,,,,,,,,,,,,,,,,,,,,,,,,,,,,,,,,,,,1675303329960,1746518429238,e529f5c0-d654-47f6-ae49-e94f2c39229a,40.6458197118,-74.017322358683,100,Kings County,Permanently Closed,FP,,,,,,,,,,,,,,,,,,,,,,,,,,,,
725,FP,,LOVE WINS NYC at PSS,"1181 Nelson Ave, Bronx, NY, 10452, USA",BX,10452,,,,,closed,,,,,closed,,,,,closed,,,,,closed,,,,,open,12:00 PM,01:00 PM,,,closed,,,,,closed,,,,,,,,,,,,,,,,,,,,,,,,,,,,,,,,,,,,,,,,1675303329960,1743235220156,27591fe9-1e3d-4398-afcf-139edf4e2007,40.837260494399,-73.925821815583,100,Bronx County,Open,FP,,,,,,,,,,,,,,,,,,,,,,,,,,,,
726,FP,,LOVE WINS FOOD PANTRY @ BCPC,"271 Myrtle Ave, Brooklyn, NY, 11201, USA",BK,11201,,,,,closed,,,,,closed,,,,,closed,,,,,open,01:30 PM,02:30 PM,,,closed,,,,,closed,,,,,closed,,,,,,,,,,,,,,,,,,,,,,,,,,,,,,,,,,,,,,,,1675303329960,1752307214961,5b9cbe74-c5d4-491a-b5b0-dc8233b6af06,40.693511599011,-73.978098982884,100,Kings County,Open,FP,,,,,,,,,,,,,,,,,,,,,,,,,,,,
727,,SK,ST. ANN'S CORNER OF HARM REDUCTION,"886 Westchester Ave, Bronx, NY, 10459, USA",BX,10459,,,,,,,,,,,,,,,,,,,,,,,,,,,,,,,,,,,,,,,,open,06:00 AM,12:00 PM,,,open,06:00 AM,12:00 PM,,,open,06:00 AM,12:00 PM,,,open,06:00 AM,12:00 PM,,,open,06:00 AM,12:00 PM,,,closed,,,,,closed,,,,,1675303329960,1744185619708,97a2958e-4533-42ac-89d2-8f143937a5c5,40.820597019429,-73.899470536923,100,Bronx County,Open,SK,,,,,,,,,,,,,,,,,,,,,,,,,,,,
728,FP,,ST. SIMON STOCK FOOD PANTRY (FP),"2250 Ryer Ave, Bronx, NY, 10457, USA",BX,10457,,,,,closed,,,,,closed,,,,,closed,,,,,closed,,,,,open,09:00 AM,10:00 AM,,,closed,,,,,closed,,,,,,,,,,,,,,,,,,,,,,,,,,,,,,,,,,,,,,,,1675303329960,1769677231373,f96ae7ab-3427-4165-926c-465c56942b3f,40.856180042427,-73.899326116731,100,Bronx County,Open,FP,,,,,,,,,,,,,,,,,,,,,,,,,,,,
729,FP,,VINEGAR HILL FOOD PANTRY,"228 York St, Brooklyn, NY, 11201, USA",BK,11201,,,,,closed,,,,,open,12:00 PM,01:00 PM,,,closed,,,,,closed,,,,,closed,,,,,closed,,,,,closed,,,,,,,,,,,,,,,,,,,,,,,,,,,,,,,,,,,,,,,,1675303329960,1719475247741,882f8483-55da-4227-b7b2-3fb0f712c0ae,40.700687021343356,-73.98139307926473,100,Kings County,Open,FP,,,,,,,,,,,,,,,,,,,,,,,,,,,,
730,FP,,YNCCA,"69 Belmont Ave, Brooklyn, NY, 11212, USA",BK,11212,,,,,,,,,,,,,,,,,,,,,,,,,,,,,,,,,,,,,,,,,,,,,,,,,,,,,,,,,,,,,,,,,,,,,,,,,,,1675303329960,1749024014796,61c4ca88-7476-4854-bab2-bd2b80277e4f,40.668899701288,-73.907858391249,100,Kings County,Permanently Closed,FP,,,,,,,,,,,,,,,,,,,,,,,,,,,,
731,FP,,HOUSE OF DAVID WORSHIP CENTER,"747 Hendrix St, Brooklyn, NY, 11207, USA",BK,11207,,,,,closed,,,,,closed,,,,,open,10:30 AM,12:30 PM,,,closed,,,,,closed,,,,,closed,,,,,closed,,,,,,,,,,,,,,,,,,,,,,,,,,,,,,,,,,,,,,,,1677549754628,1775030427472,5b4723ea-5d7c-45c9-811b-3be12232fad7,40.663153739024,-73.886325030535,100,Kings County,Open,FP,,,,,,,,,,,,,,,,,,,,,,,,,,,,
732,FP,,BETTER COMMUNITY FOOD PANTRY (FP),"218 Buffalo Ave, Brooklyn, NY, 11213, USA",BK,11213,,,,,closed,,,,,closed,,,,,closed,,,,,closed,,,,,closed,,,,,open,09:00 AM,01:00 PM,,,closed,,,,,,,,,,,,,,,,,,,,,,,,,,,,,,,,,,,,,,,,1677636144657,1732093221565,47b1684c-0344-4e37-9d3d-9f1fb54d2da5,40.671668621093,-73.925425854477,100,Kings County,Open,FP,,,,,,,,,,,,,,,,,,,,,,,,,,,,
733,FP,,CHAMBERS MEMORIAL BAPTIST CHURCH/LOVE OFFERING,"219 E 123rd St, New York, NY, 10035, USA",NY,10035,,,,,closed,,,,,closed,,,,,open,09:00 AM,11:00 AM,,,closed,,,,,closed,,,,,closed,,,,,closed,,,,,,,,,,,,,,,,,,,,,,,,,,,,,,,,,,,,,,,,1677636144657,1691481616176,937689d5-03b1-4cbe-9b17-fa7267f029e9,40.802163035051,-73.935932486288,100,New York County,Open,FP,,,,,,,,,,,,,,,,,,,,,,,,,,,,
734,FP,,FLUSHING FOOD COLLABORATIVE (FP),"136-23 SANFORD AVENUE, QN, 113",QN,11355,,,,,,,,,,,,,,,,,,,,,,,,,,,,,,,,,,,,,,,,,,,,,,,,,,,,,,,,,,,,,,,,,,,,,,,,,,,1677636144657,1714118415659,de050c43-0fa7-44a2-9814-20cf26accaa5,40.757048363219,-73.828131488444,91.3,Queens County,Permanently Closed,FP,,,,,,,,,,,,,,,,,,,,,,,,,,,,
735,FP,,HOLY CHILD JESUS FOOD PANTRY,"112-06 86th Ave, Richmond Hill, NY, 11418, USA",QN,11418,,,,,open,10:00 AM,12:00 PM,,,closed,,,,,closed,,,,,open,10:00 AM,12:00 PM,,,closed,,,,,closed,,,,,closed,,,,,,,,,,,,,,,,,,,,,,,,,,,,,,,,,,,,,,,,1677636144657,1719475247741,3de4e9f7-1049-4d45-b559-444083b46f46,40.69888231377064,-73.83686735939088,100,Queens County,Open,FP,,,,,,,,,,,,,,,,,,,,,,,,,,,,
736,FPH,,MASJID MASJID OMAR ABDEL AZIZ,"88-29 161st St, Jamaica, NY, 11432, USA",QN,11432,,,,,closed,,,,,closed,,,,,open,02:00 PM,04:00 PM,,,closed,,,,,closed,,,,,closed,,,,,closed,,,,,,,,,,,,,,,,,,,,,,,,,,,,,,,,,,,,,,,,1677636144657,1735376420045,deac0b48-c937-4cbe-893e-431b148701b6,40.707457671271,-73.80047078887,100,Queens County,Open,FP,,,,,,,,,,,,,,,,,,,,,,,,,,,,
737,FPK,,CHABAD - OCEANVIEW JEWISH CENTER (FPK),"3100 Brighton 4th St, Brooklyn, NY, 11235, USA",BK,11235,,,,,open,10:00 AM,11:00 AM,,,closed,,,,,closed,,,,,closed,,,,,closed,,,,,closed,,,,,closed,,,,,,,,,,,,,,,,,,,,,,,,,,,,,,,,,,,,,,,,1677636144657,1711440016082,8e9cf78a-bb6b-48d9-87a8-b1edaac1d977,40.576641895145,-73.963311889192,100,Kings County,Open,FP,,,,,,,,,,,,,,,,,,,,,,,,,,,,
738,FP,,"SANTANA & VARGAS CHARITIES, INC","576 Willoughby Ave, Brooklyn, NY, 11206, USA",BK,11206,,,,,,,,,,,,,,,,,,,,,,,,,,,,,,,,,,,,,,,,,,,,,,,,,,,,,,,,,,,,,,,,,,,,,,,,,,,1677636144657,1735894819978,afcfc722-6db0-4bef-a18c-eff547906d03,40.694099893185,-73.946271228579,100,Kings County,Permanently Closed,FP,,,,,,,,,,,,,,,,,,,,,,,,,,,,
739,FP,,BETHANY GOSPEL CHAPEL INC (FP),"521 Thomas S Boyland St, Brooklyn, NY, 11212, USA",BK,11212,,,,,closed,,,,,closed,,,,,closed,,,,,closed,,,,,closed,,,,,open,06:30 AM,07:30 AM,,,closed,,,,,,,,,,,,,,,,,,,,,,,,,,,,,,,,,,,,,,,,1677636144657,1722326421840,632ab165-fe9b-4610-9ea8-4394c178aa24,40.668105809329,-73.913053243381,100,Kings County,Open,FP,,,,,,,,,,,,,,,,,,,,,,,,,,,,
740,FP,,WELLNESS RISING (RISEBORO COMMUNITY PARTNERSHIP)  (FP),"518 Bushwick Ave, Brooklyn, NY, 11206, USA",BK,11206,,,,,,,,,,,,,,,,,,,,,,,,,,,,,,,,,,,,,,,,,,,,,,,,,,,,,,,,,,,,,,,,,,,,,,,,,,,1677636144657,1730188825088,466ecb5c-2ab6-40bf-974c-3a29e72f0889,40.700278870494,-73.936314255749,100,Kings County,Inactive,FP,,,,,,,,,,,,,,,,,,,,,,,,,,,,
741,FPM,,BED-STUY CAMPAIGN AGAINST HUNGER,"2298 W 8th St, Brooklyn, NY, 11223, USA",BK,11223,,,,,,,,,,,,,,,,,,,,,,,,,,,,,,,,,,,,,,,,,,,,,,,,,,,,,,,,,,,,,,,,,,,,,,,,,,,1677636144657,1719475247741,45355e0d-9768-4c8d-a533-4dac20792963,40.591804590351785,-73.97868203650167,100,Kings County,Inactive,FP,,,,,,,,,,,,,,,,,,,,,,,,,,,,
742,FP,,CYBER PANTRY - BROOKLYN,"975 Shepherd Ave, Brooklyn, NY, 11208, USA",BK,11208,,,,,,,,,,,,,,,,,,,,,,,,,,,,,,,,,,,,,,,,,,,,,,,,,,,,,,,,,,,,,,,,,,,,,,,,,,,1677636144657,1719475247741,8a9a4957-9bb7-4909-b86a-c7db6a766339,40.661033293830634,-73.87406232826291,100,Kings County,Inactive,FP,,,,,,,,,,,,,,,,,,,,,,,,,,,,
743,FPM,,TCAH - MOBILE FOOD PANTRY - QUEENS ,"1521 CENTRAL AVENUE, FAR ROCK, 11691 ",QN,11691,,,,,,,,,,,,,,,,,,,,,,,,,,,,,,,,,,,,,,,,,,,,,,,,,,,,,,,,,,,,,,,,,,,,,,,,,,,1677636144657,1701939621001,c03bf918-3c7b-4d50-ae4d-fbbaf2475605,40.605396055898,-73.751522821259,97.57,Queens County,Inactive,FP,,,,,,,,,,,,,,,,,,,,,,,,,,,,
744,FPM,,TCAH HEALTH360 PANTRY,"1777 Pitkin Ave, Brooklyn, NY, 11212, USA",BK,11212,,,,,,,,,,,,,,,,,,,,,,,,,,,,,,,,,,,,,,,,,,,,,,,,,,,,,,,,,,,,,,,,,,,,,,,,,,,1677636144657,1719475247741,38b225fc-31c9-4c72-87f1-ecdaab3d3726,40.670329192965454,-73.90751112900092,100,Kings County,Inactive,FP,,,,,,,,,,,,,,,,,,,,,,,,,,,,
745,FP,,TCAH WEEKEND HEALTH SNACK PROGRAM - BROOKLYN,"370 Fountain Ave, Brooklyn, NY, 11208, USA",BK,11208,,,,,,,,,,,,,,,,,,,,,,,,,,,,,,,,,,,,,,,,,,,,,,,,,,,,,,,,,,,,,,,,,,,,,,,,,,,1677636144657,1719475247741,ab25ebe3-8d1e-4f39-831d-89fca27d2ea7,40.67069296756327,-73.87444745463992,100,Kings County,Inactive,FP,,,,,,,,,,,,,,,,,,,,,,,,,,,,
746,FP,,TCAH WEEKEND HEALTH SNACK PROGRAM - QUEENS,"90-15 Sutter Ave, Ozone Park, NY, 11417, USA",QN,11417,,,,,,,,,,,,,,,,,,,,,,,,,,,,,,,,,,,,,,,,,,,,,,,,,,,,,,,,,,,,,,,,,,,,,,,,,,,1677636144657,1684807318821,00cb156e-fd4f-45c9-9dc3-e03a91323b2f,40.6766374552048,-73.8468041894244,100,Queens County,Inactive,FP,,,,,,,,,,,,,,,,,,,,,,,,,,,,
747,FPM,,THE CAMPAIGN AGAINST HUNGER - SATELLITE PANTRY - BROOKLYN,509 VAN SICLEN AVENUE,BK,11207,,,,,,,,,,,,,,,,,,,,,,,,,,,,,,,,,,,,,,,,,,,,,,,,,,,,,,,,,,,,,,,,,,,,,,,,,,,1677636144657,1719475247741,e71d0447-06ed-487e-994c-ec8fb6d00d0d,40.667266445545124,-73.88878671167828,100,Kings County,Inactive,FP,,,,,,,,,,,,,,,,,,,,,,,,,,,,
748,FP,,"PROJECT HOSPITALITY, INC (FP)","205 Canal St, Staten Island, NY, 10304, USA",SI,10304,,,,,closed,,,,,open,09:00 AM,11:00 AM,,,closed,,,,,open,09:00 AM,11:00 AM,,,closed,,,,,closed,,,,,closed,,,,,,,,,,,,,,,,,,,,,,,,,,,,,,,,,,,,,,,,1680141703651,1719475247741,7a4e856b-f7a5-4807-b8f2-8a49fbfe4058,40.62520094244982,-74.07967131309196,100,Richmond County,Open,FP,,,,,,,,,,,,,,,,,,,,,,,,,,,,
749,FP,,TCAH CYBER PANTRY - QUEENS,"57-17 Shore Front Pkwy, Arverne, NY, 11692, USA",QN,11692,,,,,,,,,,,,,,,,,,,,,,,,,,,,,,,,,,,,,,,,,,,,,,,,,,,,,,,,,,,,,,,,,,,,,,,,,,,1689840015185,1689926423535,21a09e73-d0a4-4841-8316-ede145a989a3,40.592049322621,-73.787484229975,100,Queens County,Inactive,FP,,,,,,,,,,,,,,,,,,,,,,,,,,,,
750,FPM,,THE CAMPAIGN AGAINST HUNGER - SATELLITE PANTRY - QUEENS,"57-17 Shore Front Pkwy, Arverne, NY, 11692, USA",QN,11692,,,,,,,,,,,,,,,,,,,,,,,,,,,,,,,,,,,,,,,,,,,,,,,,,,,,,,,,,,,,,,,,,,,,,,,,,,,1689840015185,1717061779543,9a972099-0027-4ee4-907c-e3031ff124b1,40.586613366236,-73.80112431813,100,Queens County,Inactive,FP,,,,,,,,,,,,,,,,,,,,,,,,,,,,
751,FP,,COMMUNITY HELP IN PARK SLOPE (FP),"200 FOURTH AVENUE, BK 11217",BK,11217,,,,,closed,,,,,closed,,,,,closed,,,,,open,11:30 AM,01:00 PM,,,closed,,,,,open,11:30 AM,01:00 PM,,,closed,,,,,,,,,,,,,,,,,,,,,,,,,,,,,,,,,,,,,,,,1689840015185,1753516815300,697ee5fe-a544-4c16-b09c-86f9a7e2ebc0,40.678294012639,-73.982714821576,99.09,Kings County,Open,FP,,,,,,,,,,,,,,,,,,,,,,,,,,,,
752,FP,,"DISCIPLES OF GALILEE, INC","725 Castle Hill Ave, Bronx, NY, 10473, USA",BX,10473,,,,,closed,,,,,closed,,,,,open,03:00 PM,04:00 PM,,,closed,,,,,open,01:00 PM,02:30 PM,,,closed,,,,,closed,,,,,,,,,,,,,,,,,,,,,,,,,,,,,,,,,,,,,,,,1689840015185,1726560024329,6d4ad09b-9c7a-44ba-bcff-9200ddeae7f6,40.821626945781,-73.848881644126,100,Bronx County,Open,FP,,,,,,,,,,,,,,,,,,,,,,,,,,,,
753,FP,,HEALTH ESSENTIAL ASSOCIATION INC (SI),"322 New Dorp Ln, Staten Island, NY, 10306, USA",SI,10306,,,,,closed,,,,,open,10:30 AM,11:30 AM,,,closed,,,,,closed,,,,,closed,,,,,closed,,,,,closed,,,,,,,,,,,,,,,,,,,,,,,,,,,,,,,,,,,,,,,,1689840015185,1718352019055,b4b78290-63c8-46f4-b1f3-fee7679d8c31,40.571484510122,-74.111892187089,100,Richmond County,Open,FP,,,,,,,,,,,,,,,,,,,,,,,,,,,,
754,FPK,,CHABAD - FREE NYC KOSHER FOOD DISTRIBUTION  (FPK),"1643-1645 PRESIDENT ST,  BROOKLYN, NY, 11213",BK,11213,,,,,,,,,,,,,,,,,,,,,,,,,,,,,,,,,,,,,,,,,,,,,,,,,,,,,,,,,,,,,,,,,,,,,,,,,,,1689840015185,1689926423535,c78bc8f9-ad89-40b6-8815-88aeb5c96615,40.667279688952,-73.933008794642,98.82,Kings County,Inactive,FP,,,,,,,,,,,,,,,,,,,,,,,,,,,,
755,FP,,ACADEMY OF MEDICAL & PUBLIC HEALTH SERVICES (AMPHS)                                 ,"5306 3RD AVE, 2ND FL, BROOKLYN, NY, 11220, USA",BK,11220,,,,,closed,,,,,closed,,,,,closed,,,,,closed,,,,,closed,,,,,open,02:00 PM,04:00 PM,,,closed,,,,,,,,,,,,,,,,,,,,,,,,,,,,,,,,,,,,,,,,1689840015185,1713340830347,d837cde1-f7e4-4e6c-b0b4-5b72cd3873fc,40.645975279923,-74.016798238278,100,Kings County,Open,FP,,,,,,,,,,,,,,,,,,,,,,,,,,,,
756,FP,,ALL MY CHILDREN  FP,"175 - 44 MAYFIELD RD, QUEENS, 11432",QN,11432,,,,,closed,,,,,open,11:00 AM,01:00 PM,,,closed,,,,,closed,,,,,closed,,,,,closed,,,,,closed,,,,,,,,,,,,,,,,,,,,,,,,,,,,,,,,,,,,,,,,1689840015185,1689926423535,a7b9b55b-c454-43ba-8afb-0e9717ad4672,40.716810869387,-73.789409777983,100,Queens County,Open,FP,,,,,,,,,,,,,,,,,,,,,,,,,,,,
757,FPK,,KEHILAT SEPHARDIM OF AHAVAT ACHIM,"150-62 78th Rd, Flushing, NY, 11367, USA",QN,11367,,,,,open,10:00 AM,02:00 PM,,,open,11:00 AM,01:00 PM,,,open,10:00 AM,02:00 PM,,,open,11:00 AM,01:00 PM,,,closed,,,,,closed,,,,,open,10:00 AM,04:00 PM,,,,,,,,,,,,,,,,,,,,,,,,,,,,,,,,,,,,,,1689840015185,1735030821158,83ed88c7-f619-435d-b138-6cfc89c99606,40.721100098789,-73.81157312254,100,Queens County,Open,FP,,,,,,,,,,,,,,,,,,,,,,,,,,,,
758,FP,,NORTH BRONX SEVENTH DAY ADVENTIST CHURCH,"3743 Bronxwood Ave, Bronx, NY, 10469, USA",BX,10469,,,,,closed,,,,,closed,,,,,closed,,,,,closed,,,,,open,09:00 AM,12:00 PM,,,closed,,,,,closed,,,,,,,,,,,,,,,,,,,,,,,,,,,,,,,,,,,,,,,,1689840015185,1689926423535,3b90bc23-bee5-46e9-9859-47c018adcbe9,40.880868009742,-73.857642038953,100,Bronx County,Open,FP,,,,,,,,,,,,,,,,,,,,,,,,,,,,
759,FP,,ST. ALBANS BAPTIST CHURCH,"196-20 119th Ave, Saint Albans, NY, 11412, USA",QN,11412,,,,,closed,,,,,closed,,,,,closed,,,,,closed,,,,,closed,,,,,open,10:00 AM,12:00 PM,,,closed,,,,,,,,,,,,,,,,,,,,,,,,,,,,,,,,,,,,,,,,1689840015185,1721289623300,7af7bad1-26f7-4d51-85e0-35768baef840,40.690832501599,-73.753919626472,100,Queens County,Open,FP,,,,,,,,,,,,,,,,,,,,,,,,,,,,
760,FP,,"UNITED YES WE CAN, UNIDOS SISE PUEDE, INC","4327 White Plains Rd, Bronx, NY, 10466, USA",BX,10466,,,,,closed,,,,,closed,,,,,closed,,,,,closed,,,,,closed,,,,,open,12:00 PM,03:00 PM,,,closed,,,,,,,,,,,,,,,,,,,,,,,,,,,,,,,,,,,,,,,,1689840015185,1689926423535,0aa56242-fde8-478b-b674-be4a2782ac7e,40.896354923442,-73.855966531605,100,Bronx County,Open,FP,,,,,,,,,,,,,,,,,,,,,,,,,,,,
761,FPM,,WE ARE NOT AFRAID COMMUNITY RESOURCE CENTER (FPM),"203 W 146th St, New York, NY, 10039, USA",NY,10039,,,,,,,,,,,,,,,,,,,,,,,,,,,,,,,,,,,,,,,,,,,,,,,,,,,,,,,,,,,,,,,,,,,,,,,,,,,1689840015185,1730188825088,7c452387-9090-4e2b-a5a6-908db69467aa,40.822695135522,-73.939203607821,100,New York County,Permanently Closed,FP,,,,,,,,,,,,,,,,,,,,,,,,,,,,
762,FP,,BRIGADA DE ESPERANZA INC,"89-07 ASTORIA BLVD, QUEENS, NY,  11369 ",QN,11369,,,,,closed,,,,,closed,,,,,closed,,,,,closed,,,,,closed,,,,,open,12:00 PM,03:00 PM,,,closed,,,,,,,,,,,,,,,,,,,,,,,,,,,,,,,,,,,,,,,,1689840015185,1699084822297,ae535c16-16f0-414f-9f2c-86c167e3b663,40.763968043385,-73.879747751113,100,Queens County,Open,FP,,,,,,,,,,,,,,,,,,,,,,,,,,,,
763,,SK,FREE FOOD HARLEM (SK),"37 W 119th St, New York, NY, 10026, USA",NY,10026,,,,,,,,,,,,,,,,,,,,,,,,,,,,,,,,,,,,,,,,closed,,,,,closed,,,,,open,05:15 PM,07:00 PM,,,closed,,,,,open,05:15 PM,07:00 PM,,,closed,,,,,closed,,,,,1695456016494,1733994035331,25b507bb-cbb2-4be7-9a51-33e95b229483,40.803221208417,-73.94620970541,100,New York County,Open,SK,,,,,,,,,,,,,,,,,,,,,,,,,,,,
764,FP,,THE BIBLE CHURCH OF CHRIST (80015),"1358 Morris Ave, Bronx, NY, 10456, USA",BX,10456,,,,,closed,,,,,closed,,,,,closed,,,,,open,09:30 AM,12:00 PM,,,closed,,,,,closed,,,,,closed,,,,,,,,,,,,,,,,,,,,,,,,,,,,,,,,,,,,,,,,1696060816426,1759996817981,877f55eb-6081-4e9d-ae71-052ffa9b9233,40.837271223235,-73.911563779186,100,Bronx County,Open,FP,,,,,,,,,,,,,,,,,,,,,,,,,,,,
765,FP,,THE CRW COMMUNITY FOOD PANTRY (87046),"25 Avenue D, New York, NY, 10009, USA",NY,10009,,,,,closed,,,,,open,04:00 PM,05:45 PM,,,open,04:00 PM,05:45 PM,,,closed,,,,,closed,,,,,closed,,,,,closed,,,,,,,,,,,,,,,,,,,,,,,,,,,,,,,,,,,,,,,,1696060816426,1696147216587,71bc8c2c-1ecd-4fd0-bb26-fbd45ce7ee43,40.720860956336,-73.978178421261,100,New York County,Open,FP,,,,,,,,,,,,,,,,,,,,,,,,,,,,
766,FP,,CALVARY UNITED METHODIST CHURCH FOOD PANTRY (FP),"1885 University Ave, Bronx, NY, 10453, USA",BX,10453,,,,,closed,,,,,closed,,,,,closed,,,,,closed,,,,,open,11:00 AM,01:00 PM,,,closed,,,,,closed,,,,,,,,,,,,,,,,,,,,,,,,,,,,,,,,,,,,,,,,1705136414996,1705222814602,fb651fc2-118a-4d95-a942-768b647998dc,40.852570124368,-73.913651627448,100,Bronx County,Open,FP,,,,,,,,,,,,,,,,,,,,,,,,,,,,
767,,SK,FEEDING WITH TLC INC SOUP KITCHEN (SK),"175 Beach St, Staten Island, NY, 10304, USA",SI,10304,,,,,,,,,,,,,,,,,,,,,,,,,,,,,,,,,,,,,,,,closed,,,,,closed,,,,,closed,,,,,closed,,,,,closed,,,,,open,10:30 AM,12:30 PM,,,closed,,,,,1705136414996,1705222814602,f5819fed-42a0-4cfd-b70f-e4494c5200e5,40.629883259312,-74.081366848776,100,Richmond County,Open,SK,,,,,,,,,,,,,,,,,,,,,,,,,,,,
768,FP,,MORNING STAR FULL GOSPEL ASSEMBLY (FP),"464 E Tremont Ave, Bronx, NY, 10457, USA",BX,10457,,,,,closed,,,,,closed,,,,,open,04:00 PM,06:00 PM,,,closed,,,,,closed,,,,,closed,,,,,closed,,,,,,,,,,,,,,,,,,,,,,,,,,,,,,,,,,,,,,,,1705136414996,1735635620636,e5dea9be-78e1-4ba3-aa31-dc33b227cfe0,40.846964475162,-73.898330262815,100,Bronx County,Open,FP,,,,,,,,,,,,,,,,,,,,,,,,,,,,
769,FP,,NEW COVENANT COMMUNITY CORP (FP) (NCCDC ELG PANTRY) ,"1240 Edward L Grant Hwy, Bronx, NY, 10452, USA",BX,10452,,,,,,,,,,,,,,,,,,,,,,,,,,,,,,,,,,,,,,,,,,,,,,,,,,,,,,,,,,,,,,,,,,,,,,,,,,,1705136414996,1769504431575,1a206cbf-13fd-412c-a52f-a4c839559f30,40.837139375898,-73.922075943054,100,Bronx County,Permanently Closed,FP,,,,,,,,,,,,,,,,,,,,,,,,,,,,
770,FP,,REVELACION DIVINA FOOD PANTRY (FP),"240 E 175th St, Bronx, NY, 10457, USA",BX,10457,,,,,open,05:00 PM,07:00 PM,,,closed,,,,,closed,,,,,closed,,,,,closed,,,,,closed,,,,,closed,,,,,,,,,,,,,,,,,,,,,,,,,,,,,,,,,,,,,,,,1705136414996,1735635620636,f7bdad1b-6fb6-4e4b-a267-7093e2cddab8,40.846631965063,-73.906144040593,100,Bronx County,Open,FP,,,,,,,,,,,,,,,,,,,,,,,,,,,,
771,FP,,UA3 COMMUNITY FIRST FOOD PANTRY,"384 Grand St, New York, NY, 10002, USA",NY,10002,,,,,open,10:00 AM,02:00 PM,,,closed,,,,,closed,,,,,open,10:00 AM,02:00 PM,,,closed,,,,,closed,,,,,closed,,,,,,,,,,,,,,,,,,,,,,,,,,,,,,,,,,,,,,,,1705136414996,1705222814602,dec9759d-529f-4faa-b0ea-03a7d77b9a81,40.716405352911,-73.987669029267,100,New York County,Open,FP,,,,,,,,,,,,,,,,,,,,,,,,,,,,
772,FP,,ROMAN CATHOLIC CHURCH OF ST HELENA (FP),"1315 Olmstead Ave, Bronx, NY, 10462, USA",BX,10462,,,,,closed,,,,,closed,,,,,open,12:00 PM,02:00 PM,,,closed,,,,,closed,,,,,closed,,,,,closed,,,,,,,,,,,,,,,,,,,,,,,,,,,,,,,,,,,,,,,,1705136414996,1736240420271,50ff1460-d3fd-48a4-a9e0-e847948f1c9b,40.834253780001,-73.854928684353,100,Bronx County,Open,FP,,,,,,,,,,,,,,,,,,,,,,,,,,,,
773,FPM,,WORD OF LIFE MFP @ CITY OF REFUGE CHURCH,"625 E 137th St, Bronx, New York, 10454",BX,10454,,,,,,,,,,,,,,,,,,,,,,,,,,,,,,,,,,,,,,,,,,,,,,,,,,,,,,,,,,,,,,,,,,,,,,,,,,,1705136414996,1705222814602,80152fa2-623b-40bc-ab5f-0bfdbb8f701e,40.80540683158,-73.915929241998,100,Bronx County,Inactive,FP,,,,,,,,,,,,,,,,,,,,,,,,,,,,
774,FPM,,WORD OF LIFE MFP @ MORRIS HEIGHTS HEALTH CENTER (FPM),"85 W Burnside Ave, Bronx, NY, 10453, USA",BX,10453,,,,,,,,,,,,,,,,,,,,,,,,,,,,,,,,,,,,,,,,,,,,,,,,,,,,,,,,,,,,,,,,,,,,,,,,,,,1705136414996,1712304014272,45a8b7fc-58c7-4fd4-b40a-c92e3a081515,40.854701600436,-73.910353348549,100,Bronx County,Inactive,FP,,,,,,,,,,,,,,,,,,,,,,,,,,,,
775,,SK,ACTS COMMUNITY DEVELOPMENT CORPORATION (SK),"2114 Mermaid Ave, Brooklyn, NY, 11224, USA",BK,11224,,,,,,,,,,,,,,,,,,,,,,,,,,,,,,,,,,,,,,,,,,,,,,,,,,,,,,,,,,,,,,,,,,,,,,,,,,,1707296414394,1759219216290,5f2978ef-f38f-4e64-830b-01868e5a8106,40.576109350927,-73.988429603161,100,Kings County,Inactive,SK,,,,,,,,,,,,,,,,,,,,,,,,,,,,
776,FPM,,CITY HARVEST MOBILE MARKET - SUNSET PARK (FPM),"150 52nd St, Brooklyn, NY, 11232, USA",BK,11232,,,,,,,,,,,,,,,,,,,,,,,,,,,,,,,,,,,,,,,,,,,,,,,,,,,,,,,,,,,,,,,,,,,,,,,,,,,1707555615275,1707555615275,0ac2600b-323b-4ea3-99b0-c6b91960ac60,40.648482558619,-74.019126982437,100,Kings County,Inactive,FP,,,,,,,,,,,,,,,,,,,,,,,,,,,,
777,FPM,,MET COUNCIL MOBILE FOOD PANTRY (FPM),"5361 Preston Ct, Brooklyn, NY, 11234, USA",BK,11234,,,,,,,,,,,,,,,,,,,,,,,,,,,,,,,,,,,,,,,,,,,,,,,,,,,,,,,,,,,,,,,,,,,,,,,,,,,1707555615275,1707642014136,21d9b437-00c6-4a48-b7fd-7a82e5eb248e,40.638733357489,-73.923713431658,100,Kings County,Inactive,FP,,,,,,,,,,,,,,,,,,,,,,,,,,,,
778,FPM,,MUNA SOCIAL SERVICES COMMUNITY FOOD BANK - LIBERTY PLAZA (FPM),"101st Ave & Drew St, Ozone Park, NY, 11416, USA",QN,11416,,,,,,,,,,,,,,,,,,,,,,,,,,,,,,,,,,,,,,,,,,,,,,,,,,,,,,,,,,,,,,,,,,,,,,,,,,,1707555615275,1707642014136,b3f46028-04db-4a05-90e3-e3afd962da9f,40.67935000671,-73.863349982474,100,Queens County,Inactive,FP,,,,,,,,,,,,,,,,,,,,,,,,,,,,
779,FP,,MARANATHA FRENCH SEVENTH DAY ADVENTIST CHURCH (FP),173-04 LINDEN BLVD,QN,11434,,,,,,,,,,,,,,,,,,,,,,,,,,,,,,,,,,,,,,,,,,,,,,,,,,,,,,,,,,,,,,,,,,,,,,,,,,,1711440016082,1774425632490,ae96f958-be9e-40de-8a05-67abadb2ccdb,40.692003621111,-73.777007578768,100,Queens County,Inactive,FP,,,,,,,,,,,,,,,,,,,,,,,,,,,,
780,FPM,,WORD OF LIFE MOBILE FOOD PANTRY @ HONDURANS AGAINST AIDS (FPM),"1300 Southern Blvd, Bronx, NY, 10459, USA",BX,10459,,,,,,,,,,,,,,,,,,,,,,,,,,,,,,,,,,,,,,,,,,,,,,,,,,,,,,,,,,,,,,,,,,,,,,,,,,,1711440016082,1711526416513,5bc3c866-a5d9-4980-858d-7cabbdfd1d15,40.830735601872,-73.891499849917,100,Bronx County,Inactive,FP,,,,,,,,,,,,,,,,,,,,,,,,,,,,
781,FP,,VETERAN IN COMMAND,"116-16 Rockaway Beach Blvd, Rockaway Park, NY, 11694, USA",QN,11694,,,,,,,,,,,,,,,,,,,,,,,,,,,,,,,,,,,,,,,,,,,,,,,,,,,,,,,,,,,,,,,,,,,,,,,,,,,1719302413721,1719648029709,7f292eb2-cdb7-49f8-b9f6-486a78356e45,40.579708204875,-73.837989528588,100,Queens County,Inactive,FP,,,,,,,,,,,,,,,,,,,,,,,,,,,,
782,FP,,"AL-MADINAH SCHOOL, INC (FP)","383 3rd Ave, Brooklyn, NY, 11215, USA",BK,11215,,,,,closed,,,,,closed,,,,,closed,,,,,closed,,,,,open,12:30 PM,02:30 PM,,,closed,,,,,closed,,,,,,,,,,,,,,,,,,,,,,,,,,,,,,,,,,,,,,,,1721116823577,1776153626647,9d48a120-21cd-4d8f-929a-13af14011267,40.674227490404,-73.988546865987,100,Kings County,Open,FP,,,,,,,,,,,,,,,,,,,,,,,,,,,,
783,FP,,CELESTIAL CHURCH OF CHRIST ILERI PARISH (FP),"138 Waverly Ave, Brooklyn, NY, 11205, USA",BK,11205,,,,,closed,,,,,closed,,,,,closed,,,,,closed,,,,,closed,,,,,open,12:00 PM,03:00 PM,,,closed,,,,,,,,,,,,,,,,,,,,,,,,,,,,,,,,,,,,,,,,1721116823577,1721203223994,8a0fb9ca-0f59-4ea8-943d-89e5815a1f9a,40.693704099717,-73.968063673921,100,Kings County,Open,FP,,,,,,,,,,,,,,,,,,,,,,,,,,,,
784,FP,,EASTCHESTER PRESBYTERIAN CHURCH (FP),"3154 Fish Ave, Bronx, NY, 10469, USA",BX,10469,,,,,closed,,,,,closed,,,,,closed,,,,,closed,,,,,closed,,,,,open,10:00 AM,11:00 AM,,,closed,,,,,,,,,,,,,,,,,,,,,,,,,,,,,,,,,,,,,,,,1721116823577,1721203223994,cbf2c236-8a46-45bf-afbe-9acbff87de9c,40.871322034333,-73.847255219634,100,Bronx County,Open,FP,,,,,,,,,,,,,,,,,,,,,,,,,,,,
785,FP,,GURU SEVA HIDU MILAN MANDIR CULTURAL GROUP (FP),"3201 Bruckner Blvd, Bronx, NY, 10461, USA",BX,10461,,,,,closed,,,,,closed,,,,,closed,,,,,closed,,,,,closed,,,,,open,11:00 AM,03:00 PM,,,closed,,,,,,,,,,,,,,,,,,,,,,,,,,,,,,,,,,,,,,,,1721116823577,1721116823577,c80687fe-c3fe-47e3-8d10-5ca799b9276c,40.838879500906,-73.826124190272,100,Bronx County,Open,FP,,,,,,,,,,,,,,,,,,,,,,,,,,,,
786,FP,,KINGDOM GLOBAL MISSIONS (FP),"2945 W 33rd St, Brooklyn, NY, 11224, USA",BK,11224,,,,,closed,,,,,closed,,,,,closed,,,,,closed,,,,,closed,,,,,open,12:00 PM,03:00 PM,,,closed,,,,,,,,,,,,,,,,,,,,,,,,,,,,,,,,,,,,,,,,1721116823577,1754985615451,484f635c-8d55-43a2-9c97-804fcebe68f9,40.573925655602,-73.998782678507,100,Kings County,Open,FP,,,,,,,,,,,,,,,,,,,,,,,,,,,,
787,FP,,"PASWO (PAKISTAN AMERICAN SKILLED WOMEN ORGANIZATION, INC) (FP)","930 Ditmas Ave, Brooklyn, NY, 11218, USA",BK,11218,,,,,closed,,,,,closed,,,,,open,01:00 PM,02:00 PM,,,closed,,,,,closed,,,,,closed,,,,,closed,,,,,,,,,,,,,,,,,,,,,,,,,,,,,,,,,,,,,,,,1721116823577,1755590418398,37b0a01e-3167-40d4-81fe-b51890389cd8,40.636494257784,-73.9683511732,100,Kings County,Open,FP,,,,,,,,,,,,,,,,,,,,,,,,,,,,
788,FP,,CHAPEL OF THE GREAT RESTORER FOOD PANTRY (FP),"1121 Longwood Ave, Bronx, NY, 10474, USA",BX,10474,,,,,closed,,,,,closed,,,,,closed,,,,,closed,,,,,closed,,,,,open,12:00 PM,02:00 PM,,,closed,,,,,,,,,,,,,,,,,,,,,,,,,,,,,,,,,,,,,,,,1724832025694,1724918427592,cec7fac1-e9e7-401a-8923-9b9253368cf2,40.814808016091,-73.893347221377,100,Bronx County,Open,FP,,,,,,,,,,,,,,,,,,,,,,,,,,,,
789,FP,,FOOD AND NUTRITION SERVICES PROGRAM,"1802 Crotona Ave, Bronx, NY, 10457, USA",BX,10457,,,,,closed,,,,,closed,,,,,open,10:00 AM,04:00 PM,,,closed,,,,,closed,,,,,closed,,,,,closed,,,,,,,,,,,,,,,,,,,,,,,,,,,,,,,,,,,,,,,,1724832025694,1724832025694,5b9c4401-ce22-47ec-b650-91e97084a0fe,40.842662798633,-73.893489378455,100,Bronx County,Open,FP,,,,,,,,,,,,,,,,,,,,,,,,,,,,
790,FPM,,RAP4BRONX MOBILE PANTRY (FPM),"970 White Plains Rd, Bronx, NY, 10473, USA",BX,10473,,,,,,,,,,,,,,,,,,,,,,,,,,,,,,,,,,,,,,,,,,,,,,,,,,,,,,,,,,,,,,,,,,,,,,,,,,,1724832025694,1724918427592,468140c9-21da-4538-b34e-11fbcb8cae29,40.82499194463,-73.858726021768,100,Bronx County,Inactive,FP,,,,,,,,,,,,,,,,,,,,,,,,,,,,
791,FP,,MINISTERIO LA LUZ DE LA ESPERANZA PARA LAS NACIONES DE JESUCRISTO,79-01 BROADWAY,QN,11373,,,,,closed,,,,,closed,,,,,closed,,,,,open,05:00 PM,07:00 PM,,,closed,,,,,closed,,,,,closed,,,,,,,,,,,,,,,,,,,,,,,,,,,,,,,,,,,,,,,,1724832025694,1724832025694,e7cc6c7b-d501-45fb-b5c2-47595a73b7d3,40.744594112385,-73.886174407735,100,Queens County,Open,FP,,,,,,,,,,,,,,,,,,,,,,,,,,,,
792,FPM,,BOROUGH COMMUNITY ACTION NETWORK AND FOOD PROGRAM MOBILE (FPM),"715 E 105th St, Brooklyn, NY, 11236, USA",BK,11236,,,,,,,,,,,,,,,,,,,,,,,,,,,,,,,,,,,,,,,,,,,,,,,,,,,,,,,,,,,,,,,,,,,,,,,,,,,1727769628751,1727856025594,a52d1d53-3b7c-4837-83bb-3711f651b537,40.648951148916,-73.895509920034,100,Kings County,Inactive,FP,,,,,,,,,,,,,,,,,,,,,,,,,,,,
793,FPM,,CHIPS MOBILE PANTRY VAN,"Brooklyn, NY, USA, 11215",BK,11215,,,,,,,,,,,,,,,,,,,,,,,,,,,,,,,,,,,,,,,,,,,,,,,,,,,,,,,,,,,,,,,,,,,,,,,,,,,1727769628751,1727856025594,e666b77c-84e8-497d-b4e3-aeda244c53ca,40.667436,-73.9827496,100,Kings County,Inactive,FP,,,,,,,,,,,,,,,,,,,,,,,,,,,,
794,FP,,BETHANY BAPTIST CHURCH (FP),"304 W 154th St, New York, NY, 10039, USA",NY,10039,,,,,closed,,,,,closed,,,,,closed,,,,,closed,,,,,open,12:00 PM,03:00 PM,,,closed,,,,,closed,,,,,,,,,,,,,,,,,,,,,,,,,,,,,,,,,,,,,,,,1727769628751,1736931638422,d9c205c5-56d1-4c71-8ca4-e9fb59f84c47,40.82866070365,-73.93848435671,100,New York County,Open,FP,,,,,,,,,,,,,,,,,,,,,,,,,,,,
795,FP,,NUEVO SIGLO CARES (SERVING GOD THROUGH YOU) (FP),"213 Sherman Ave, New York, NY, 10034, USA",NY,10034,,,,,closed,,,,,closed,,,,,closed,,,,,closed,,,,,open,02:00 PM,04:00 PM,,,closed,,,,,closed,,,,,,,,,,,,,,,,,,,,,,,,,,,,,,,,,,,,,,,,1727769628751,1737536419962,6e853e17-2757-4def-9181-711d6505e332,40.865411158123,-73.92060114719,100,New York County,Open,FP,,,,,,,,,,,,,,,,,,,,,,,,,,,,
796,,SK,BROOKLYN FAITH SDA CHURCH (SK),"5518 Church Ave, Brooklyn, NY, 11203, USA",BK,11203,,,,,,,,,,,,,,,,,,,,,,,,,,,,,,,,,,,,,,,,closed,,,,,closed,,,,,closed,,,,,closed,,,,,open,12:00 PM,03:00 PM,,,closed,,,,,closed,,,,,1727769628751,1727769628751,641b5e3c-e2da-481e-a4dd-4bf341fa64ea,40.652373521893,-73.924916821497,100,Kings County,Open,SK,,,,,,,,,,,,,,,,,,,,,,,,,,,,
797,FP,,"CARING SHEPHERD SUPPLIES MINISTRIES, INC","4119 Barnes Ave, Bronx, NY, 10466, USA",BX,10466,,,,,closed,,,,,closed,,,,,closed,,,,,closed,,,,,open,04:00 PM,06:00 PM,,,closed,,,,,closed,,,,,,,,,,,,,,,,,,,,,,,,,,,,,,,,,,,,,,,,1727769628751,1776326424126,381a1689-3fb9-4d00-be2b-4649b0c6ef6b,40.890375525174,-73.855909618482,100,Bronx County,Open,FP,,,,,,,,,,,,,,,,,,,,,,,,,,,,
798,FP,,FRESH ANOINTING INTERNATIONAL CHARITIES (FAIC) (FP),"109-41 FRANCIS LEWIS BLVD, QN 11429",QN,11429,,,,,closed,,,,,closed,,,,,closed,,,,,open,11:00 AM,02:00 PM,,,closed,,,,,closed,,,,,closed,,,,,,,,,,,,,,,,,,,,,,,,,,,,,,,,,,,,,,,,1727769628751,1770973227962,d0ee61c3-285e-4521-8423-de9efcf45e8e,40.707731424229,-73.75109157234,99.29,Queens County,Open,FP,,,,,,,,,,,,,,,,,,,,,,,,,,,,
799,FP,,"MYLAH'S ORGANIZATION, INC (FP)",447 NEW LOTS AVENUE,BK,11207,,,,,open,10:30 AM,01:00 PM,,,closed,,,,,closed,,,,,open,10:30 AM,01:00 PM,,,closed,,,,,closed,,,,,closed,,,,,,,,,,,,,,,,,,,,,,,,,,,,,,,,,,,,,,,,1727769628751,1780041672211,6f19ae32-c1d5-46d7-bfd1-21b260d47632,40.662897043239,-73.891214446114,100,Kings County,Open,FP,,,,,,,,,,,,,,,,,,,,,,,,,,,,
800,FP,,ST. PETERS - YVONNE GITTENS FOOD,"137-28 244th St, Rosedale, NY, 11422, USA",QN,11422,,,,,closed,,,,,closed,,,,,closed,,,,,closed,,,,,closed,,,,,open,11:00 AM,01:00 PM,,,closed,,,,,,,,,,,,,,,,,,,,,,,,,,,,,,,,,,,,,,,,1727769628751,1755590418398,f1f6aa15-c8a7-46d3-8d87-861d9b37b4b5,40.667754523767,-73.733337695586,100,Queens County,Open,FP,,,,,,,,,,,,,,,,,,,,,,,,,,,,
801,FP,,NEW BEGINNING FOOD PROGRAM,"242-01 Braddock Ave, Bellerose, NY, 11426, USA",QN,11426,,,,,closed,,,,,open,10:00 AM,11:30 AM,,,closed,,,,,closed,,,,,closed,,,,,closed,,,,,closed,,,,,,,,,,,,,,,,,,,,,,,,,,,,,,,,,,,,,,,,1729756825811,1729756825811,182172b0-cd92-4214-a81e-47ffa9c75df3,40.72626381215,-73.726064299106,100,Queens County,Open,FP,,,,,,,,,,,,,,,,,,,,,,,,,,,,
802,FP,,MUNA SOCIAL SERVICES - JACKSON HEIGHTS COMMUNITY ,"35-35 71st St, Jackson Heights, NY, 11372, USA",QN,11372,,,,,closed,,,,,closed,,,,,closed,,,,,open,02:00 PM,03:00 PM,,,closed,,,,,closed,,,,,closed,,,,,,,,,,,,,,,,,,,,,,,,,,,,,,,,,,,,,,,,1730624432568,1734512422582,5a505a0f-7db7-4688-8ece-fce05ff78d4d,40.74967002531,-73.894511467728,100,Queens County,Open,FP,,,,,,,,,,,,,,,,,,,,,,,,,,,,
803,FP,,FOOD PROGRAM (FP),"9818 Fort Hamilton Pkwy, Brooklyn, NY, 11209, USA",BK,11209,,,,,,,,,,,,,,,,,,,,,,,,,,,,,,,,,,,,,,,,,,,,,,,,,,,,,,,,,,,,,,,,,,,,,,,,,,,1732093221565,1732093221565,d5a29294-e62c-4bb8-884f-cac9372d23dc,40.612839688832,-74.031330949641,100,Kings County,Permanently Closed,FP,,,,,,,,,,,,,,,,,,,,,,,,,,,,
804,FP,,STREAMS OF BLESSINGS FOOD PANTRY,"579 Gates Ave, Brooklyn, NY, 11221, USA",BK,11221,,,,,closed,,,,,closed,,,,,closed,,,,,closed,,,,,closed,,,,,closed,,,,,open,01:30 PM,02:30 PM,,,,,,,,,,,,,,,,,,,,,,,,,,,,,,,,,,,,,,1739264419895,1780473619083,4d29e1a0-f12d-4c75-9ac5-b9b1bbd04087,40.687141446717,-73.943620703157,100,Kings County,Open,FP,,,,,,,,,,,,,,,,,,,,,,,,,,,,
805,FP,,ADVENTIST COMMUNITY SERVICES GREATER NEW YORK CONFERENCE FP,"41-26 58th St, Woodside, NY, 11377, USA",QN,11377,,,,,,,,,,,,,,,,,,,,,,,,,,,,,,,,,,,,,,,,,,,,,,,,,,,,,,,,,,,,,,,,,,,,,,,,,,,1739264419895,1739350822154,34cfe3fe-08d1-464f-b8a1-226ddc2bf468,40.743943970066,-73.907114329705,100,Queens County,Inactive,FP,,,,,,,,,,,,,,,,,,,,,,,,,,,,
806,FP,,CHURCH OF GOD OF WOODYCREST AVENUE FP,"923 Woodycrest Ave, Bronx, NY, 10452, USA",BX,10452,,,,,closed,,,,,closed,,,,,closed,,,,,closed,,,,,closed,,,,,open,10:00 AM,01:00 PM,,,closed,,,,,,,,,,,,,,,,,,,,,,,,,,,,,,,,,,,,,,,,1739264419895,1739350822154,1f0b748d-b505-457f-a034-ada40dfe988c,40.830595939358,-73.929664534235,100,Bronx County,Open,FP,,,,,,,,,,,,,,,,,,,,,,,,,,,,
807,FP,,FLUSHING JEWISH COMMUNITY COUNCIL FP,"171-39 Northern Blvd, Flushing, NY, 11358, USA",QN,11358,,,,,closed,,,,,open,09:00 AM,10:30 AM,,,closed,,,,,closed,,,,,closed,,,,,closed,,,,,closed,,,,,,,,,,,,,,,,,,,,,,,,,,,,,,,,,,,,,,,,1739264419895,1739350822154,b13593ce-eb22-4a85-97af-9503956b889e,40.757896360363,-73.7944742077,100,Queens County,Open,FP,,,,,,,,,,,,,,,,,,,,,,,,,,,,
808,FPK,,KINGSBRIDGE CENTER FOR ISRAEL (FPK),"5905 Riverdale Ave, Bronx, NY, 10471, USA",BX,10471,,,,,closed,,,,,closed,,,,,open,07:00 PM,09:00 PM,,,closed,,,,,closed,,,,,closed,,,,,open,09:00 AM,12:00 PM,,,,,,,,,,,,,,,,,,,,,,,,,,,,,,,,,,,,,,1739264419895,1739350822154,0bbbddc9-adb7-4b3a-afb1-14b31c0309c4,40.907061463644,-73.90425710655,100,Bronx County,Open,FP,,,,,,,,,,,,,,,,,,,,,,,,,,,,
809,FP,,LOUISEA MAZE EMILE COMMUNITY SERVICE,"1757 President St, Brooklyn, NY, 11213, USA",BK,11213,,,,,closed,,,,,closed,,,,,closed,,,,,closed,,,,,open,10:00 AM,12:00 PM,,,closed,,,,,closed,,,,,,,,,,,,,,,,,,,,,,,,,,,,,,,,,,,,,,,,1739264419895,1739523626082,927fc7a9-0b13-4a32-afc4-605a525c0f89,40.667041684811,-73.928774843891,100,Kings County,Open,FP,,,,,,,,,,,,,,,,,,,,,,,,,,,,
810,FP,,LOVE WINS NYC (HARLEM) (FP),"521 WEST126th St, New York, NY, 10027, USA",NY,10027,,,,,closed,,,,,closed,,,,,open,01:00 PM,03:00 PM,,,closed,,,,,closed,,,,,closed,,,,,closed,,,,,,,,,,,,,,,,,,,,,,,,,,,,,,,,,,,,,,,,1739264419895,1739350822154,91417362-1c4a-4a21-bdd8-352f839bb748,40.814849003598,-73.956152738052,99.75,New York County,Open,FP,,,,,,,,,,,,,,,,,,,,,,,,,,,,
811,FP,,"NEW HOPE PENTECOSTAL CHURCH OF JESUS CHRIST, INC (FP)","1838 Park Pl, Brooklyn, NY, 11233, USA",BK,11233,,,,,closed,,,,,closed,,,,,closed,,,,,closed,,,,,closed,,,,,open,12:00 PM,02:00 PM,,,closed,,,,,,,,,,,,,,,,,,,,,,,,,,,,,,,,,,,,,,,,1739264419895,1739350822154,cd994b45-4e07-4668-9752-e364e5181faf,40.671483548671,-73.916427378504,100,Kings County,Open,FP,,,,,,,,,,,,,,,,,,,,,,,,,,,,
812,,SK,ST. JAMES CHURCH-COMMUNITY KITCHEN (SK),"865 Madison Ave, New York, NY, 10021, USA",NY,10021,,,,,,,,,,,,,,,,,,,,,,,,,,,,,,,,,,,,,,,,closed,,,,,open,12:00 PM,01:00 PM,,,closed,,,,,closed,,,,,open,06:30 PM,07:30 PM,,,closed,,,,,closed,,,,,1739264419895,1739350822154,bb44a902-a4b9-4d38-b8ba-3063fa7a9fc0,40.771333347434,-73.965586486256,100,New York County,Open,SK,,,,,,,,,,,,,,,,,,,,,,,,,,,,
813,FP,,AIDS SERVICE CENTER OF LOWER MANHATTAN (FP),"64 WEST 35th St, 3RD FL, New York, NY, 10001, USA",NY,10001,,,,,closed,,,,,closed,,,,,open,10:00 AM,03:00 PM,,,closed,,,,,closed,,,,,closed,,,,,closed,,,,,,,,,,,,,,,,,,,,,,,,,,,,,,,,,,,,,,,,1755590418398,1755676816831,4b4b1d6f-bb30-4ff7-8aac-3895cc7495f8,40.75009859202,-73.98666630219,98.53,New York County,Open,FP,,,,,,,,,,,,,,,,,,,,,,,,,,,,
814,FP,,ALLIANCE CASA WASHINGTON HEIGHTS (FP),"2036 Amsterdam Ave, New York, NY, 10032, USA",NY,10032,,,,,closed,,,,,closed,,,,,open,10:00 AM,03:00 PM,,,closed,,,,,closed,,,,,closed,,,,,closed,,,,,,,,,,,,,,,,,,,,,,,,,,,,,,,,,,,,,,,,1755590418398,1755676816831,172a72ba-acf2-436d-a659-ea1a0b619acc,40.835229265893,-73.940571031506,100,New York County,Open,FP,,,,,,,,,,,,,,,,,,,,,,,,,,,,
815,FP,,FIRST UNITED CHRISTIAN CHURCH (FP),"109 Victory Blvd, Staten Island, NY, 10301, USA",SI,10301,,,,,closed,,,,,open,10:00 AM,01:00 PM,,,closed,,,,,closed,,,,,closed,,,,,closed,,,,,open,01:30 PM,03:30 PM,,,,,,,,,,,,,,,,,,,,,,,,,,,,,,,,,,,,,,1755590418398,1755676816831,485e2f7d-4f49-4815-9ef7-5409fbfe7d10,40.637659132778,-74.080221249759,100,Richmond County,Open,FP,,,,,,,,,,,,,,,,,,,,,,,,,,,,
816,FP,,MAS STATEN ISLAND CENTER FOOD PANTRY (FP),"180 Burgher Ave, Staten Island, NY, 10304, USA",SI,10304,,,,,closed,,,,,closed,,,,,closed,,,,,closed,,,,,open,03:00 PM,06:00 PM,,,closed,,,,,closed,,,,,,,,,,,,,,,,,,,,,,,,,,,,,,,,,,,,,,,,1755590418398,1755676816831,4cd24599-2f90-4f18-b197-1991f092812b,40.592418061845,-74.091916938355,100,Richmond County,Open,FP,,,,,,,,,,,,,,,,,,,,,,,,,,,,
817,FP,,MASJID AR RAHMAN FOOD PANTRY,"98-10 211th St, Queens Village, NY, 11429, USA",QN,11429,,,,,closed,,,,,closed,,,,,closed,,,,,closed,,,,,open,02:30 PM,04:00 PM,,,closed,,,,,closed,,,,,,,,,,,,,,,,,,,,,,,,,,,,,,,,,,,,,,,,1755590418398,1755676816831,01946076-97ad-46e2-9d31-d56f956155d4,40.714142364782,-73.749161303858,100,Queens County,Open,FP,,,,,,,,,,,,,,,,,,,,,,,,,,,,
818,FPK,,MET COUNCIL BROOKLYN HUB (FPK),"1271 60th St, Brooklyn, NY, 11219, USA",BK,11219,,,,,closed,,,,,open,12:30 PM,04:30 PM,,,open,12:30 PM,04:30 PM,,,open,12:30 PM,04:30 PM,,,closed,,,,,closed,,,,,closed,,,,,,,,,,,,,,,,,,,,,,,,,,,,,,,,,,,,,,,,1755590418398,1767085221320,6ee2515c-fa39-4681-8b47-c6ec879865e1,40.629318384747,-73.998923159204,100,Kings County,Open,FP,,,,,,,,,,,,,,,,,,,,,,,,,,,,
819,FP,,ZERO HUNGER CAMPAIGN (CCSO) (FP),"93-15 Corona Ave, Elmhurst, NY, 11373, USA",QN,11373,,,,,closed,,,,,closed,,,,,open,11:00 AM,01:00 PM,,,closed,,,,,open,11:00 AM,01:00 PM,,,closed,,,,,closed,,,,,,,,,,,,,,,,,,,,,,,,,,,,,,,,,,,,,,,,1755590418398,1762246831254,a946c66d-4b5c-4395-942a-4522fe743b81,40.74261128937,-73.871398621179,100,Queens County,Open,FP,,,,,,,,,,,,,,,,,,,,,,,,,,,,
820,,SK,"ST. JOSEPH'S SOUP KITCHEN, INC (SK)","12 W 12th St, New York, NY, 10011, USA",NY,10011,,,,,,,,,,,,,,,,,,,,,,,,,,,,,,,,,,,,,,,,,,,,,,,,,,,,,,,,,,,,,,,,,,,,,,,,,,,1755590418398,1755676816831,80fc30d3-8bf2-410f-b4d2-3fa679e4ee43,40.734814526855,-73.995164797639,100,New York County,Inactive,SK,,,,,,,,,,,,,,,,,,,,,,,,,,,,
821,FP,,ALLIANCE TABERNACLE OF CLARENDON ROAD CHURCH,"3304 Clarendon Rd, Brooklyn, NY, 11203, USA",BK,11203,,,,,closed,,,,,closed,,,,,closed,,,,,closed,,,,,closed,,,,,open,12:00 PM,02:00 PM,,,closed,,,,,,,,,,,,,,,,,,,,,,,,,,,,,,,,,,,,,,,,1764147616719,1764147616719,cb112ddb-3d08-4161-b1fe-ca46e2e6d816,40.643277103381,-73.945492968869,100,Kings County,Open,FP,,,,,,,,,,,,,,,,,,,,,,,,,,,,
822,FP,,ANGELS THROUGH CHRIST ,"2263 BEDFORD Ave, Brooklyn, NY, 11226, USA",BK,11226,,,,,closed,,,,,closed,,,,,closed,,,,,closed,,,,,closed,,,,,open,01:00 PM,03:00 PM,,,closed,,,,,,,,,,,,,,,,,,,,,,,,,,,,,,,,,,,,,,,,1764147616719,1771491629984,30cc27a6-8c8c-4ec5-9480-142198b84318,40.648797550541,-73.955419992076,100,Kings County,Open,FP,,,,,,,,,,,,,,,,,,,,,,,,,,,,
823,FP,,BETHANY HOUSE (SCO FAMILY OF SERVICES),"164 Suydam St, Brooklyn, NY, 11221, USA",BK,11221,,,,,closed,,,,,closed,,,,,closed,,,,,open,11:00 AM,01:00 PM,,,closed,,,,,closed,,,,,closed,,,,,,,,,,,,,,,,,,,,,,,,,,,,,,,,,,,,,,,,1764147616719,1764234017729,6f95cef3-00c3-4d40-ae88-957060cef331,40.69928573477,-73.926303858834,100,Kings County,Open,FP,,,,,,,,,,,,,,,,,,,,,,,,,,,,
824,FP,,EL REMANENTE FOOD PANTRY,"1402 Crotona Park E, Bronx, NY, 10460, USA",BX,10460,,,,,closed,,,,,closed,,,,,closed,,,,,closed,,,,,closed,,,,,open,11:00 AM,12:30 PM,,,closed,,,,,,,,,,,,,,,,,,,,,,,,,,,,,,,,,,,,,,,,1764147616719,1764234017729,312cc0ab-9edc-402f-8beb-66216f7eeae1,40.834359056705,-73.896709957112,100,Bronx County,Open,FP,,,,,,,,,,,,,,,,,,,,,,,,,,,,
825,FP,,EVANGELICAL FREE CHURCH OF AMERICA - COMMUNITY BIBLE,"102-16 89th Ave, Richmond Hill, NY, 11418, USA",QN,11418,,,,,closed,,,,,closed,,,,,closed,,,,,closed,,,,,closed,,,,,open,08:00 AM,11:00 AM,,,closed,,,,,,,,,,,,,,,,,,,,,,,,,,,,,,,,,,,,,,,,1764147616719,1764234017729,fce9bfc2-ae6e-4d37-9da0-b82564d974e7,40.693218368428,-73.843565422037,100,Queens County,Open,FP,,,,,,,,,,,,,,,,,,,,,,,,,,,,
826,FP,,RESILIENCE USA FOUNDATION INC,"221-61 92nd Ave, Queens Village, NY, 11428, USA",QN,11428,,,,,closed,,,,,closed,,,,,open,02:00 PM,03:00 PM,,,closed,,,,,closed,,,,,closed,,,,,closed,,,,,,,,,,,,,,,,,,,,,,,,,,,,,,,,,,,,,,,,1764147616719,1764234017729,ce2aa82e-1bcd-46a4-bfd2-d3421aa0af58,40.726583120751,-73.735785714228,100,Queens County,Open,FP,,,,,,,,,,,,,,,,,,,,,,,,,,,,
827,FP,,REWRITE CORPORATION ,"425 Howard Ave, Brooklyn, NY, 11233, USA",BK,11233,,,,,closed,,,,,closed,,,,,closed,,,,,closed,,,,,closed,,,,,open,11:00 AM,02:00 PM,,,closed,,,,,,,,,,,,,,,,,,,,,,,,,,,,,,,,,,,,,,,,1764147616719,1764234017729,4e70f013-df67-4ba7-9ca4-7acea6a8089d,40.673161605686,-73.919431955516,100,Kings County,Open,FP,,,,,,,,,,,,,,,,,,,,,,,,,,,,
828,FP,,TRUE DIVINITY OUTREACH FOOD PANTRY ,"115-27 Sutphin Blvd, Jamaica, NY, 11434, USA",QN,11434,,,,,closed,,,,,open,10:00 AM,02:00 PM,,,closed,,,,,open,10:00 AM,02:00 PM,,,closed,,,,,closed,,,,,closed,,,,,,,,,,,,,,,,,,,,,,,,,,,,,,,,,,,,,,,,1764147616719,1764234017729,80f560bf-c18f-48bd-9cab-eac9d1c73944,40.684160800038,-73.792301115483,100,Queens County,Open,FP,,,,,,,,,,,,,,,,,,,,,,,,,,,,
829,FP,,161ST STREET MERCHANT'S ASSOC. INC ,"85 E 165th St, Bronx, NY, 10452, USA",BX,10452,,,,,closed,,,,,closed,,,,,closed,,,,,open,12:00 PM,01:00 PM,,,closed,,,,,closed,,,,,closed,,,,,,,,,,,,,,,,,,,,,,,,,,,,,,,,,,,,,,,,1768294827727,1768381391925,77f2ab04-efee-4e75-97f1-bee960181f00,40.831686947882,-73.922297560574,100,Bronx County,Open,FP,,,,,,,,,,,,,,,,,,,,,,,,,,,,
830,FP,,CHGC FOOD DISTRIBUTION ,221-02 LINDEN BLVD,QN,11411,,,,,closed,,,,,closed,,,,,closed,,,,,closed,,,,,open,02:00 PM,04:00 PM,,,closed,,,,,closed,,,,,,,,,,,,,,,,,,,,,,,,,,,,,,,,,,,,,,,,1768294827727,1768294827727,f92888dd-5b75-4322-b057-4227c8d70c50,40.694706784885,-73.739162363922,100,Queens County,Open,FP,,,,,,,,,,,,,,,,,,,,,,,,,,,,
831,FP,,"COMMUNITY FEED UP (MASJIDUS SABUR, INC)",2975 BAINBRIDGE ,BX,10458,,,,,closed,,,,,closed,,,,,closed,,,,,closed,,,,,open,04:00 PM,06:00 PM,,,closed,,,,,closed,,,,,,,,,,,,,,,,,,,,,,,,,,,,,,,,,,,,,,,,1768294827727,1768381391925,c3a26ef7-e4d4-4bc6-88e9-58f413e31068,40.871160054054,-73.884573967142,97.53,Bronx County,Open,FP,,,,,,,,,,,,,,,,,,,,,,,,,,,,
832,FP,,POWERHOUSE ZION APOSTOLIC CHURCH PANTRY ,"92-11 172nd St, Jamaica, NY, 11433, USA",QN,11433,,,,,closed,,,,,open,01:00 PM,02:00 PM,,,closed,,,,,closed,,,,,closed,,,,,closed,,,,,closed,,,,,,,,,,,,,,,,,,,,,,,,,,,,,,,,,,,,,,,,1768294827727,1770195630681,1b52ca7d-dd3d-4bf5-b470-71115fb5d9b1,40.707212626332,-73.7877600518,100,Queens County,Open,FP,,,,,,,,,,,,,,,,,,,,,,,,,,,,
833,FP,,SHELTER ROCK SDA CHURCH COMMUNITY PANTRY ,157-18 MEYER AVENUE ,QN,11434,,,,,closed,,,,,closed,,,,,closed,,,,,open,10:00 AM,12:00 PM,,,closed,,,,,closed,,,,,closed,,,,,,,,,,,,,,,,,,,,,,,,,,,,,,,,,,,,,,,,1768294827727,1768381391925,fe9a1598-05b3-4042-af50-48d3b5d1d164,40.687616323441,-73.789516144334,100,Queens County,Open,FP,,,,,,,,,,,,,,,,,,,,,,,,,,,,
834,FP,,ST. CAMILLUS CHURCH FOOD PANTRY,"99-15 Rockaway Beach Blvd, Rockaway Park, NY, 11694, USA",QN,11694,,,,,closed,,,,,closed,,,,,open,10:00 AM,12:30 PM,,,closed,,,,,closed,,,,,closed,,,,,closed,,,,,,,,,,,,,,,,,,,,,,,,,,,,,,,,,,,,,,,,1768294827727,1768381391925,b9fdd7b7-3fdc-4a34-92cf-6c24007cd886,40.583902299676,-73.820731776683,100,Queens County,Open,FP,,,,,,,,,,,,,,,,,,,,,,,,,,,,
835,FP,,TABERNACLE OF JOY COMMUNITY CARE,"1800 Topping Ave, Bronx, NY, 10457, USA",BX,10457,,,,,closed,,,,,closed,,,,,closed,,,,,open,12:00 PM,03:00 PM,,,closed,,,,,closed,,,,,closed,,,,,,,,,,,,,,,,,,,,,,,,,,,,,,,,,,,,,,,,1768294827727,1768467627929,5cb0b6fd-cf38-40cc-a5a5-671b05042004,40.846876129902,-73.905438954898,100,Bronx County,Open,FP,,,,,,,,,,,,,,,,,,,,,,,,,,,,
836,FP,,MISSION'S MINISTRY POP UP PANTRY (NEW JERSALEM WORSHIP CENTER),"122-05 Smith St, Jamaica, NY, 11434, USA",QN,11434,,,,,closed,,,,,closed,,,,,closed,,,,,open,02:30 PM,04:00 PM,,,closed,,,,,open,12:00 PM,03:00 PM,,,closed,,,,,,,,,,,,,,,,,,,,,,,,,,,,,,,,,,,,,,,,1775203224979,1776326424126,5aabe274-40ba-4a25-9f98-c988da07f4c9,40.679806652795,-73.778390592792,100,Queens County,Open,FP,,,,,,,,,,,,,,,,,,,,,,,,,,,,
837,FP,,"THE PRADO OF TRANSITIONING FORWARD, INC","225 E 149th St, Bronx, NY, 10451, USA",BX,10451,,,,,closed,,,,,closed,,,,,closed,,,,,closed,,,,,closed,,,,,open,12:00 PM,01:00 PM,,,closed,,,,,,,,,,,,,,,,,,,,,,,,,,,,,,,,,,,,,,,,1775203224979,1775289625174,b5a86257-009d-4bb0-ba8d-8fb39684f779,40.818167399065,-73.924741388264,100,Bronx County,Open,FP,,,,,,,,,,,,,,,,,,,,,,,,,,,,
838,FP,,POWERRAIN PENTECOSTAL INTERNATIONAL MINISTRIES INC,816 EAST 165TH ST,BX,10459,,,,,closed,,,,,closed,,,,,closed,,,,,closed,,,,,closed,,,,,open,10:00 AM,01:00 PM,,,closed,,,,,,,,,,,,,,,,,,,,,,,,,,,,,,,,,,,,,,,,1775203224979,1775548825779,77056beb-c08a-4497-bfb2-b0cb55339493,40.824175295804,-73.900914487383,100,Bronx County,Open,FP,,,,,,,,,,,,,,,,,,,,,,,,,,,,
839,FP,,FIRST GHANA SDA CHURCH,"45 Goble Pl, Bronx, NY, 10452, USA",BX,10452,,,,,closed,,,,,closed,,,,,closed,,,,,open,12:00 PM,03:00 PM,,,closed,,,,,closed,,,,,closed,,,,,,,,,,,,,,,,,,,,,,,,,,,,,,,,,,,,,,,,1775203224979,1775289625174,a1753f66-71cc-41db-bc0f-856d3e773e5d,40.84428364916,-73.916941524445,100,Bronx County,Open,FP,,,,,,,,,,,,,,,,,,,,,,,,,,,,
840,FP,,ENDTIME RESCUE INTERNATIONAL CHURCH ,"140-20 Bascom Ave, Jamaica, NY, 11436, USA",QN,11436,,,,,closed,,,,,closed,,,,,closed,,,,,closed,,,,,open,10:00 AM,01:00 PM,,,closed,,,,,closed,,,,,,,,,,,,,,,,,,,,,,,,,,,,,,,,,,,,,,,,1775203224979,1775289625174,8a04e57d-1c94-4c0b-8332-cb6662e8ca09,40.673324591794,-73.799347278569,100,Queens County,Open,FP,,,,,,,,,,,,,,,,,,,,,,,,,,,,
841,FP,,ELOHIM FOUNDATION INC,"4415 Glenwood Rd, Brooklyn, NY, 11203, USA",BK,11203,,,,,open,01:00 PM,02:00 PM,,,closed,,,,,closed,,,,,closed,,,,,closed,,,,,closed,,,,,closed,,,,,,,,,,,,,,,,,,,,,,,,,,,,,,,,,,,,,,,,1775203224979,1775203224979,87307590-ffb2-48cd-ba92-d33870be099a,40.634998968167,-73.933809182576,100,Kings County,Open,FP,,,,,,,,,,,,,,,,,,,,,,,,,,,,
842,FP,,CHURCH ALIVE DEVELOPMENT CORP,"315 E 170th St, Bronx, NY, 10456, USA",BX,10456,,,,,closed,,,,,closed,,,,,closed,,,,,closed,,,,,open,10:00 AM,01:00 PM,,,closed,,,,,closed,,,,,,,,,,,,,,,,,,,,,,,,,,,,,,,,,,,,,,,,1775203224979,1775289625174,47216352-7e81-4a19-ab72-7db17287f235,40.837402148562,-73.909791006665,100,Bronx County,Open,FP,,,,,,,,,,,,,,,,,,,,,,,,,,,,
843,FP,,BROWNSVILLE FRESH MARKET PANTRY,"315 Sutter Ave, Brooklyn, NY, 11212, USA",BK,11212,,,,,closed,,,,,closed,,,,,closed,,,,,closed,,,,,open,04:00 PM,05:00 PM,,,closed,,,,,closed,,,,,,,,,,,,,,,,,,,,,,,,,,,,,,,,,,,,,,,,1775203224979,1775203224979,c435ebd8-4102-482d-8f1f-13a7e5d6a431,40.667956611453,-73.908264997373,100,Kings County,Open,FP,,,,,,,,,,,,,,,,,,,,,,,,,,,,
844,FP,,INFO IN ERROR,123 ABC,BX,10462,,,,,,,,,,,,,,,,,,,,,,,,,,,,,,,,,,,,,,,,,,,,,,,,,,,,,,,,,,,,,,,,,,,,,,,,,,,1775289625174,1775548825779,75484e07-a077-4aa3-af16-afcf83da4dff,40.8375,-73.8637,83.66,Bronx County,Permanently Closed,FP,,,,,,,,,,,,,,,,,,,,,,,,,,,,
