FID,type_fp,type_sk,program,distadd,distboro,distzip,fp_days_orig,fp_hours_orig,sk_days_orig,sk_hours_orig,fp_mon,fp_mon_open1,fp_mon_close1,fp_mon_open2,fp_mon_close2,fp_tue,fp_tue_open1,fp_tue_close1,fp_tue_open2,fp_tue_close2,fp_wed,fp_wed_open1,fp_wed_close1,fp_wed_open2,fp_wed_close2,fp_thu,fp_thu_open1,fp_thu_close1,fp_thu_open2,fp_thu_close2,fp_fri,fp_fri_open1,fp_fri_close1,fp_fri_open2,fp_fri_close2,fp_sat,fp_sat_open1,fp_sat_close1,fp_sat_open2,fp_sat_close2,fp_sun,fp_sun_open1,fp_sun_close1,fp_sun_open2,fp_sun_close2,sk_mon,sk_mon_open1,sk_mon_close1,sk_mon_open2,sk_mon_close2,sk_tue,sk_tue_open1,sk_tue_close1,sk_tue_open2,sk_tue_close2,sk_wed,sk_wed_open1,sk_wed_close1,sk_wed_open2,sk_wed_close2,sk_thu,sk_thu_open1,sk_thu_close1,sk_thu_open2,sk_thu_close2,sk_fri,sk_fri_open1,sk_fri_close1,sk_fri_open2,sk_fri_close2,sk_sat,sk_sat_open1,sk_sat_close1,sk_sat_open2,sk_sat_close2,sk_sun,sk_sun_open1,sk_sun_close1,sk_sun_open2,sk_sun_close2,CreationDate,EditDate,GlobalID,lat,lon,address_score,subregion,status,program_type,fp_mon_open3,fp_mon_close3,fp_tue_open3,fp_tue_close3,fp_wed_open3,fp_wed_close3,fp_thu_open3,fp_thu_close3,fp_fri_open3,fp_fri_close3,fp_sat_open3,fp_sat_close3,fp_sun_open3,fp_sun_close3,sk_mon_open3,sk_mon_close3,sk_tue_open3,sk_tue_close3,sk_wed_open3,sk_wed_close3,sk_thu_open3,sk_thu_close3,sk_fri_open3,sk_fri_close3,sk_sat_open3,sk_sat_close3,sk_sun_open3,sk_sun_close3
1,FP,,CHURCH OF ST. NICHOLAS OF TOLENTINE,"2345 University Ave, Bronx, New York, 10468",BX,10468,TUE,9-11AM,,,closed,,,,,open,09:00 AM,11:00 AM,,,closed,,,,,closed,,,,,closed,,,,,closed,,,,,closed,,,,,,,,,,,,,,,,,,,,,,,,,,,,,,,,,,,,,,,,1680892750097,1732784422515,200d88be-6abe-44ff-a13a-769d8c9ef9a1,40.862216353818,-73.905672642358,100,Bronx County,Open,FP,,,,,,,,,,,,,,,,,,,,,,,,,,,,
2,FP,,BREAD OF LIFE FOOD PANTRY,"1104 Elder Ave, Bronx, New York, 10472",BX,10472,SAT,1:30 - 4:30PM,,,closed,,,,,closed,,,,,closed,,,,,closed,,,,,closed,,,,,open,01:30 PM,04:30 PM,,,closed,,,,,,,,,,,,,,,,,,,,,,,,,,,,,,,,,,,,,,,,1680892750097,1680892750097,4979e8c4-94af-485b-b826-e0134d818c94,40.8264247052495,-73.878539164494,100,Bronx County,Open,FP,,,,,,,,,,,,,,,,,,,,,,,,,,,,
4,FP,,CHANCE FOR CHILDREN,"11 Mc Keever Pl, Brooklyn, New York, 11225",BK,11225,FRI,10AM-12:30PM,,,closed,,,,,closed,,,,,closed,,,,,closed,,,,,open,10:00 AM,12:30 PM,,,closed,,,,,closed,,,,,,,,,,,,,,,,,,,,,,,,,,,,,,,,,,,,,,,,1680892750097,1680892750097,4548975a-8b70-4698-a35b-3eddb61704d7,40.6656935814143,-73.9584754472405,100,Kings County,Open,FP,,,,,,,,,,,,,,,,,,,,,,,,,,,,
6,FP,,HEALTH ESSENTIAL ASSOCIATION INC (BK),"2101 E 16th St, Brooklyn, New York, 11229",BK,11229,FRI (4TH),10AM-12PM,,,closed,,,,,closed,,,,,closed,,,,,closed,,,,,open,10:00 AM,12:00 PM,,,closed,,,,,closed,,,,,,,,,,,,,,,,,,,,,,,,,,,,,,,,,,,,,,,,1680892750097,1689798810685,e92cfeb9-cecb-4c99-aea5-2ae81d8dd267,40.598606630507,-73.955282193588,100,Kings County,Open,FP,,,,,,,,,,,,,,,,,,,,,,,,,,,,
10,FPHA,,AIDS CENTER OF QUEENS COUNTY (WOODSIDE),"62-07 Woodside Ave, Woodside, New York, 11377",QN,11377,"TUE, THUR",9-11AM,,,closed,,,,,open,08:00 AM,10:00 AM,,,closed,,,,,closed,,,,,closed,,,,,closed,,,,,closed,,,,,,,,,,,,,,,,,,,,,,,,,,,,,,,,,,,,,,,,1680892750097,1743148821665,eee81264-446f-4836-8ba4-1fd8e4b71782,40.744659030225,-73.902187195561,100,Queens County,Open,FP,,,,,,,,,,,,,,,,,,,,,,,,,,,,
11,FPHA,,AIDS CENTER OF QUEENS COUNTY (ACQC),"16-00 Central Ave, Far Rockaway, NY, 11691, USA",QN,11691,FRI,9:30-10:30AM,,,closed,,,,,closed,,,,,closed,,,,,closed,,,,,open,09:30 AM,10:30 AM,,,closed,,,,,closed,,,,,,,,,,,,,,,,,,,,,,,,,,,,,,,,,,,,,,,,1680892750097,1719475235062,01b60024-4e7a-45d9-af18-279087a2127c,40.60515532763915,-73.75217845372491,100,Queens County,Open,FP,,,,,,,,,,,,,,,,,,,,,,,,,,,,
17,FPHA,,AIDS CENTER OF QUEENS COUNTY (JAMAICA),"161-21 Jamaica Ave, Jamaica, New York, 11432",QN,11432,"TUE,THUR",8:30-11AM,,,closed,,,,,closed,,,,,closed,,,,,open,08:30 AM,09:30 AM,,,closed,,,,,closed,,,,,closed,,,,,,,,,,,,,,,,,,,,,,,,,,,,,,,,,,,,,,,,1680892750097,1701507622955,575f361b-edae-499d-9ecd-4436a73beffc,40.704402048469,-73.79790575886,100,Queens County,Open,FP,,,,,,,,,,,,,,,,,,,,,,,,,,,,
18,FP,,RIVERSIDE CHURCH FOOD PANTRY (FP),"91 Claremont Ave, New York, New York, 10027",NY,10027,"TUE,WED,FRI",9AM-1PM,,,closed,,,,,open,09:00 AM,01:00 PM,,,open,09:00 AM,01:00 PM,,,open,09:00 AM,01:00 PM,,,open,09:00 AM,01:00 PM,,,closed,,,,,closed,,,,,,,,,,,,,,,,,,,,,,,,,,,,,,,,,,,,,,,,1680892750097,1705136414075,230e6aa2-ff2d-49de-af8d-5ad7934c5a76,40.811964203982,-73.962512926181,100,New York County,Open,FP,,,,,,,,,,,,,,,,,,,,,,,,,,,,
19,FP,SK,BETH HARK CHRISTIAN COUNSELING CENTER,"1832 Madison Ave, New York, New York, 10035",NY,10035,,,,,closed,,,,,open,12:00 PM,02:00 PM,,,closed,,,,,open,11:00 AM,01:00 PM,,,closed,,,,,closed,,,,,closed,,,,,closed,,,,,closed,,,,,open,12:00 PM,02:00 PM,,,open,12:00 PM,02:00 PM,,,closed,,,,,closed,,,,,closed,,,,,1680892750097,1732093220663,20a47689-de61-426a-80fe-4d8380b62bfe,40.802320111917,-73.943367988776,100,New York County,Open,"FP,SK",,,,,,,,,,,,,,,,,,,,,,,,,,,,
20,FP,,HARLEM DOWLING WEST SIDE CENTER/SPECIALIZED SERVICES,"2139 Adam Clayton Powell Jr Blvd, New York, New York, 10027",NY,10027,FRI,12-2PM,,,closed,,,,,closed,,,,,closed,,,,,closed,,,,,open,12:00 PM,02:00 PM,,,closed,,,,,closed,,,,,,,,,,,,,,,,,,,,,,,,,,,,,,,,,,,,,,,,1680892750097,1680892750097,4a317184-8202-418d-91b7-98f068c3395b,40.810031630476,-73.9472302859403,100,New York County,Open,FP,,,,,,,,,,,,,,,,,,,,,,,,,,,,
22,,SK,ST. PETER'S CHURCH BREAKFAST PROGRAM,"619 Lexington Ave, New York, New York, 10022",NY,10022,,,,,,,,,,,,,,,,,,,,,,,,,,,,,,,,,,,,,,,,closed,,,,,open,07:15 AM,08:00 AM,,,closed,,,,,closed,,,,,closed,,,,,closed,,,,,closed,,,,,1680892750097,1680892750097,f5c6d99f-febb-4216-8646-87dc843ffc90,40.7586867319228,-73.9703800966825,100,New York County,Open,SK,,,,,,,,,,,,,,,,,,,,,,,,,,,,
23,,SK,CHRIST CHURCH UNITED METHODIST,"524 Park Ave, New York, NY, 10065, USA",NY,10065,,,,,,,,,,,,,,,,,,,,,,,,,,,,,,,,,,,,,,,,closed,,,,,closed,,,,,closed,,,,,closed,,,,,closed,,,,,closed,,,,,open,04:30 PM,06:00 PM,,,1680892750097,1680892750097,027928fa-f0c5-465d-930a-07d06c563d42,40.763942939585,-73.9694903576604,100,New York County,Open,SK,,,,,,,,,,,,,,,,,,,,,,,,,,,,
24,FP,,CONVENT AVENUE BAPTIST CHURCH,"425 W 144th St, New York, New York, 10031",NY,10031,,,,,open,09:00 AM,12:00 PM,,,closed,,,,,closed,,,,,closed,,,,,closed,,,,,closed,,,,,closed,,,,,,,,,,,,,,,,,,,,,,,,,,,,,,,,,,,,,,,,1680892750097,1693987213796,8b92571b-85d5-4f95-9126-7e0913cee710,40.823860597249,-73.946118007389,100,New York County,Open,FP,,,,,,,,,,,,,,,,,,,,,,,,,,,,
25,,SK,CATHEDRAL OF ST. JOHN THE DIVINE,"1047 Amsterdam Ave, New York, New York, 10025",NY,10025,,,,,,,,,,,,,,,,,,,,,,,,,,,,,,,,,,,,,,,,closed,,,,,closed,,,,,closed,,,,,closed,,,,,closed,,,,,closed,,,,,open,10:00 AM,03:00 PM,,,1680892750097,1680892750097,41b85d7f-689a-4f4c-9d87-86af1e44014b,40.8041168147717,-73.9625784726639,100,New York County,Open,SK,,,,,,,,,,,,,,,,,,,,,,,,,,,,
26,FP,,WESTSIDE CAMPAIGN AGAINST HUNGER,"263 W 86th St, New York, New York, 10024",NY,10024,TUE-FRI,9AM-1PM,,,closed,,,,,open,09:00 AM,01:00 PM,,,open,09:00 AM,01:00 PM,,,open,09:00 AM,01:00 PM,,,open,09:00 AM,01:00 PM,,,closed,,,,,closed,,,,,,,,,,,,,,,,,,,,,,,,,,,,,,,,,,,,,,,,1680892750097,1680892750097,0ccaf57e-be93-4256-8b83-53ce9b950d04,40.7888001020946,-73.9772663330553,100,New York County,Open,FP,,,,,,,,,,,,,,,,,,,,,,,,,,,,
31,FP,,MORIAH CITY COMMUNITY FOOD PANTRY,"206-14 Linden Blvd, Cambria Heights, New York, 11411",QN,11411,,,,,closed,,,,,closed,,,,,open,03:00 PM,05:00 PM,,,closed,,,,,closed,,,,,closed,,,,,closed,,,,,,,,,,,,,,,,,,,,,,,,,,,,,,,,,,,,,,,,1680892750097,1695196815677,8c54fc13-a19a-4115-ada3-e1ce3003d619,40.696176509697,-73.745540321686,100,Queens County,Open,FP,,,,,,,,,,,,,,,,,,,,,,,,,,,,
33,FP,,IGLESIA CRISTIANA EVANGELICA,"34-35 96th St, Corona, New York, 11368",QN,11368,SAT,11AM-12PM,,,closed,,,,,closed,,,,,closed,,,,,closed,,,,,closed,,,,,open,11:00 AM,12:00 PM,,,closed,,,,,,,,,,,,,,,,,,,,,,,,,,,,,,,,,,,,,,,,1680892750097,1680892750097,31b0d8ca-d342-468f-bc30-fccf5b1d3bc7,40.7539893876547,-73.8715487410648,100,Queens County,Open,FP,,,,,,,,,,,,,,,,,,,,,,,,,,,,
34,FP,,MT. OLIVET GOSPEL CHURCH,"33-27 97th St, Corona, New York, 11368",QN,11368,WED,5:30-6:30PM,,,closed,,,,,closed,,,,,open,05:30 PM,06:30 PM,,,closed,,,,,closed,,,,,closed,,,,,closed,,,,,,,,,,,,,,,,,,,,,,,,,,,,,,,,,,,,,,,,1680892750097,1680892750097,19887e6f-82e9-4c45-9840-450f932dd4e2,40.7560735059698,-73.8710050908248,100,Queens County,Open,FP,,,,,,,,,,,,,,,,,,,,,,,,,,,,
36,FP,,BETHANY PANTRY,"48-08 91st Pl, Elmhurst, New York, 11373",QN,11373,SAT ,9-10AM,,,closed,,,,,closed,,,,,closed,,,,,closed,,,,,closed,,,,,open,09:00 AM,10:00 AM,,,closed,,,,,,,,,,,,,,,,,,,,,,,,,,,,,,,,,,,,,,,,1680892750097,1680892750097,8bc197c9-80d1-4d5c-9015-39f5aba49b58,40.7414233222331,-73.8730636024257,100,Queens County,Open,FP,,,,,,,,,,,,,,,,,,,,,,,,,,,,
39,FP,,FIRST PRESBYTERIAN RUSSELL SAGE MEMORIAL CHURCH OF FAR ROCKAWAY,"896 Central Ave, Far Rockaway, NY, 11691, USA",QN,11691,SAT,9:30-10:30AM,,,closed,,,,,closed,,,,,closed,,,,,closed,,,,,closed,,,,,open,09:00 AM,10:30 AM,,,closed,,,,,,,,,,,,,,,,,,,,,,,,,,,,,,,,,,,,,,,,1680892750097,1733994033916,6447e8b4-b646-4943-8ae7-e737d670ebd3,40.610138340413,-73.744640161527,100,Queens County,Open,FP,,,,,,,,,,,,,,,,,,,,,,,,,,,,
41,FP,,CHAZAQ,"141-47 72nd Ave, Flushing, New York, 11367",QN,11367,,,,,closed,,,,,open,02:30 PM,05:00 PM,,,closed,,,,,closed,,,,,closed,,,,,closed,,,,,closed,,,,,,,,,,,,,,,,,,,,,,,,,,,,,,,,,,,,,,,,1680892750097,1720598414139,fc593f57-82c5-4740-9d8d-a29374d8b5cd,40.72673558757,-73.822208248927,100,Queens County,Open,FP,,,,,,,,,,,,,,,,,,,,,,,,,,,,
42,FP,,FOOD SHARING WITH OUR NEIGHBORS PROGRAMS (FP),"38-24 149th St, Flushing, New York, 11354",QN,11354,,,,,closed,,,,,closed,,,,,closed,,,,,open,10:00 AM,12:00 PM,,,closed,,,,,closed,,,,,closed,,,,,,,,,,,,,,,,,,,,,,,,,,,,,,,,,,,,,,,,1680892750097,1697097617869,0266190d-1a78-4ad5-96b5-e5fba57abb84,40.763794537989,-73.816887165334,100,Queens County,Open,FP,,,,,,,,,,,,,,,,,,,,,,,,,,,,
46,FPK,,QUEENS JEWISH COMMUNITY COUNCIL,"119-45 Union Tpke, Forest Hills, New York, 11375",QN,11375,M-THUR,11AM-2PM,,,open,11:00 AM,02:00 PM,,,open,11:00 AM,02:00 PM,,,open,11:00 AM,02:00 PM,,,open,11:00 AM,02:00 PM,,,closed,,,,,closed,,,,,closed,,,,,,,,,,,,,,,,,,,,,,,,,,,,,,,,,,,,,,,,1680892750097,1680892750097,d01c2267-ca95-454e-8f29-f9e234077126,40.7140070808651,-73.8323344261536,100,Queens County,Open,FP,,,,,,,,,,,,,,,,,,,,,,,,,,,,
47,FP,,THE LEGACY CENTER COMMUNITY DEVELOPMENT CORP,"71-02 Cypress Hills St, Ridgewood, NY, 11385, USA",QN,11385,THUR,9AM-1PM,,,closed,,,,,closed,,,,,closed,,,,,open,09:00 AM,12:00 PM,,,closed,,,,,closed,,,,,closed,,,,,,,,,,,,,,,,,,,,,,,,,,,,,,,,,,,,,,,,1680892750097,1756368017803,2fce6093-f825-448d-81fe-85c4bcebc3aa,40.70174687109,-73.89255311987,100,Queens County,Open,FP,,,,,,,,,,,,,,,,,,,,,,,,,,,,
50,FP,,OUR LADY OF GRACE MINISTRY,"158-10 101st St, Howard Beach, New York, 11414",QN,11414,TUE,10AM-12PM,,,closed,,,,,open,10:30 AM,12:00 PM,,,closed,,,,,closed,,,,,closed,,,,,closed,,,,,closed,,,,,,,,,,,,,,,,,,,,,,,,,,,,,,,,,,,,,,,,1680892750097,1720512021941,83a43075-a35b-490e-8261-8d1d5090e5b4,40.660986681777,-73.832888889049,100,Queens County,Open,FP,,,,,,,,,,,,,,,,,,,,,,,,,,,,
59,FP,,GETHSEMANE SEVENTH DAY ADVENTIST CHURCH,"357 Empire Blvd, Brooklyn, New York, 11225",BK,11225,SUN/WED,12-1PM/5-6PM,,,closed,,,,,closed,,,,,open,05:00 PM,06:00 PM,,,closed,,,,,closed,,,,,closed,,,,,open,12:00 PM,01:00 PM,,,,,,,,,,,,,,,,,,,,,,,,,,,,,,,,,,,,,,1680892750097,1733994033916,066e6df9-5b91-4884-b35e-14c93d112e15,40.664109946538,-73.950237293705,100,Kings County,Open,FP,,,,,,,,,,,,,,,,,,,,,,,,,,,,
60,FP,,GLOVER MEMORIAL BREAD OF LIFE FOOD PANTRY (FP),"2134 Dean St, Brooklyn, New York, 11233",BK,11233,,,,,closed,,,,,closed,,,,,closed,,,,,open,09:00 AM,11:30 AM,,,closed,,,,,closed,,,,,closed,,,,,,,,,,,,,,,,,,,,,,,,,,,,,,,,,,,,,,,,1680892750097,1760083215589,a7ddf956-c68d-49c7-a658-501b15aaa7bf,40.674917488673,-73.917033976837,100,Kings County,Open,FP,,,,,,,,,,,,,,,,,,,,,,,,,,,,
61,FP,,GOD'S BATTALION OF PRAYER CHURCH,"661 Linden Blvd, Brooklyn, New York, 11203",BK,11203,"TUE,THUR",9AM-12PM,,,closed,,,,,open,09:00 AM,12:00 PM,,,closed,,,,,open,09:00 AM,12:00 PM,,,closed,,,,,closed,,,,,closed,,,,,,,,,,,,,,,,,,,,,,,,,,,,,,,,,,,,,,,,1680892750097,1733994033916,c684d00e-e991-439f-803f-1e0ba325d456,40.653831679678,-73.933806165091,100,Kings County,Open,FP,,,,,,,,,,,,,,,,,,,,,,,,,,,,
67,FP,,GRANT HOUSE UNITY CORPORATION,"2046 Flatbush Ave, Brooklyn, New York, 11234",BK,11234,"W,THU,SAT",11AM-4PM,,,closed,,,,,closed,,,,,open,11:00 AM,04:00 PM,,,open,11:00 AM,04:00 PM,,,closed,,,,,closed,,,,,closed,,,,,,,,,,,,,,,,,,,,,,,,,,,,,,,,,,,,,,,,1680892750097,1680892750097,c37b7bf8-e586-4f2a-8dee-8e3f99957ee5,40.6198947367351,-73.9341653296417,100,Kings County,Open,FP,,,,,,,,,,,,,,,,,,,,,,,,,,,,
68,FP,,GREENPOINT REFORMED CHURCH FOOD PANTRY (FP),"136 Milton St, Brooklyn, New York, 11222",BK,11222,THUR,4-7PM,,,closed,,,,,closed,,,,,closed,,,,,open,04:00 PM,07:00 PM,,,closed,,,,,closed,,,,,closed,,,,,,,,,,,,,,,,,,,,,,,,,,,,,,,,,,,,,,,,1680892750097,1748073613735,234c8a4b-61e8-4e7f-a3ab-0abae97557e5,40.729274549861,-73.954981283264,100,Kings County,Open,FP,,,,,,,,,,,,,,,,,,,,,,,,,,,,
69,FP,,HANSON PLACE SEVENTH DAY ADVENTIST CHURCH (FP),"88 Hanson Pl, Brooklyn, NY, 11217, USA",BK,11217,THUR,1:30-5PM,,,closed,,,,,closed,,,,,closed,,,,,open,01:30 PM,05:00 PM,,,closed,,,,,closed,,,,,closed,,,,,,,,,,,,,,,,,,,,,,,,,,,,,,,,,,,,,,,,1680892750097,1726041623120,afb2ec47-38f9-443e-871d-ce8451dc5a68,40.685432837664,-73.974032259534,100,Kings County,Open,FP,,,,,,,,,,,,,,,,,,,,,,,,,,,,
70,FP,,HEALTH ESSENTIAL ASSOCIATION CPMM,"2336 86th St, Brooklyn, New York, 11214",BK,11214,"THUR (1,3)",10AM-12PM,,,closed,,,,,closed,,,,,closed,,,,,open,10:00 AM,12:00 PM,,,closed,,,,,closed,,,,,closed,,,,,,,,,,,,,,,,,,,,,,,,,,,,,,,,,,,,,,,,1680892750097,1680892750097,45a65375-8a8d-435c-931a-5fad8ea5a621,40.5998786262236,-73.9907439304473,100,Kings County,Open,FP,,,,,,,,,,,,,,,,,,,,,,,,,,,,
72,FP,,HOLDING HANDS MINISTRIES (FP),"2828 Neptune Ave, Brooklyn, NY, 11224, USA",BK,11224,,,,,closed,,,,,closed,,,,,closed,,,,,closed,,,,,open,04:00 PM,08:00 PM,,,closed,,,,,closed,,,,,,,,,,,,,,,,,,,,,,,,,,,,,,,,,,,,,,,,1680892750097,1767862867625,6784296f-6a17-452c-a005-9bd60c0fabd2,40.577606945568,-73.995632424017,100,Kings County,Open,FP,,,,,,,,,,,,,,,,,,,,,,,,,,,,
73,FP,,HOLY CROSS FOOD PANTRY - BROOKLYN,"2530 Church Ave, Brooklyn, New York, 11226",BK,11226,"TUE,THUR",2-3:30PM,,,closed,,,,,open,02:00 PM,03:30 PM,,,closed,,,,,open,02:00 PM,03:30 PM,,,closed,,,,,closed,,,,,closed,,,,,,,,,,,,,,,,,,,,,,,,,,,,,,,,,,,,,,,,1680892750097,1733994033916,959e4f6c-a87f-44f5-99c9-0157422df7eb,40.650442624768,-73.953526184873,100,Kings County,Open,FP,,,,,,,,,,,,,,,,,,,,,,,,,,,,
76,FP,,HOPE CENTER DEVELOPMENT CORPORATION,"414 E 95th St, Brooklyn, New York, 11212",BK,11212,"SAT(1,2,3,4)",11AM-1:30PM,,,closed,,,,,closed,,,,,closed,,,,,closed,,,,,closed,,,,,open,11:00 AM,01:30 PM,,,closed,,,,,,,,,,,,,,,,,,,,,,,,,,,,,,,,,,,,,,,,1680892750097,1680892750097,61e25194-a5ae-478c-ab55-c992447b832e,40.6570453432654,-73.9186232694977,100,Kings County,Open,FP,,,,,,,,,,,,,,,,,,,,,,,,,,,,
78,FP,,HOREB SEVENTH DAY ADVENTIST COMMUNITY SERVICES,"520 Kingston Ave, Brooklyn, New York, 11225",BK,11225,TUE,10-11AM,,,closed,,,,,open,10:00 AM,11:00 AM,,,closed,,,,,closed,,,,,closed,,,,,closed,,,,,closed,,,,,,,,,,,,,,,,,,,,,,,,,,,,,,,,,,,,,,,,1680892750097,1719475235062,21178803-e2f4-4e06-b5c6-88e5fb29fc60,40.66105688021568,-73.94282819421163,100,Kings County,Open,FP,,,,,,,,,,,,,,,,,,,,,,,,,,,,
80,FP,,ICNA RELIEF USA FOOD PANTRY,"281 Neptune Ave, Brooklyn, NY, 11235, USA",BK,11235,MON,11AM-1PM,,,open,12:00 PM,01:00 PM,,,closed,,,,,closed,,,,,closed,,,,,closed,,,,,closed,,,,,closed,,,,,,,,,,,,,,,,,,,,,,,,,,,,,,,,,,,,,,,,1680892750097,1775894425237,ef099605-7261-46bf-8091-292bfbe6d725,40.581370168636,-73.96376392523,100,Kings County,Open,FP,,,,,,,,,,,,,,,,,,,,,,,,,,,,
82,FP,,IMMANUEL FIRST SPANISH UNITED METHODIST CHURCH,"424 Dean St, Brooklyn, New York, 11217",BK,11217,TUE,1-2:45PM,,,closed,,,,,open,01:00 PM,02:45 PM,,,closed,,,,,closed,,,,,closed,,,,,closed,,,,,closed,,,,,,,,,,,,,,,,,,,,,,,,,,,,,,,,,,,,,,,,1680892750097,1680892750097,c90efb84-e90b-40bd-8123-6481146ed7f0,40.6822239517617,-73.9771723719207,100,Kings County,Open,FP,,,,,,,,,,,,,,,,,,,,,,,,,,,,
83,FP,,INTERNATIONAL PENTECOSTAL CITY MISSION,"9202 Church Ave, Brooklyn, New York, 11236",BK,11236,SAT,11AM-1PM,,,closed,,,,,closed,,,,,closed,,,,,closed,,,,,closed,,,,,open,11:00 AM,01:00 PM,,,closed,,,,,,,,,,,,,,,,,,,,,,,,,,,,,,,,,,,,,,,,1680892750097,1680892750097,c4c7551e-3d46-44cc-b92f-817fb8b7c383,40.6538787021553,-73.9180204430213,100,Kings County,Open,FP,,,,,,,,,,,,,,,,,,,,,,,,,,,,
85,FP,,KINGLAWN UNITED PRESBYTERIAN CHURCH,"2368 Ralph Ave, Brooklyn, New York, 11234",BK,11234,,,,,closed,,,,,closed,,,,,closed,,,,,closed,,,,,closed,,,,,open,10:00 AM,11:00 AM,,,closed,,,,,,,,,,,,,,,,,,,,,,,,,,,,,,,,,,,,,,,,1680892750097,1772614828891,72ccae17-f4ef-406e-89a7-947c6d4608b6,40.620229326231,-73.917413365069,100,Kings County,Open,FP,,,,,,,,,,,,,,,,,,,,,,,,,,,,
87,FP,,LADIES IN WAITING,"276 Fenimore St, Brooklyn, New York, 11225",BK,11225,TUE,10AM-1PM,,,closed,,,,,open,10:00 AM,01:00 PM,,,closed,,,,,closed,,,,,closed,,,,,closed,,,,,closed,,,,,,,,,,,,,,,,,,,,,,,,,,,,,,,,,,,,,,,,1680892750097,1680892750097,7bb86688-9a3a-4d08-8045-b46ef1b3229a,40.6583750902947,-73.9536245045967,100,Kings County,Open,FP,,,,,,,,,,,,,,,,,,,,,,,,,,,,
88,FP,,LAS MARAVILLAS DEL EXODO,"302 Elton St, Brooklyn, New York, 11208",BK,11208,WED,9AM-12PM,,,closed,,,,,closed,,,,,open,09:00 AM,11:00 AM,,,closed,,,,,closed,,,,,closed,,,,,closed,,,,,,,,,,,,,,,,,,,,,,,,,,,,,,,,,,,,,,,,1680892750097,1764061215788,890604e9-b028-4a26-a4bf-b757de22343d,40.675856387557,-73.884051942213,100,Kings County,Open,FP,,,,,,,,,,,,,,,,,,,,,,,,,,,,
89,FP,,LIFEBRIDGENY/BKPANTRY,"1895 Flatbush Ave, Brooklyn, New York, 11210",BK,11210,TUE-FRI,10AM-6PM,,,closed,,,,,open,10:00 AM,06:00 PM,,,open,10:00 AM,06:00 PM,,,open,10:00 AM,06:00 PM,,,open,10:00 AM,06:00 PM,,,closed,,,,,closed,,,,,,,,,,,,,,,,,,,,,,,,,,,,,,,,,,,,,,,,1680892750097,1680892750097,046c8eec-004d-499f-b398-ffc23256d338,40.6235013858525,-73.9375453320972,100,Kings County,Open,FP,,,,,,,,,,,,,,,,,,,,,,,,,,,,
91,FP,,LITTLE JERUSALEM HOUSE OF PRAYER,"447 Herzl St, Brooklyn, New York, 11212",BK,11212,"SAT (2,4)",1-2PM,,,closed,,,,,closed,,,,,closed,,,,,closed,,,,,closed,,,,,open,01:00 PM,01:00 PM,,,closed,,,,,,,,,,,,,,,,,,,,,,,,,,,,,,,,,,,,,,,,1680892750097,1735635620153,28556d48-ee94-447b-a12a-c4d2ab1ef71d,40.658941581221,-73.91270614877,100,Kings County,Open,FP,,,,,,,,,,,,,,,,,,,,,,,,,,,,
93,FP,,MAKE THE ROAD NEW YORK              (BK),"301 Grove St, Brooklyn, NY, 11237, USA",BK,11237,"MON,FRI(APPT ONLY)",9:30AM-2:30PM,,,closed,,,,,closed,,,,,closed,,,,,closed,,,,,open,08:00 AM,11:00 AM,,,closed,,,,,closed,,,,,,,,,,,,,,,,,,,,,,,,,,,,,,,,,,,,,,,,1680892750097,1719475235062,03c7d75f-7f7c-45f2-8bc3-9f0b86f09d8b,40.6984242008526,-73.91579739466114,100,Kings County,Open,FP,,,,,,,,,,,,,,,,,,,,,,,,,,,,
94,FP,,MAMRE ENRICHMENT PROGRAM (FP),"1623 Utica Ave, Brooklyn, New York, 11234",BK,11234,"WED(3),SUN(1ST)",10AM-12PM,,,closed,,,,,closed,,,,,closed,,,,,closed,,,,,closed,,,,,closed,,,,,open,10:00 AM,12:00 PM,,,,,,,,,,,,,,,,,,,,,,,,,,,,,,,,,,,,,,1680892750097,1732006821950,6702483d-2258-44b4-8ce9-4e8b43adb64d,40.632633175995,-73.928144440953,100,Kings County,Open,FP,,,,,,,,,,,,,,,,,,,,,,,,,,,,
97,FP,,MOUNT CARMEL WORSHIP AND OUTREACH CENTER (FP),"784 E 46th St, Brooklyn, New York, 11203",BK,11203,MON,12-2PM,,,open,12:00 PM,02:00 PM,,,closed,,,,,closed,,,,,closed,,,,,closed,,,,,closed,,,,,closed,,,,,,,,,,,,,,,,,,,,,,,,,,,,,,,,,,,,,,,,1680892750097,1705050013610,aa6ffb17-920a-491e-a127-625cc7173034,40.642163441815,-73.933387908122,100,Kings County,Open,FP,,,,,,,,,,,,,,,,,,,,,,,,,,,,
99,FP,,MOVEMENT OF PENTECOSTAL CHRISTIAN CHURCH,"90 92nd St, Brooklyn, New York, 11209",BK,11209,SUN,12:30-2PM,,,closed,,,,,closed,,,,,closed,,,,,closed,,,,,closed,,,,,closed,,,,,open,12:30 PM,02:00 PM,,,,,,,,,,,,,,,,,,,,,,,,,,,,,,,,,,,,,,1680892750097,1734512421307,bf908c4e-bbc5-4fb8-ace5-f01b2b5d3c74,40.620561271594,-74.038228767017,100,Kings County,Open,FP,,,,,,,,,,,,,,,,,,,,,,,,,,,,
100,FP,,MT. HEBRON CHURCH OF CHRIST (FP),"905 Sutter Ave, Brooklyn, NY, 11207, USA",BK,11207,,,,,closed,,,,,closed,,,,,closed,,,,,open,11:30 AM,01:00 PM,,,closed,,,,,closed,,,,,closed,,,,,,,,,,,,,,,,,,,,,,,,,,,,,,,,,,,,,,,,1680892750097,1745568020671,41296a05-c133-4c17-98ee-6d9a999ea5cc,40.671011312246,-73.884983004017,100,Kings County,Open,FP,,,,,,,,,,,,,,,,,,,,,,,,,,,,
104,FP,,MUNA SOCIAL SERVICE INC (FPH),"1033 Glenmore Ave, Brooklyn, New York, 11208",BK,11208,"TUE, SAT ",1-5PM,,,closed,,,,,closed,,,,,open,03:00 PM,05:00 PM,,,closed,,,,,closed,,,,,closed,,,,,closed,,,,,,,,,,,,,,,,,,,,,,,,,,,,,,,,,,,,,,,,1680892750097,1734512421307,cc76d169-c2a8-498f-ad8c-8dccb6469eae,40.676876507083,-73.871840598933,100,Kings County,Open,FP,,,,,,,,,,,,,,,,,,,,,,,,,,,,
105,FP,,NEW LIFE SEVENTH DAY ADVENTIST CHURCH,"885 Thomas S Boyland St, Brooklyn, New York, 11212",BK,11212,SUN/MON/TUE,8-10AM/5-7PM/6-8PM,,,open,05:00 PM,07:00 PM,,,open,06:00 PM,08:00 PM,,,closed,,,,,closed,,,,,closed,,,,,closed,,,,,open,08:00 AM,10:00 AM,,,,,,,,,,,,,,,,,,,,,,,,,,,,,,,,,,,,,,1680892750097,1719475235062,5314660a-f4dd-4079-b190-79e6701854c4,40.65869268060601,-73.91063858471375,100,Kings County,Open,FP,,,,,,,,,,,,,,,,,,,,,,,,,,,,
106,FP,,NEWMAN MEMORIAL UNITED METHODIST CHURCH COMMUNITY DEVELOPMENT CORPORATION,"257 Macon St, Brooklyn, New York, 11216",BK,11216,WED,10AM-1PM,,,closed,,,,,closed,,,,,closed,,,,,closed,,,,,closed,,,,,open,10:00 AM,02:00 PM,,,closed,,,,,,,,,,,,,,,,,,,,,,,,,,,,,,,,,,,,,,,,1680892750097,1719475235062,68ee3079-5494-46f6-9789-6a3527e0046d,40.68219650102881,-73.94101862513507,100,Kings County,Open,FP,,,,,,,,,,,,,,,,,,,,,,,,,,,,
107,FP,,NORTHEAST BROOKLYN HOUSING DEVELOPMENT CORPORATION (83344),"376 Throop Ave, Brooklyn, New York, 11221",BK,11221,"TUE,THUR",9AM-12PM,,,closed,,,,,open,09:00 AM,12:00 PM,,,closed,,,,,open,09:00 AM,12:00 PM,,,closed,,,,,open,10:00 AM,12:00 PM,,,closed,,,,,,,,,,,,,,,,,,,,,,,,,,,,,,,,,,,,,,,,1680892750097,1695283217670,860ab6f6-4cf0-471e-ac0d-8592a5d78b68,40.691356747733,-73.942750913064,100,Kings County,Open,FP,,,,,,,,,,,,,,,,,,,,,,,,,,,,
108,FP,,OPEN DOOR FAMILY LIFE CENTER INC,"999 Greene Ave, Brooklyn, New York, 11221",BK,11221,SAT,8:30-10:30AM,,,closed,,,,,closed,,,,,closed,,,,,closed,,,,,closed,,,,,open,08:30 AM,10:30 AM,,,closed,,,,,,,,,,,,,,,,,,,,,,,,,,,,,,,,,,,,,,,,1680892750097,1680892750097,201f721c-636b-4c16-bbff-299db77cab30,40.691297110492,-73.9270092798057,100,Kings County,Open,FP,,,,,,,,,,,,,,,,,,,,,,,,,,,,
109,FP,,OPEN DOOR TO HEAVEN OUTREACH MINISTRY INC,"474 Shepherd Ave, Brooklyn, New York, 11208",BK,11208,"SAT (1,3)",12:30-1:30PM,,,closed,,,,,closed,,,,,closed,,,,,closed,,,,,closed,,,,,open,01:00 PM,02:00 PM,,,closed,,,,,,,,,,,,,,,,,,,,,,,,,,,,,,,,,,,,,,,,1680892750097,1708506015263,b2beb47a-9745-4a4f-9ff2-11f7cb33baab,40.672654458635,-73.880570183452,100,Kings County,Open,FP,,,,,,,,,,,,,,,,,,,,,,,,,,,,
110,FP,,OUR LADY OF ANGELS HUMAN SERVICES,"336 73rd St, Brooklyn, New York, 11209",BK,11209,WED,9:30AM-12PM&1:30-3PM,,,closed,,,,,closed,,,,,open,09:30 AM,12:00 PM,01:30 PM,03:00 PM,closed,,,,,closed,,,,,closed,,,,,closed,,,,,,,,,,,,,,,,,,,,,,,,,,,,,,,,,,,,,,,,1680892750097,1680892750097,3e87d470-ecd0-4a45-a339-37ba00901a1a,40.6324515820632,-74.026148167451,100,Kings County,Open,FP,,,,,,,,,,,,,,,,,,,,,,,,,,,,
111,FP,,OUR LADY OF MERCY CHURCH (FP),"680 Mother Gaston Blvd, Brooklyn, New York, 11212",BK,11212,"MON,FRI",9-11AM,,,closed,,,,,closed,,,,,closed,,,,,closed,,,,,open,09:30 AM,11:30 AM,,,closed,,,,,closed,,,,,,,,,,,,,,,,,,,,,,,,,,,,,,,,,,,,,,,,1680892750097,1759996817596,77d0144f-e95c-4af6-a43d-1bcf23dd4959,40.662055248703,-73.905076689043,100,Kings County,Open,FP,,,,,,,,,,,,,,,,,,,,,,,,,,,,
112,FP,,OUR LADY OF MIRACLES-CANARSIE CLUSTER CENTER,"757 E 86th St, Brooklyn, New York, 11236",BK,11236,SAT,10-11:30AM,,,closed,,,,,closed,,,,,closed,,,,,closed,,,,,closed,,,,,open,10:00 AM,11:30 AM,,,closed,,,,,,,,,,,,,,,,,,,,,,,,,,,,,,,,,,,,,,,,1680892750097,1680892750097,1f9d4e2e-d1ff-4742-8cd3-62d4e3811e3d,40.6388220799336,-73.9092268207619,100,Kings County,Open,FP,,,,,,,,,,,,,,,,,,,,,,,,,,,,
113,FP,,OUR LADY OF REFUGE R.C. CHURCH (FP),"2020 Foster Ave, Brooklyn, New York, 11210",BK,11210,,,,,closed,,,,,closed,,,,,open,10:00 AM,01:00 PM,,,closed,,,,,closed,,,,,closed,,,,,closed,,,,,,,,,,,,,,,,,,,,,,,,,,,,,,,,,,,,,,,,1680892750097,1725523228650,cb12a88f-b43d-47e1-882e-e0a5e938830b,40.63650066994,-73.957710682395,100,Kings County,Open,FP,,,,,,,,,,,,,,,,,,,,,,,,,,,,
115,FP,,PAYO FOOD PANTRY,"1045 Coney Island Ave, Brooklyn, New York, 11230",BK,11230,THUR,3-5PM,,,closed,,,,,closed,,,,,closed,,,,,open,03:00 PM,05:00 PM,,,closed,,,,,closed,,,,,closed,,,,,,,,,,,,,,,,,,,,,,,,,,,,,,,,,,,,,,,,1680892750097,1680892750097,2c6b0568-09cb-4d8e-af17-165e156d32d8,40.6321952634641,-73.9665352338769,100,Kings County,Open,FP,,,,,,,,,,,,,,,,,,,,,,,,,,,,
116,FP,,BAY RIDGE COMMMUNITY DEVELOPMENT CENTER (BRCDC) ,9818 FORT HAMILTON PARKWAY,BK,11209,MON-FRI,8AM-6PM,,,closed,,,,,closed,,,,,closed,,,,,closed,,,,,closed,,,,,open,11:00 AM,02:00 PM,,,closed,,,,,,,,,,,,,,,,,,,,,,,,,,,,,,,,,,,,,,,,1680892750097,1732093220663,6bd1fcf7-6a60-4047-ab58-c35162a86ff0,40.612839688832,-74.031330949641,100,Kings County,Open,FP,,,,,,,,,,,,,,,,,,,,,,,,,,,,
118,FP,,BAY VIEW HOUSES RESIDENT ASSOCIATION,"2085 Rockaway Pkwy, Brooklyn, New York, 11236",BK,11236,THUR,10AM-2PM,,,closed,,,,,closed,,,,,closed,,,,,open,09:30 AM,12:30 PM,,,closed,,,,,closed,,,,,closed,,,,,,,,,,,,,,,,,,,,,,,,,,,,,,,,,,,,,,,,1680892750097,1749715214302,913fae1f-3204-4eea-a358-0924fbc97604,40.632865564261,-73.886955349653,100,Kings County,Open,FP,,,,,,,,,,,,,,,,,,,,,,,,,,,,
119,FP,,BEDFORD CENTRAL PRESBYTERIAN CHURCH,"1200 Dean St, Brooklyn, New York, 11216",BK,11216,,,,,closed,,,,,closed,,,,,closed,,,,,open,10:30 AM,02:30 PM,,,closed,,,,,closed,,,,,closed,,,,,,,,,,,,,,,,,,,,,,,,,,,,,,,,,,,,,,,,1680892750097,1728633619936,488ba78a-9307-4dfd-97b3-1a3b818a32cf,40.676728943678,-73.949583589076,100,Kings County,Open,FP,,,,,,,,,,,,,,,,,,,,,,,,,,,,
121,FP,,BETHANIE FRENCH SEVENTH-DAY ADVENTIST CHURCH,"2059 Bedford Ave, Brooklyn, New York, 11226",BK,11226,FRI,2-4PM,,,closed,,,,,closed,,,,,closed,,,,,open,10:00 AM,12:00 PM,,,closed,,,,,closed,,,,,closed,,,,,,,,,,,,,,,,,,,,,,,,,,,,,,,,,,,,,,,,1680892750097,1729238421086,8f4478ed-861a-41a1-9875-1805ca75ecb9,40.654484001293,-73.956077049466,100,Kings County,Open,FP,,,,,,,,,,,,,,,,,,,,,,,,,,,,
122,FP,,BETHLEM NATION'S FOOD PANTRY,"1962 Linden Blvd, Brooklyn, New York, 11207",BK,11207,SAT (4TH ONLY),12-2PM,,,closed,,,,,closed,,,,,closed,,,,,closed,,,,,closed,,,,,open,10:00 AM,12:00 PM,,,closed,,,,,,,,,,,,,,,,,,,,,,,,,,,,,,,,,,,,,,,,1680892750097,1732093220663,74286c74-891c-458e-8f7c-235162b4a6eb,40.658848374458,-73.889329607547,100,Kings County,Open,FP,,,,,,,,,,,,,,,,,,,,,,,,,,,,
123,FP,,BEULAH CHURCH OF GOD IN CHRIST JESUS,"956 Marcy Ave, Brooklyn, New York, 11216",BK,11216,,,,,closed,,,,,open,10:30 AM,01:00 PM,,,closed,,,,,open,10:30 AM,01:00 PM,,,closed,,,,,closed,,,,,closed,,,,,,,,,,,,,,,,,,,,,,,,,,,,,,,,,,,,,,,,1680892750097,1725436827791,20bfdf5a-ee50-4ddc-a36c-8bdade6296d1,40.680625564736,-73.946439369557,100,Kings County,Open,FP,,,,,,,,,,,,,,,,,,,,,,,,,,,,
126,FP,,BLESSED SACRAMENT CHURCH (BKLYN),"198 Euclid Ave, Brooklyn, NY, 11208, USA",BK,11208,WED,9:30-11:30AM,,,closed,,,,,closed,,,,,open,09:30 AM,11:30 AM,,,closed,,,,,closed,,,,,closed,,,,,closed,,,,,,,,,,,,,,,,,,,,,,,,,,,,,,,,,,,,,,,,1680892750097,1732093220663,e08cfb51-c458-4b59-a756-541ce2c8c55d,40.683681103719,-73.874456088,100,Kings County,Open,FP,,,,,,,,,,,,,,,,,,,,,,,,,,,,
129,FP,,BROOKLYN MEAL SHARE (FP),"1323 Foster Ave, Brooklyn, New York, 11230",BK,11230,"SAT,SUN",4-6PM,,,closed,,,,,closed,,,,,closed,,,,,closed,,,,,closed,,,,,open,05:00 PM,07:00 PM,,,closed,,,,,,,,,,,,,,,,,,,,,,,,,,,,,,,,,,,,,,,,1680892750097,1712995228639,eb537f82-04f7-4acc-b6b9-e3552c5e985c,40.633708741811,-73.964178494161,100,Kings County,Open,FP,,,,,,,,,,,,,,,,,,,,,,,,,,,,
130,FP,,BROOKLYN RESCUE MISSION URBAN HARVEST CENTER INC (FP),"426 Decatur St, Brooklyn, NY, 11233, USA",BK,11233,,,,,closed,,,,,open,09:45 AM,10:45 AM,,,open,09:45 AM,10:45 AM,,,closed,,,,,closed,,,,,closed,,,,,closed,,,,,,,,,,,,,,,,,,,,,,,,,,,,,,,,,,,,,,,,1680892750097,1771405229423,0a3af9c8-f2cf-4299-8935-a1d8ae0a0a28,40.682123159376,-73.925749060663,100,Kings County,Open,FP,,,,,,,,,,,,,,,,,,,,,,,,,,,,
132,FP,,BROWN MEMORIAL BAPTIST CHURCH FOOD PANTRY,"484 Washington Ave, Brooklyn, NY, 11238, USA",BK,11238,,,,,closed,,,,,closed,,,,,closed,,,,,open,01:00 PM,04:00 PM,,,closed,,,,,closed,,,,,closed,,,,,,,,,,,,,,,,,,,,,,,,,,,,,,,,,,,,,,,,1680892750097,1780473618609,682b68af-7d81-469e-8eb8-c87a3519b4b0,40.684298053702,-73.965235535971,100,Kings County,Open,FP,,,,,,,,,,,,,,,,,,,,,,,,,,,,
133,FP,,BROWNSVILLE TEMPLE SEVENTH DAY ADVENTIST CHURCH,"1089 Clarkson Ave, Brooklyn, New York, 11212",BK,11212,"SUN (1,3)",11AM-1PM,,,closed,,,,,closed,,,,,closed,,,,,closed,,,,,closed,,,,,closed,,,,,open,11:00 AM,01:00 PM,,,,,,,,,,,,,,,,,,,,,,,,,,,,,,,,,,,,,,1680892750097,1748073613735,e1b4a927-ce5e-4883-a12c-e46c6a64e83d,40.659960694918,-73.922167305798,100,Kings County,Open,FP,,,,,,,,,,,,,,,,,,,,,,,,,,,,
134,FP,,CALVARY PENTECOSTAL CHURCH,"151 Woodruff Ave, Brooklyn, New York, 11226",BK,11226,THUR,10AM-12PM,,,closed,,,,,closed,,,,,closed,,,,,open,10:00 AM,12:00 PM,,,closed,,,,,closed,,,,,closed,,,,,,,,,,,,,,,,,,,,,,,,,,,,,,,,,,,,,,,,1680892750097,1680892750097,af86109c-11d9-4869-90d6-eb571ca39eb4,40.6544636751779,-73.9610806265665,100,Kings County,Open,FP,,,,,,,,,,,,,,,,,,,,,,,,,,,,
135,FP,,CAMP FRIENDSHIP FOOD PANTRY IN PARK SLOPE,"339 8th St, Brooklyn, NY, 11215, USA",BK,11215,SAT,10AM-12PM,,,closed,,,,,closed,,,,,closed,,,,,closed,,,,,closed,,,,,open,09:00 AM,12:00 PM,,,closed,,,,,,,,,,,,,,,,,,,,,,,,,,,,,,,,,,,,,,,,1680892750097,1719475235062,7bd90a9e-98c3-482f-9f8e-51dd290258a4,40.66898025137792,-73.98385232965641,100,Kings County,Open,FP,,,,,,,,,,,,,,,,,,,,,,,,,,,,
136,FP,,CATHOLIC CHARITIES,"2866 W 17th St, Brooklyn, New York, 11224",BK,11224,MON,9:30AM-1:30PM,,,open,09:30 AM,01:30 PM,,,closed,,,,,closed,,,,,closed,,,,,closed,,,,,closed,,,,,closed,,,,,,,,,,,,,,,,,,,,,,,,,,,,,,,,,,,,,,,,1680892750097,1680892750097,ab352526-ae52-4497-a3b2-8934ff10ef45,40.5772771595871,-73.9850475052302,100,Kings County,Open,FP,,,,,,,,,,,,,,,,,,,,,,,,,,,,
137,FP,,CCC NEW YORK PARISH FOOD PANTRY OUTREACH PROGRAM,"1380 Jefferson Ave, Brooklyn, New York, 11237",BK,11237,SAT,10AM-2PM,,,closed,,,,,closed,,,,,closed,,,,,closed,,,,,closed,,,,,open,10:00 AM,02:00 PM,,,closed,,,,,,,,,,,,,,,,,,,,,,,,,,,,,,,,,,,,,,,,1680892750097,1680892750097,ca100331-edc5-410a-bbe6-ba367a17ded2,40.6946499136717,-73.909821097697,100,Kings County,Open,FP,,,,,,,,,,,,,,,,,,,,,,,,,,,,
139,FP,,CENTER FOR FAMILY LIFE,"443 39th St, Brooklyn, New York, 11232",BK,11232,M(SR)/TUE-FRI,10AM-1PM,,,closed,,,,,open,01:00 PM,04:00 PM,,,open,01:00 PM,04:00 PM,,,open,01:00 PM,04:00 PM,,,closed,,,,,closed,,,,,closed,,,,,,,,,,,,,,,,,,,,,,,,,,,,,,,,,,,,,,,,1680892750097,1744185619178,3ac0eac5-a7c6-46bf-8c4e-eaa5ee5decbc,40.651994408412,-74.004865760917,100,Kings County,Open,FP,,,,,,,,,,,,,,,,,,,,,,,,,,,,
141,FP,,CHILD DEVELOPMENT SUPPORT CORPORATION,"358 Classon Ave, Brooklyn, New York, 11238",BK,11238,THUR,11AM-3PM,,,closed,,,,,closed,,,,,closed,,,,,open,11:00 AM,03:00 PM,,,closed,,,,,closed,,,,,closed,,,,,,,,,,,,,,,,,,,,,,,,,,,,,,,,,,,,,,,,1680892750097,1680892750097,ada0f461-f5f9-465c-919d-d7816dd457e6,40.6882681840511,-73.9600250934996,100,Kings County,Open,FP,,,,,,,,,,,,,,,,,,,,,,,,,,,,
142,FP,,CHILDREN OF THE LIGHT FOOD PANTRY INC,"1171 E 95th St, Brooklyn, New York, 11236",BK,11236,"M,W,F,SAT",12-6PM,,,open,10:00 AM,03:00 PM,,,closed,,,,,open,10:00 AM,03:00 PM,,,closed,,,,,open,10:00 AM,03:00 PM,,,open,10:00 AM,03:00 PM,,,closed,,,,,,,,,,,,,,,,,,,,,,,,,,,,,,,,,,,,,,,,1680892750097,1772182826290,6642db1f-c2c0-4450-a7bb-1275f8c8d84c,40.642246338838,-73.901805735147,100,Kings County,Open,FP,,,,,,,,,,,,,,,,,,,,,,,,,,,,
143,FP,,CHRIST APOSTOLIC CHURCH GOKE FOOD PANTRY,"622 Cortelyou Rd, Brooklyn, New York, 11218",BK,11218,"TUE(1,3)/SAT(2,4)",5:50-7:30PM/9AM-1PM,,,closed,,,,,open,02:00 PM,04:00 PM,,,closed,,,,,closed,,,,,closed,,,,,open,09:00 AM,01:00 PM,,,closed,,,,,,,,,,,,,,,,,,,,,,,,,,,,,,,,,,,,,,,,1680892750097,1757145619362,743cd8d2-4d3b-4626-b02c-9df205c44498,40.63849518571,-73.972156808699,100,Kings County,Open,FP,,,,,,,,,,,,,,,,,,,,,,,,,,,,
144,FP,,CHRISTIAN CULTURAL CENTER,"12020 Flatlands Ave, Brooklyn, New York, 11207",BK,11207,THUR,9AM-3PM,,,closed,,,,,closed,,,,,open,09:30 AM,12:00 PM,,,open,09:30 AM,12:00 PM,,,closed,,,,,closed,,,,,closed,,,,,,,,,,,,,,,,,,,,,,,,,,,,,,,,,,,,,,,,1680892750097,1749110413855,e2d1a252-5754-4843-9942-2cc9ba2afb36,40.651153493976,-73.888606752217,100,Kings County,Open,FP,,,,,,,,,,,,,,,,,,,,,,,,,,,,
145,FP,,"CHURCH AVENUE MERCHANTS BLOCK ASSOC., INC/CAMBA FOOD PANTRY","21 Snyder Ave, Brooklyn, New York, 11226",BK,11226,,,,,closed,,,,,open,10:00 AM,01:00 PM,,,closed,,,,,open,10:00 AM,01:00 PM,,,closed,,,,,closed,,,,,closed,,,,,,,,,,,,,,,,,,,,,,,,,,,,,,,,,,,,,,,,1680892750097,1741338018925,9583a8bb-7291-4abf-8fea-00547b077a85,40.64868246701,-73.957287228646,100,Kings County,Open,FP,,,,,,,,,,,,,,,,,,,,,,,,,,,,
146,FP,,CHURCH OF GOD (BK),"627 Remsen Ave, Brooklyn, New York, 11236",BK,11236,SAT,11:30AM-2PM,,,closed,,,,,closed,,,,,closed,,,,,closed,,,,,closed,,,,,open,12:00 PM,02:30 PM,,,closed,,,,,,,,,,,,,,,,,,,,,,,,,,,,,,,,,,,,,,,,1680892750097,1704877214749,d2d1f879-18cd-448f-b288-eab5c86280fc,40.651667178912,-73.918430653363,100,Kings County,Open,FP,,,,,,,,,,,,,,,,,,,,,,,,,,,,
147,FP,,CHURCH OF GOD FEEDING THE HUNGRY,"836 Classon Ave, Brooklyn, New York, 11238",BK,11238,THUR,11:30AM-1:30PM,,,closed,,,,,closed,,,,,closed,,,,,open,10:00 AM,12:00 PM,,,closed,,,,,closed,,,,,closed,,,,,,,,,,,,,,,,,,,,,,,,,,,,,,,,,,,,,,,,1680892750097,1732784422515,da815a3c-d1cc-4221-b500-8a359b9b0775,40.672411090076,-73.961116752569,100,Kings County,Open,FP,,,,,,,,,,,,,,,,,,,,,,,,,,,,
148,FP,,CHURCH OF GOD INC.,"1011 Winthrop St, Brooklyn, New York, 11212",BK,11212,SAT,12-1PM,,,closed,,,,,closed,,,,,closed,,,,,closed,,,,,closed,,,,,open,12:00 PM,01:00 PM,,,closed,,,,,,,,,,,,,,,,,,,,,,,,,,,,,,,,,,,,,,,,1680892750097,1680892750097,681dc77f-0ceb-49f6-bc7d-7b0407b41810,40.6602317656671,-73.9260760387062,100,Kings County,Open,FP,,,,,,,,,,,,,,,,,,,,,,,,,,,,
149,FP,,CHURCH OF GOD OF SALVATION,"1615 Nostrand Ave, Brooklyn, New York, 11226",BK,11226,WED/THUR,2-4PM/10AM-5PM,,,closed,,,,,closed,,,,,open,02:00 PM,04:00 PM,,,open,10:00 AM,04:00 PM,,,closed,,,,,closed,,,,,closed,,,,,,,,,,,,,,,,,,,,,,,,,,,,,,,,,,,,,,,,1680892750097,1732784422515,dcd6234f-a8c0-40f1-bdfe-363dea01f439,40.646673031452,-73.948961735679,100,Kings County,Open,FP,,,,,,,,,,,,,,,,,,,,,,,,,,,,
150,FP,,CHURCH OF PRAISE AND WORSHIP GOD IN CHRIST,"526 Ralph Ave, Brooklyn, New York, 11233",BK,11233,SAT,11AM-1PM,,,closed,,,,,closed,,,,,closed,,,,,closed,,,,,closed,,,,,open,10:00 AM,01:00 PM,,,closed,,,,,,,,,,,,,,,,,,,,,,,,,,,,,,,,,,,,,,,,1680892750097,1732784422515,a81a0cd9-b9b0-4a2d-97a4-554bbeaac738,40.671422486506,-73.922488081233,100,Kings County,Open,FP,,,,,,,,,,,,,,,,,,,,,,,,,,,,
152,FP,,COMMUNITY CARE FOOD PANTRY,"1387 E 37th St, Brooklyn, New York, 11210",BK,11210,SAT,11AM-2:30PM,,,closed,,,,,closed,,,,,closed,,,,,closed,,,,,closed,,,,,open,11:00 AM,02:30 PM,,,closed,,,,,,,,,,,,,,,,,,,,,,,,,,,,,,,,,,,,,,,,1680892750097,1732784422515,0af8ccc5-960d-45be-bc9b-cda63a8b553e,40.622198419004,-73.93909816348,100,Kings County,Open,FP,,,,,,,,,,,,,,,,,,,,,,,,,,,,
153,FP,,COMMUNITY SERVICES HOUSING DEVELOPMENT CORP.,"547 Howard Ave, Brooklyn, New York, 11233",BK,11233,THUR,10AM-12PM,,,closed,,,,,closed,,,,,closed,,,,,open,10:00 AM,12:00 PM,,,closed,,,,,closed,,,,,closed,,,,,,,,,,,,,,,,,,,,,,,,,,,,,,,,,,,,,,,,1680892750097,1680892750097,5a8659c3-366d-4ee2-94bd-d80415fd2be0,40.6690178861232,-73.9198218816518,100,Kings County,Open,FP,,,,,,,,,,,,,,,,,,,,,,,,,,,,
154,FP,,COMPASSION HOUSE COMMUNITY DEVELOPMENT CORPORATION,"43 George St, Brooklyn, NY, 11206, USA",BK,11206,THUR,8:30AM-12PM,,,closed,,,,,closed,,,,,closed,,,,,open,09:00 AM,11:30 AM,,,closed,,,,,closed,,,,,closed,,,,,,,,,,,,,,,,,,,,,,,,,,,,,,,,,,,,,,,,1680892750097,1732784422515,8ee6a315-7753-400d-b80e-99ea86afca40,40.701437956049,-73.931591582453,100,Kings County,Open,FP,,,,,,,,,,,,,,,,,,,,,,,,,,,,
155,FP,,COPO FOOD PANTRY  (FPH),"1077 Coney Island Ave, Brooklyn, New York, 11230",BK,11230,FRI,1:30-4:50PM,,,closed,,,,,closed,,,,,closed,,,,,closed,,,,,open,10:30 AM,04:30 PM,,,closed,,,,,closed,,,,,,,,,,,,,,,,,,,,,,,,,,,,,,,,,,,,,,,,1680892750097,1711612815423,dfdfe448-778a-410c-b774-8f3e6c33a84a,40.631334567737,-73.966304312444,100,Kings County,Open,FP,,,,,,,,,,,,,,,,,,,,,,,,,,,,
159,FP,,EAST NEW YORK WESLEYAN CHURCH/NEW HOPE FAMILY WORSHIP CENTER,"817 Livonia Ave, Brooklyn, New York, 11207",BK,11207,SAT,11AM - 2PM,,,closed,,,,,closed,,,,,closed,,,,,closed,,,,,closed,,,,,open,11:00 AM,01:00 PM,,,closed,,,,,,,,,,,,,,,,,,,,,,,,,,,,,,,,,,,,,,,,1680892750097,1706605215185,9d0d4ec9-80f9-4f5c-942b-dcbd91a28ef9,40.665996335757,-73.88651764667,100,Kings County,Open,FP,,,,,,,,,,,,,,,,,,,,,,,,,,,,
161,FP,,"BEYOND WALLS, INC","188 E 53rd St, Brooklyn, New York, 11203",BK,11203,,,,,closed,,,,,open,01:30 PM,03:00 PM,,,closed,,,,,closed,,,,,closed,,,,,closed,,,,,closed,,,,,,,,,,,,,,,,,,,,,,,,,,,,,,,,,,,,,,,,1680892750097,1735635620153,f89737d2-3707-4664-974d-e387c1332ab2,40.655301530219,-73.928005720455,100,Kings County,Open,FP,,,,,,,,,,,,,,,,,,,,,,,,,,,,
163,FP,,EMMAUS SEVENTH DAY ADVENTIST CHURCH (FP),"1144 Flatbush Ave, Brooklyn, New York, 11226",BK,11226,TUE,12:30-2PM,,,closed,,,,,open,12:30 PM,02:00 PM,,,closed,,,,,closed,,,,,closed,,,,,closed,,,,,closed,,,,,,,,,,,,,,,,,,,,,,,,,,,,,,,,,,,,,,,,1680892750097,1710489628676,6d558564-fe5d-46a0-8c59-84c8d25bfa67,40.64246519033,-73.957698025721,100,Kings County,Open,FP,,,,,,,,,,,,,,,,,,,,,,,,,,,,
164,FP,,PENIEL HAITIAN CHURCH OF C AND MA,"2741 Albemarle Rd, Brooklyn, New York, 11226",BK,11226,SAT/SAT(2ND),10AM-12PM/1-3PM,,,closed,,,,,closed,,,,,closed,,,,,closed,,,,,closed,,,,,open,10:00 AM,12:00 PM,01:00 PM,03:00 PM,closed,,,,,,,,,,,,,,,,,,,,,,,,,,,,,,,,,,,,,,,,1680892750097,1680892750097,708e73cd-d092-4dda-9e87-c8848b5269e1,40.6481952269786,-73.9506515273595,100,Kings County,Open,FP,,,,,,,,,,,,,,,,,,,,,,,,,,,,
165,FP,,FAMILY LIFE DEVELOPMENT CENTER,"1476 Bedford Ave, Brooklyn, New York, 11216",BK,11216,,,,,open,04:00 PM,06:00 PM,,,closed,,,,,closed,,,,,closed,,,,,closed,,,,,closed,,,,,closed,,,,,,,,,,,,,,,,,,,,,,,,,,,,,,,,,,,,,,,,1680892750097,1758182416312,300c93fe-2846-45d0-b229-b52a59e0d65d,40.672925487474,-73.95442757474,100,Kings County,Open,FP,,,,,,,,,,,,,,,,,,,,,,,,,,,,
167,FP,,FEEDING THE VULNERABLE-FORT GREENE,"141 Flushing Ave, Brooklyn, New York, 11205",BK,11205,SAT,9AM-1PM,,,closed,,,,,closed,,,,,closed,,,,,closed,,,,,closed,,,,,open,09:00 AM,01:00 PM,,,closed,,,,,,,,,,,,,,,,,,,,,,,,,,,,,,,,,,,,,,,,1680892750097,1719475235062,947f6adb-cd80-47f3-98ab-52a0873c31a1,40.698121404600386,-73.97119557204246,100,Kings County,Open,FP,,,,,,,,,,,,,,,,,,,,,,,,,,,,
168,FP,,FERNANDE VALME' MINISTRIES INC,"1120 Flatbush Ave, Brooklyn, New York, 11226",BK,11226,THUR,10-11AM,,,closed,,,,,closed,,,,,closed,,,,,open,10:00 AM,11:00 AM,,,closed,,,,,closed,,,,,closed,,,,,,,,,,,,,,,,,,,,,,,,,,,,,,,,,,,,,,,,1680892750097,1680892750097,7c9e2a51-0800-408e-ad86-a4056b492db1,40.643158667089,-73.9579009515969,100,Kings County,Open,FP,,,,,,,,,,,,,,,,,,,,,,,,,,,,
169,FP,,FLATBUSH SEVENTH DAY ADVENTIST CHURCH (FP),"261 E 21st St, Brooklyn, NY, 11226, USA",BK,11226,MON,11AM-1PM,,,open,11:00 AM,01:00 PM,,,closed,,,,,closed,,,,,closed,,,,,closed,,,,,closed,,,,,closed,,,,,,,,,,,,,,,,,,,,,,,,,,,,,,,,,,,,,,,,1680892750097,1706259615729,71b4f1f0-0031-4d2a-9754-73ae8c4b2bd2,40.648057177033,-73.959354876522,100,Kings County,Open,FP,,,,,,,,,,,,,,,,,,,,,,,,,,,,
173,FP,,PENIEL SEVENTH DAY ADVENTIST CHURCH,"1210 Utica Ave, Brooklyn, New York, 11203",BK,11203,FRI,10AM-12PM,,,closed,,,,,closed,,,,,closed,,,,,closed,,,,,open,10:00 AM,12:00 PM,,,closed,,,,,closed,,,,,,,,,,,,,,,,,,,,,,,,,,,,,,,,,,,,,,,,1680892750097,1719475235062,35d11e81-d14b-4919-a764-576481152e4c,40.64305347420418,-73.92975686766661,100,Kings County,Open,FP,,,,,,,,,,,,,,,,,,,,,,,,,,,,
176,FP,,PRESBYTERIAN CHURCH OF THE CROSSROADS,"133 Elton St, Brooklyn, New York, 11208",BK,11208,"WED (2,4)",10AM-12PM,,,closed,,,,,closed,,,,,open,10:00 AM,12:00 PM,,,closed,,,,,closed,,,,,closed,,,,,closed,,,,,,,,,,,,,,,,,,,,,,,,,,,,,,,,,,,,,,,,1680892750097,1755763215844,a4c81371-8f6f-40e3-bd75-0e2659a3edb0,40.680539901685,-73.884692906348,100,Kings County,Open,FP,,,,,,,,,,,,,,,,,,,,,,,,,,,,
177,FP,,"POWER PRAISE AND DELIVERANCE, INC","120 E 184th St, Bronx, New York, 10468",BX,10468,FRI,12-4PM,,,closed,,,,,closed,,,,,closed,,,,,closed,,,,,open,12:00 PM,04:00 PM,,,closed,,,,,closed,,,,,,,,,,,,,,,,,,,,,,,,,,,,,,,,,,,,,,,,1680892750097,1680892750097,6e5164e3-71ab-4063-bea2-25e5487d3278,40.8596232444326,-73.9004342881499,100,Bronx County,Open,FP,,,,,,,,,,,,,,,,,,,,,,,,,,,,
178,FP,,PRODIGAL CENTER,"709 Tiffany St, Bronx, New York, 10474",BX,10474,,,,,closed,,,,,open,11:00 AM,12:30 PM,,,closed,,,,,closed,,,,,closed,,,,,closed,,,,,closed,,,,,,,,,,,,,,,,,,,,,,,,,,,,,,,,,,,,,,,,1680892750097,1767776441730,adeb2e6f-79b2-4beb-995e-48578dad671b,40.814141990065,-73.891457521306,100,Bronx County,Open,FP,,,,,,,,,,,,,,,,,,,,,,,,,,,,
181,FP,,REACHING-OUT COMMUNITY SERVICES INC,"7708 New Utrecht Ave, Brooklyn, New York, 11214",BK,11214,TUE-FRI,11AM-3PM,,,open,09:00 AM,05:00 PM,,,open,09:00 AM,05:00 AM,,,open,09:00 AM,05:00 AM,,,open,09:00 AM,05:00 AM,,,open,09:00 AM,05:00 AM,,,closed,,,,,closed,,,,,,,,,,,,,,,,,,,,,,,,,,,,,,,,,,,,,,,,1680892750097,1680892750097,cbf9543f-87d9-49b0-a30e-3a4e39eb28fa,40.6139845310776,-74.000636587851,100,Kings County,Open,FP,,,,,,,,,,,,,,,,,,,,,,,,,,,,
184,FP,,RESURRECTION AND LIFE PENTECOSTAL CHURCH (FP),"870 E 163rd St, Bronx, New York, 10459",BX,10459,,,,,closed,,,,,open,12:00 PM,02:00 PM,,,closed,,,,,closed,,,,,closed,,,,,open,10:00 AM,12:00 PM,,,closed,,,,,,,,,,,,,,,,,,,,,,,,,,,,,,,,,,,,,,,,1680892750097,1707814815332,1ff7dc2e-476d-430b-9717-08476b0fbad6,40.821526321034,-73.899285799777,100,Bronx County,Open,FP,,,,,,,,,,,,,,,,,,,,,,,,,,,,
187,FP,,SPANISH SEVENTH DAY ADVENTIST CHURCH FOOD PANTRY,"1038 Prospect Ave, Bronx, New York, 10459",BX,10459,THUR,8:30-11:30AM,,,closed,,,,,closed,,,,,closed,,,,,open,10:00 AM,01:00 PM,,,closed,,,,,closed,,,,,closed,,,,,,,,,,,,,,,,,,,,,,,,,,,,,,,,,,,,,,,,1680892750097,1739955619523,fe817d9b-3dcb-43e5-bccb-10ece023f14d,40.82473575176,-73.899309017649,100,Bronx County,Open,FP,,,,,,,,,,,,,,,,,,,,,,,,,,,,
188,FP,,SPANISH SOUNDVIEW SEVENTH DAY ADVENTIST CHURCH,"1822 Lacombe Ave, Bronx, New York, 10473",BX,10473,WED,8AM-12:30PM,,,closed,,,,,closed,,,,,open,08:00 AM,12:30 PM,,,closed,,,,,closed,,,,,closed,,,,,closed,,,,,,,,,,,,,,,,,,,,,,,,,,,,,,,,,,,,,,,,1680892750097,1719475235062,af24810f-a19e-46de-ae3d-855211d8d95f,40.81490784455784,-73.86122952860838,100,Bronx County,Open,FP,,,,,,,,,,,,,,,,,,,,,,,,,,,,
191,FP,,ST. BRENDAN & ST. ANN PARISH,"268 E 207th St, Bronx, New York, 10467",BX,10467,SAT,7:30-9AM,,,closed,,,,,closed,,,,,closed,,,,,closed,,,,,closed,,,,,open,07:30 AM,09:00 AM,,,closed,,,,,,,,,,,,,,,,,,,,,,,,,,,,,,,,,,,,,,,,1680892750097,1680892750097,68bd914a-7b35-4308-80de-8f30391a5eaa,40.8754643289724,-73.8775260438572,100,Bronx County,Open,FP,,,,,,,,,,,,,,,,,,,,,,,,,,,,
192,FP,,ST. EDMUNDS YOUTH PROGRAM INC,"1905 Morris Ave, Bronx, New York, 10453",BX,10453,THUR,12-2PM,,,closed,,,,,closed,,,,,closed,,,,,open,12:00 PM,02:00 PM,,,closed,,,,,closed,,,,,closed,,,,,,,,,,,,,,,,,,,,,,,,,,,,,,,,,,,,,,,,1680892750097,1680892750097,2dab502a-6051-451b-bb12-6b5f29aca98c,40.8499230355257,-73.9080897317771,100,Bronx County,Open,FP,,,,,,,,,,,,,,,,,,,,,,,,,,,,
194,FP,,ST. JEROME H.A.N.D.S. COMMUNITY CENTER,"330 E 138th St, Bronx, New York, 10454",BX,10454,,,,,closed,,,,,closed,,,,,open,10:00 AM,01:00 PM,,,closed,,,,,closed,,,,,closed,,,,,closed,,,,,,,,,,,,,,,,,,,,,,,,,,,,,,,,,,,,,,,,1680892750097,1719475235062,fa6e3f11-5ba2-4339-9dd7-8f8683b1561b,40.809893540861616,-73.92489843908047,100,Bronx County,Open,FP,,,,,,,,,,,,,,,,,,,,,,,,,,,,
195,FP,,ST. LUKES FOOD PANTRY,"623 E 138th St, Bronx, New York, 10454",BX,10454,FRI,10AM-12PM,,,closed,,,,,closed,,,,,closed,,,,,closed,,,,,open,10:00 AM,01:00 PM,,,closed,,,,,closed,,,,,,,,,,,,,,,,,,,,,,,,,,,,,,,,,,,,,,,,1680892750097,1708506015263,b298a9a8-6bcf-4a96-8c85-e2b43e8d2bc4,40.80619456284,-73.915570245085,100,Bronx County,Open,FP,,,,,,,,,,,,,,,,,,,,,,,,,,,,
196,FP,,ST. PAUL'S LUTHERAN CHURCH,"1891 Mcgraw Ave, Bronx, New York, 10462",BX,10462,,,,,closed,,,,,closed,,,,,closed,,,,,closed,,,,,open,08:00 AM,10:00 AM,,,closed,,,,,closed,,,,,,,,,,,,,,,,,,,,,,,,,,,,,,,,,,,,,,,,1680892750097,1736240419772,15606e57-e800-4779-a352-5ee3397b674c,40.834569484384,-73.862510367233,100,Bronx County,Open,FP,,,,,,,,,,,,,,,,,,,,,,,,,,,,
200,FP,,THE GAMBIAN YOUTH ORGANIZATION FOOD PANTRY (FP),"214 E 181st St, Bronx, New York, 10457",BX,10457,,,,,closed,,,,,closed,,,,,closed,,,,,closed,,,,,closed,,,,,closed,,,,,open,02:00 PM,05:00 PM,,,,,,,,,,,,,,,,,,,,,,,,,,,,,,,,,,,,,,1680892750097,1709802016357,4c7c947a-8e2f-4324-a5dc-7bc9e911da6d,40.854303962949,-73.90081348545,100,Bronx County,Open,FP,,,,,,,,,,,,,,,,,,,,,,,,,,,,
203,FP,,THESSALONIA BAPTIST CHURCH,"951 Rev James A Polite Ave, Bronx, New York, 10459",BX,10459,TUE,10:30-11:30AM,,,closed,,,,,open,10:00 AM,11:30 AM,,,closed,,,,,closed,,,,,closed,,,,,closed,,,,,closed,,,,,,,,,,,,,,,,,,,,,,,,,,,,,,,,,,,,,,,,1680892750097,1696579216528,da95311f-b1a3-4e5e-9f33-0c903e4ae26d,40.822275830816,-73.899037024891,100,Bronx County,Open,FP,,,,,,,,,,,,,,,,,,,,,,,,,,,,
204,FP,,THORPE FAMILY RESIDENCE,"406 E 184th St, Bronx, New York, 10458",BX,10458,WED,8:30-9:30AM,,,closed,,,,,closed,,,,,open,07:30 AM,09:30 AM,,,closed,,,,,closed,,,,,closed,,,,,closed,,,,,,,,,,,,,,,,,,,,,,,,,,,,,,,,,,,,,,,,1680892750097,1719475235062,20b2c430-f51d-47f7-900f-6ff07b793211,40.85642973932272,-73.89467860287739,100,Bronx County,Open,FP,,,,,,,,,,,,,,,,,,,,,,,,,,,,
205,FP,,UNION GROVE BAPTIST CHURCH,"1488 Hoe Ave, Bronx, New York, 10460",BX,10460,WED,9-11AM,,,closed,,,,,closed,,,,,open,09:00 AM,11:00 AM,,,closed,,,,,closed,,,,,closed,,,,,closed,,,,,,,,,,,,,,,,,,,,,,,,,,,,,,,,,,,,,,,,1680892750097,1719475235062,4c8f62a2-0bca-466e-929e-4b0def109c9b,40.83294746039107,-73.88914688205773,100,Bronx County,Open,FP,,,,,,,,,,,,,,,,,,,,,,,,,,,,
206,FP,,VINEYARD INTERNATIONAL CHRISTIAN MINISTRIES,"1140 Teller Ave, Bronx, New York, 10456",BX,10456,SAT,10AM-12PM,,,closed,,,,,closed,,,,,closed,,,,,closed,,,,,closed,,,,,open,10:00 AM,12:00 PM,,,closed,,,,,,,,,,,,,,,,,,,,,,,,,,,,,,,,,,,,,,,,1680892750097,1680892750097,45c2c327-9e10-4770-a88e-cb72b82b7e7a,40.83074440287,-73.9123762370611,100,Bronx County,Open,FP,,,,,,,,,,,,,,,,,,,,,,,,,,,,
207,FP,,"WAY OUT CHURCH MINISTRIES, INC (FP)","520 E 148th St, Bronx, New York, 10455",BX,10455,"TUE,THUR",8-10AM,,,closed,,,,,closed,,,,,open,09:00 AM,10:30 AM,,,closed,,,,,open,09:00 AM,10:30 AM,,,closed,,,,,closed,,,,,,,,,,,,,,,,,,,,,,,,,,,,,,,,,,,,,,,,1680892750097,1701507622955,99e42fac-09f8-4178-bf71-26344433fc34,40.813939231827,-73.914690899623,100,Bronx County,Open,FP,,,,,,,,,,,,,,,,,,,,,,,,,,,,
208,FP,,WHEDCO - FOOD PANTRY,"50 E 168th St, Bronx, New York, 10452",BX,10452,WED,9:30-10:30AM,,,closed,,,,,closed,,,,,open,09:30 AM,10:30 AM,,,closed,,,,,closed,,,,,closed,,,,,closed,,,,,,,,,,,,,,,,,,,,,,,,,,,,,,,,,,,,,,,,1680892750097,1680892750097,d0b3cf23-3f56-4dda-a500-47032251dbc1,40.83648818584,-73.9190378384288,100,Bronx County,Open,FP,,,,,,,,,,,,,,,,,,,,,,,,,,,,
210,FP,,WORD OF LIFE CHRISTIAN FELLOWSHIP,830 UNION AVENUE,BX,10459,SAT,10AM-4PM,,,closed,,,,,closed,,,,,closed,,,,,closed,,,,,closed,,,,,open,11:00 AM,03:00 PM,,,closed,,,,,,,,,,,,,,,,,,,,,,,,,,,,,,,,,,,,,,,,1680892750097,1728460820673,85d2c889-149b-4129-8bcb-e04eb22f62ad,40.819614115553,-73.903033851601,100,Bronx County,Open,FP,,,,,,,,,,,,,,,,,,,,,,,,,,,,
213,FP,,AFRICAN SERVICES COMMITTEE (FP),"429 W 127th St, New York, New York, 10027",NY,10027,MON-FRI,9AM-5PM,,,open,10:00 AM,04:00 PM,,,open,10:00 AM,04:00 PM,,,open,10:00 AM,04:00 PM,,,open,10:00 AM,04:00 PM,,,closed,,,,,closed,,,,,closed,,,,,,,,,,,,,,,,,,,,,,,,,,,,,,,,,,,,,,,,1680892750097,1752307214510,8f93e6e8-1111-4428-88cd-f0ad586ad973,40.813386906317,-73.954489768462,100,New York County,Open,FP,,,,,,,,,,,,,,,,,,,,,,,,,,,,
214,FP,,ANTIOCH OUTREACH MINISTRIES,"41 W 124th St, New York, New York, 10027",NY,10027,SAT,7:30-11AM,,,closed,,,,,closed,,,,,closed,,,,,closed,,,,,closed,,,,,open,07:30 AM,11:00 AM,,,closed,,,,,,,,,,,,,,,,,,,,,,,,,,,,,,,,,,,,,,,,1680892750097,1680892750097,8ab41f30-9845-41f5-9537-1705db261ad4,40.80651835576,-73.9442471666002,100,New York County,Open,FP,,,,,,,,,,,,,,,,,,,,,,,,,,,,
216,FP,,"ASCENSION OUTREACH, INC","12 W 11th St, New York, NY, 10011, USA",NY,10011,"SAT(2ND,4TH)",8:30-9:30AM,,,closed,,,,,closed,,,,,closed,,,,,closed,,,,,closed,,,,,open,08:30 AM,09:00 AM,,,closed,,,,,,,,,,,,,,,,,,,,,,,,,,,,,,,,,,,,,,,,1680892750097,1732093220663,0158321a-10e2-42ba-aac1-e4dfc3c291d0,40.734195062301,-73.995719092896,100,New York County,Open,FP,,,,,,,,,,,,,,,,,,,,,,,,,,,,
219,FP,,BETHEL AME CHURCH,"54-60 W 132nd St, New York, New York, 100373",NY,10037,,,,,closed,,,,,closed,,,,,closed,,,,,open,09:30 AM,11:30 AM,,,closed,,,,,closed,,,,,closed,,,,,,,,,,,,,,,,,,,,,,,,,,,,,,,,,,,,,,,,1680892750097,1719475235062,367602a1-4db1-4e9d-ac70-d5110dea9e47,40.81158417868946,-73.94092573952658,97.5,New York County,Open,FP,,,,,,,,,,,,,,,,,,,,,,,,,,,,
220,FP,,CABRINI IMMIGRANT SERVICES OF NEW YORK CITY INC,"630 Isham St, New York, New York, 10034",NY,10034,,,,,closed,,,,,closed,,,,,closed,,,,,closed,,,,,closed,,,,,open,07:00 AM,10:00 AM,,,closed,,,,,,,,,,,,,,,,,,,,,,,,,,,,,,,,,,,,,,,,1680892750097,1762592415095,c433a047-07cd-401e-990c-7cfb80568c37,40.869597960668,-73.920903901533,100,New York County,Open,FP,,,,,,,,,,,,,,,,,,,,,,,,,,,,
221,FP,,CATHOLIC CHARITIES WASHINGTON HEIGHTS FOOD PANTRY (FP),"665 W 182nd St, New York, New York, 10033",NY,10033,THUR,10AM-4PM,,,closed,,,,,closed,,,,,closed,,,,,open,10:00 AM,12:00 PM,,,closed,,,,,closed,,,,,closed,,,,,,,,,,,,,,,,,,,,,,,,,,,,,,,,,,,,,,,,1680892750097,1707987615603,83b19c20-1959-4f22-9129-4ec765d738b9,40.850749700726,-73.935055236302,100,New York County,Open,FP,,,,,,,,,,,,,,,,,,,,,,,,,,,,
222,FP,,CCCS - KENNEDY CENTER FOOD PANTRY,"34 W 134th St, New York, New York, 10037",NY,10037,WED,10AM-1PM,,,closed,,,,,closed,,,,,open,10:00 AM,01:00 PM,,,closed,,,,,closed,,,,,closed,,,,,closed,,,,,,,,,,,,,,,,,,,,,,,,,,,,,,,,,,,,,,,,1680892750097,1680892750097,d9b5ff72-55b9-438c-aad3-30697a671442,40.8127169407963,-73.939904586384,100,New York County,Open,FP,,,,,,,,,,,,,,,,,,,,,,,,,,,,
225,FP,,COMMUNITY IMPACT (FP),"616 W 114th St, New York, New York, 10025",NY,10025,"MON,WED,THUR",11AM-2PM,,,open,11:00 AM,02:00 PM,,,closed,,,,,open,11:00 AM,02:00 PM,,,open,11:00 AM,02:00 PM,,,closed,,,,,closed,,,,,closed,,,,,,,,,,,,,,,,,,,,,,,,,,,,,,,,,,,,,,,,1680892750097,1749888026417,7f472ba5-ac25-4007-81e7-f9f95a28a892,40.807022569146,-73.96583978737,100,New York County,Open,FP,,,,,,,,,,,,,,,,,,,,,,,,,,,,
226,FP,,COMMUNITY LEAGUE OF THE HEIGHTS (FP),"508 W 159th St, New York, NY, 10032, USA",NY,10032,,,,,closed,,,,,closed,,,,,open,09:00 AM,01:00 PM,,,closed,,,,,closed,,,,,open,09:00 AM,01:00 PM,,,closed,,,,,,,,,,,,,,,,,,,,,,,,,,,,,,,,,,,,,,,,1680892750097,1718179216495,5eef553a-b7b2-4a1e-88f3-876d993b5936,40.834302814135,-73.941841895665,100,New York County,Open,FP,,,,,,,,,,,,,,,,,,,,,,,,,,,,
229,FP,,DEWITT REFORMED CHURCH,"280 Rivington St, New York, New York, 10002",NY,10002,"THUR, SAT",3-5PM/10AM-12PM,,,closed,,,,,closed,,,,,closed,,,,,closed,,,,,closed,,,,,open,10:00 AM,12:00 PM,,,closed,,,,,,,,,,,,,,,,,,,,,,,,,,,,,,,,,,,,,,,,1680892750097,1733907620310,1b72b75c-4507-40e1-85f8-4f25f2e12f54,40.717523414976,-73.979588958425,100,New York County,Open,FP,,,,,,,,,,,,,,,,,,,,,,,,,,,,
230,FP,,FAMILY INTEGRATION MINISTRY FOOD PANTRY,"1875 Amsterdam Ave, New York, New York, 10031",NY,10031,THUR,8-11AM,,,closed,,,,,closed,,,,,closed,,,,,closed,,,,,closed,,,,,open,08:00 AM,10:30 AM,,,closed,,,,,,,,,,,,,,,,,,,,,,,,,,,,,,,,,,,,,,,,1680892750097,1758096016104,cc619d45-be6e-4670-b15e-08e61e198a89,40.830016979403,-73.943894456115,100,New York County,Open,FP,,,,,,,,,,,,,,,,,,,,,,,,,,,,
231,FP,,FATHER CREAVIN'S FOOD PANTRY,"276 W 151st St, New York, New York, 10039",NY,10039,TUE,9-11AM,,,closed,,,,,open,09:00 AM,11:00 AM,,,closed,,,,,closed,,,,,closed,,,,,closed,,,,,closed,,,,,,,,,,,,,,,,,,,,,,,,,,,,,,,,,,,,,,,,1680892750097,1680892750097,8d25ee30-4cc7-4ca4-8af6-70f9c13b5c3c,40.8259344477327,-73.9377593220853,100,New York County,Open,FP,,,,,,,,,,,,,,,,,,,,,,,,,,,,
232,FP,,FRIENDLY HANDS MINISTRY INC,"115 E 125th St, New York, NY, 10035, USA",NY,10035,,,,,closed,,,,,closed,,,,,open,10:00 AM,12:00 PM,,,open,10:00 AM,12:00 PM,,,closed,,,,,closed,,,,,closed,,,,,,,,,,,,,,,,,,,,,,,,,,,,,,,,,,,,,,,,1680892750097,1775030427118,eed195ea-2ca5-49bc-bfed-7c46e7027dbd,40.804824331219,-73.937924864673,100,New York County,Open,FP,,,,,,,,,,,,,,,,,,,,,,,,,,,,
238,FP,,SALT & SEA MISSION CHURCH INC.,"2417 Stillwell Ave, Brooklyn, New York, 11223",BK,11223,"TUE,THUR,SUN",11AM-1PM,,,closed,,,,,open,10:30 AM,12:45 PM,,,closed,,,,,open,10:30 AM,12:45 PM,,,closed,,,,,closed,,,,,open,10:30 AM,10:45 PM,,,,,,,,,,,,,,,,,,,,,,,,,,,,,,,,,,,,,,1680892750097,1708592415643,3fff167a-239e-4d15-b1d8-327d77257933,40.588551112725,-73.983510348007,100,Kings County,Open,FP,,,,,,,,,,,,,,,,,,,,,,,,,,,,
241,FP,,"SANCTIFIED CHURCH OF GOD, INC/COMMUNITY FEEDING PROGRAM","404 Lefferts Ave, Brooklyn, New York, 11225",BK,11225,SAT,12-1PM,,,closed,,,,,closed,,,,,closed,,,,,closed,,,,,closed,,,,,open,12:00 PM,01:00 PM,,,closed,,,,,,,,,,,,,,,,,,,,,,,,,,,,,,,,,,,,,,,,1680892750097,1680892750097,57244c48-e518-4ab6-8c88-928a1393a71a,40.6623559494793,-73.9480946277958,100,Kings County,Open,FP,,,,,,,,,,,,,,,,,,,,,,,,,,,,
242,FP,,"SECOND ST. PAUL CHURCH OF CHRIST, DISCIPLE OF CHRIST, INC","1048 Sutter Ave, Brooklyn, New York, 11208",BK,11208,"SAT(2,4)",8-10AM,,,closed,,,,,closed,,,,,closed,,,,,closed,,,,,closed,,,,,open,08:00 AM,10:00 AM,,,closed,,,,,,,,,,,,,,,,,,,,,,,,,,,,,,,,,,,,,,,,1680892750097,1680892750097,5d573904-2505-447d-b51a-f1f64b27d531,40.6715179144738,-73.8800018904172,100,Kings County,Open,FP,,,,,,,,,,,,,,,,,,,,,,,,,,,,
244,FP,,SILOAM PRESBYTERIAN CHURCH FOOD PANTRY,"260 Jefferson Ave, Brooklyn, NY, 11216, USA",BK,11216,WED,10AM-12PM,,,closed,,,,,closed,,,,,open,10:00 AM,12:00 PM,,,closed,,,,,closed,,,,,closed,,,,,closed,,,,,,,,,,,,,,,,,,,,,,,,,,,,,,,,,,,,,,,,1680892750097,1719475235062,2269a302-1a7e-4b49-8348-8913af43f9f3,40.68347889030514,-73.94730614216407,100,Kings County,Open,FP,,,,,,,,,,,,,,,,,,,,,,,,,,,,
245,FP,,SISTERS WITH PURPOSE INC,"1540 Van Siclen Ave, Brooklyn, New York, 11239",BK,11239,SAT,9-10AM,,,closed,,,,,closed,,,,,closed,,,,,closed,,,,,closed,,,,,open,09:00 AM,10:00 AM,,,closed,,,,,,,,,,,,,,,,,,,,,,,,,,,,,,,,,,,,,,,,1680892750097,1680892750097,9c09d8d4-6285-4b83-be48-a1fac111d449,40.6474756825005,-73.8775423047494,100,Kings County,Open,FP,,,,,,,,,,,,,,,,,,,,,,,,,,,,
247,FP,,SOLID ROCK BAPTIST CHURCH,"120 Tompkins Ave, Brooklyn, New York, 11206",BK,11206,"MON,THUR",9AM-12PM,,,open,09:00 AM,12:00 PM,,,closed,,,,,closed,,,,,open,09:00 AM,12:00 PM,,,closed,,,,,closed,,,,,closed,,,,,,,,,,,,,,,,,,,,,,,,,,,,,,,,,,,,,,,,1680892750097,1680892750097,ee961ab0-33c9-43db-897a-e00a27888bd2,40.69514955892,-73.9464071830485,100,Kings County,Open,FP,,,,,,,,,,,,,,,,,,,,,,,,,,,,
248,FP,,SOUTH BKLYN SEVENTH DAY ADVENTIST CHURCH COMMUNITY SERVICE PROGRAM,"42 Prospect Pl, Brooklyn, New York, 11217",BK,11217,"SUN(1,3)",11AM-2PM,,,closed,,,,,closed,,,,,closed,,,,,closed,,,,,closed,,,,,closed,,,,,open,11:00 AM,02:00 PM,,,,,,,,,,,,,,,,,,,,,,,,,,,,,,,,,,,,,,1680892750097,1719475235062,d6a82fc1-22a8-4fe0-98c5-b681efd8e249,40.67969697559238,-73.97655579912316,100,Kings County,Open,FP,,,,,,,,,,,,,,,,,,,,,,,,,,,,
249,FP,,"SOUTHSIDE UNITED H.D.F.C., INC - LOS SURES","145 S 3rd St, Brooklyn, New York, 11211",BK,11211,TUE,9AM-12PM,,,closed,,,,,open,09:00 AM,12:00 PM,,,closed,,,,,closed,,,,,closed,,,,,closed,,,,,closed,,,,,,,,,,,,,,,,,,,,,,,,,,,,,,,,,,,,,,,,1680892750097,1680892750097,93de473f-5868-418c-b4ef-2f54734442b6,40.712454668578,-73.9615405415937,100,Kings County,Open,FP,,,,,,,,,,,,,,,,,,,,,,,,,,,,
255,FP,,ST. MARK'S UNITED METHODIST CHURCH (FP),"2017 Beverley Rd, Brooklyn, New York, 11226",BK,11226,"TUE,THUR",12-2PM,,,closed,,,,,closed,,,,,closed,,,,,open,12:00 PM,03:00 PM,,,closed,,,,,closed,,,,,closed,,,,,,,,,,,,,,,,,,,,,,,,,,,,,,,,,,,,,,,,1680892750097,1759910416242,3888eff0-7ab4-44c8-9997-58cc59976b16,40.645083948339,-73.959485801849,100,Kings County,Open,FP,,,,,,,,,,,,,,,,,,,,,,,,,,,,
257,FP,,ST. PAUL PENTECOSTAL CHURCH,"133 Thomas S Boyland St, Brooklyn, New York, 11233",BK,11233,SAT,11AM - 1PM,,,closed,,,,,closed,,,,,closed,,,,,closed,,,,,closed,,,,,open,11:00 AM,01:00 PM,,,closed,,,,,,,,,,,,,,,,,,,,,,,,,,,,,,,,,,,,,,,,1680892750097,1680892750097,eec214d4-100d-4c2c-b39c-0e3c129f3237,40.6803676954845,-73.9138246299298,100,Kings County,Open,FP,,,,,,,,,,,,,,,,,,,,,,,,,,,,
258,FP,,ST. PHILIP'S CHRISTIAN CHURCH,"765 Lafayette Ave, Brooklyn, New York, 11221",BK,11221,THUR,12-2PM,,,closed,,,,,closed,,,,,closed,,,,,open,12:00 PM,02:00 PM,,,closed,,,,,closed,,,,,closed,,,,,,,,,,,,,,,,,,,,,,,,,,,,,,,,,,,,,,,,1680892750097,1680892750097,935a2205-47bd-4c43-91f0-98cb0a8913cd,40.6910985012963,-73.9421528642728,100,Kings County,Open,FP,,,,,,,,,,,,,,,,,,,,,,,,,,,,
261,FP,,ST. THERESE OF LISIEUX R.C. CHURCH,"4410 Avenue D, Brooklyn, New York, 11203",BK,11203,TUE,10:30AM-12:30PM,,,closed,,,,,open,10:30 AM,12:30 PM,,,closed,,,,,closed,,,,,closed,,,,,closed,,,,,closed,,,,,,,,,,,,,,,,,,,,,,,,,,,,,,,,,,,,,,,,1680892750097,1680892750097,d74dc79f-b77a-45b9-864e-ba32a0019a65,40.641689612829,-73.9344359812953,100,Kings County,Open,FP,,,,,,,,,,,,,,,,,,,,,,,,,,,,
265,FP,,THE CHURCH OF ST. MARK (FP),"1417 Union St, Brooklyn, NY, 11213, USA",BK,11213,,,,,closed,,,,,closed,,,,,closed,,,,,closed,,,,,open,11:30 AM,01:30 PM,,,closed,,,,,closed,,,,,,,,,,,,,,,,,,,,,,,,,,,,,,,,,,,,,,,,1680892750097,1736240419772,863e89bc-1f67-4aff-ae74-8240dcbcd5b0,40.668743462613,-73.944656287294,100,Kings County,Open,FP,,,,,,,,,,,,,,,,,,,,,,,,,,,,
266,FP,,THE CITY OF GRACE INC,"3402 Tilden Ave, Brooklyn, NY, 11203, USA",BK,11203,TUE,11AM-1PM,,,closed,,,,,open,11:00 AM,01:00 PM,,,closed,,,,,closed,,,,,closed,,,,,closed,,,,,closed,,,,,,,,,,,,,,,,,,,,,,,,,,,,,,,,,,,,,,,,1680892750097,1714550415610,4b11b251-4ce4-44ab-a46e-671fefb8b116,40.646948335062,-73.945096169573,100,Kings County,Open,FP,,,,,,,,,,,,,,,,,,,,,,,,,,,,
269,FP,,THE SALVATION ARMY BEDFORD TEMPLE CORPS,"601 Lafayette Ave, Brooklyn, New York, 11216",BK,11216,WED,10AM-2PM,,,closed,,,,,closed,,,,,open,10:00 AM,12:00 PM,,,closed,,,,,closed,,,,,closed,,,,,closed,,,,,,,,,,,,,,,,,,,,,,,,,,,,,,,,,,,,,,,,1680892750097,1744358421463,3e1cf333-7ae2-4fe9-b387-5a51d6ed9fec,40.690101893009,-73.950436699181,100,Kings County,Open,FP,,,,,,,,,,,,,,,,,,,,,,,,,,,,
271,FP,,THE TABLE AT THE FAMILY SUPPORT CENTER AT NYU LANGONE (FP),"550 59th St, Brooklyn, NY, 11220, USA",BK,11220,FRI,10AM-12PM,,,closed,,,,,closed,,,,,closed,,,,,closed,,,,,open,09:00 AM,12:00 PM,,,closed,,,,,closed,,,,,,,,,,,,,,,,,,,,,,,,,,,,,,,,,,,,,,,,1680892750097,1721721621232,a1838193-3c20-4fe7-993b-6b8ada41dc34,40.639194320254,-74.01449271199,100,Kings County,Open,FP,,,,,,,,,,,,,,,,,,,,,,,,,,,,
272,FP,,THE TEMPLE OF RESTORATION TTOR FOOD PANTRY (FP),"490 Pacific St, Brooklyn, New York, 11217",BK,11217,,,,,closed,,,,,open,10:00 AM,04:00 PM,,,closed,,,,,open,10:00 AM,04:00 PM,,,closed,,,,,open,10:00 AM,01:00 PM,,,closed,,,,,,,,,,,,,,,,,,,,,,,,,,,,,,,,,,,,,,,,1680892750097,1702371614171,3b1e28d0-6611-4a8c-a8c5-60726de05f70,40.684752101397,-73.981575804754,100,Kings County,Open,FP,,,,,,,,,,,,,,,,,,,,,,,,,,,,
273,FP,,TRANSFIGURATION CHURCH (FP),"280 Marcy Ave, Brooklyn, New York, 11211",BK,11211,MON-THUR,9AM-12PM,,,closed,,,,,open,09:00 AM,12:00 PM,,,open,09:00 AM,12:00 PM,,,closed,,,,,closed,,,,,closed,,,,,closed,,,,,,,,,,,,,,,,,,,,,,,,,,,,,,,,,,,,,,,,1680892750097,1722585624994,b62f7a5e-6da3-4ad1-9b70-aa15c80a5841,40.704949722022,-73.955957942622,100,Kings County,Open,FP,,,,,,,,,,,,,,,,,,,,,,,,,,,,
274,FP,,TREASURES IN EARTHEN JARS FOOD PANTRY (FP),"4124 Avenue H, Brooklyn, New York, 11210",BK,11210,,,,,closed,,,,,closed,,,,,closed,,,,,closed,,,,,closed,,,,,open,01:00 PM,03:00 PM,,,closed,,,,,,,,,,,,,,,,,,,,,,,,,,,,,,,,,,,,,,,,1680892750097,1704877214749,65515800-3914-4750-9bb5-66788d5d7679,40.632240400013,-73.936284274764,100,Kings County,Open,FP,,,,,,,,,,,,,,,,,,,,,,,,,,,,
275,FP,,TRINITY HUMAN SERVICE CORPORATION,"153 Johnson Ave, Brooklyn, NY, 11206, USA",BK,11206,TUE-FRI,9AM-12PM&1-4PM,,,closed,,,,,open,09:00 AM,12:00 PM,01:00 PM,04:00 PM,open,09:00 AM,12:00 PM,01:00 PM,04:00 PM,open,09:00 AM,12:00 PM,01:00 PM,04:00 PM,open,09:00 AM,12:00 PM,01:00 PM,04:00 PM,closed,,,,,closed,,,,,,,,,,,,,,,,,,,,,,,,,,,,,,,,,,,,,,,,1680892750097,1680892750097,7dbb93ef-be35-4e93-b3f5-4cf9e645b351,40.7066049802613,-73.9441259642803,100,Kings County,Open,FP,,,,,,,,,,,,,,,,,,,,,,,,,,,,
276,FP,,TRIUMPHANT FULL GOSPEL ASSEMBLY,"889 Rutland Rd, Brooklyn, New York, 11203",BK,11203,THUR,2-4PM,,,closed,,,,,closed,,,,,closed,,,,,open,02:00 PM,04:00 PM,,,closed,,,,,closed,,,,,closed,,,,,,,,,,,,,,,,,,,,,,,,,,,,,,,,,,,,,,,,1680892750097,1680892750097,cf4dff97-6772-4e87-bbed-e87158ba3adb,40.6607879049428,-73.9299019584106,100,Kings County,Open,FP,,,,,,,,,,,,,,,,,,,,,,,,,,,,
277,FP,,TRUE HOLY CHURCH OF GOD IN CHRIST JESUS,"2364 Atlantic Ave, Brooklyn, New York, 11233",BK,11233,SAT,10AM-12PM,,,closed,,,,,closed,,,,,closed,,,,,closed,,,,,closed,,,,,open,10:00 AM,12:00 PM,,,closed,,,,,,,,,,,,,,,,,,,,,,,,,,,,,,,,,,,,,,,,1680892750097,1680892750097,d04519f8-c707-49ab-89dd-79bb2c1b630a,40.6759456548262,-73.90674854345,100,Kings County,Open,FP,,,,,,,,,,,,,,,,,,,,,,,,,,,,
279,FP,,URBAN STRATEGIES INC,"61 Riverdale Ave, Brooklyn, New York, 11212",BK,11212,TUE,8-10AM,,,closed,,,,,open,08:00 AM,10:00 AM,,,closed,,,,,closed,,,,,closed,,,,,closed,,,,,closed,,,,,,,,,,,,,,,,,,,,,,,,,,,,,,,,,,,,,,,,1680892750097,1680892750097,43ea1efc-5b8b-47cd-bf4b-4aa02f6b653d,40.6602629882564,-73.9144207508836,100,Kings County,Open,FP,,,,,,,,,,,,,,,,,,,,,,,,,,,,
283,FP,,WIADCA CARES (FP),"1561 Bedford Ave, Brooklyn, New York, 11225",BK,11225,,,,,closed,,,,,closed,,,,,open,10:00 AM,03:00 PM,,,closed,,,,,closed,,,,,closed,,,,,closed,,,,,,,,,,,,,,,,,,,,,,,,,,,,,,,,,,,,,,,,1680892750097,1721289622835,205a800f-cc5b-499b-9acb-d941e418937a,40.668719658008,-73.955600286813,100,Kings County,Open,FP,,,,,,,,,,,,,,,,,,,,,,,,,,,,
285,FP,,WORLD FOR CHRIST FOOD SERVICES,"874 Clarkson Ave, Brooklyn, New York, 11212",BK,11203,"SAT(1,3)",10AM-12PM,,,closed,,,,,closed,,,,,closed,,,,,closed,,,,,closed,,,,,open,10:00 AM,12:00 PM,,,closed,,,,,,,,,,,,,,,,,,,,,,,,,,,,,,,,,,,,,,,,1680892750097,1752652814571,cf370e2c-dd7f-4c20-98e6-04ea6cfe94e6,40.656627840668,-73.929183629308,99.49,Kings County,Open,FP,,,,,,,,,,,,,,,,,,,,,,,,,,,,
286,FP,,"ABRAHAM HOUSE, INC","340 Willis Ave, Bronx, New York, 10454",BX,10454,TUE,11AM-1PM,,,closed,,,,,closed,,,,,closed,,,,,closed,,,,,closed,,,,,open,09:00 AM,11:00 AM,,,closed,,,,,,,,,,,,,,,,,,,,,,,,,,,,,,,,,,,,,,,,1680892750097,1696579216528,e70f3b3c-ebb3-472a-98e4-031ee88412a8,40.811235607048,-73.92111621514,100,Bronx County,Open,FP,,,,,,,,,,,,,,,,,,,,,,,,,,,,
287,FP,,ABUNDANT GRACE FOR THE FORSAKEN FOOD PANTRY,"3101 Eastchester Rd, Bronx, New York, 10469",BX,10469,SAT,9-11AM,,,closed,,,,,closed,,,,,closed,,,,,closed,,,,,closed,,,,,open,09:00 AM,11:00 AM,,,closed,,,,,,,,,,,,,,,,,,,,,,,,,,,,,,,,,,,,,,,,1680892750097,1680892750097,3016e559-ce01-4dec-bfeb-28695c21d69e,40.8713646563102,-73.8438703556749,100,Bronx County,Open,FP,,,,,,,,,,,,,,,,,,,,,,,,,,,,
290,FP,,ASH-SHIFAA INC FP,"2269 Crotona Ave, Bronx, New York, 10457",BX,10457,,,,,open,01:00 PM,05:00 PM,,,open,01:00 PM,05:00 PM,,,open,01:00 PM,05:00 PM,,,open,01:00 PM,05:00 PM,,,open,02:00 PM,05:00 PM,,,closed,,,,,closed,,,,,,,,,,,,,,,,,,,,,,,,,,,,,,,,,,,,,,,,1680892750097,1734426019192,9dbc844c-3af7-45be-b17e-ee89993f3eb7,40.851637931006,-73.885060368984,100,Bronx County,Open,FP,,,,,,,,,,,,,,,,,,,,,,,,,,,,
293,FP,,BRIGHT TEMPLE A.M.E. CHURCH/PROJECT F.I.L.L.,"812 Faile St, Bronx, New York, 10474",BX,10474,"FRI (1,3)",10AM-12PM,,,closed,,,,,closed,,,,,closed,,,,,closed,,,,,open,10:00 AM,12:00 PM,,,closed,,,,,closed,,,,,,,,,,,,,,,,,,,,,,,,,,,,,,,,,,,,,,,,1680892750097,1719475235062,7d53acd4-f47f-4a3a-bed1-03ac170ce05f,40.817192374177836,-73.88695828331959,100,Bronx County,Open,FP,,,,,,,,,,,,,,,,,,,,,,,,,,,,
294,FP,,BRONX BETHANY COMMUNITY CORPORATION,"971 E 227th St, Bronx, New York, 10466",BX,10466,"WED(1,2,3,4)/TH(1,2,3,4)",9-11AM/3-6PM,,,closed,,,,,closed,,,,,open,09:00 AM,11:00 AM,,,open,03:00 PM,06:00 PM,,,closed,,,,,closed,,,,,closed,,,,,,,,,,,,,,,,,,,,,,,,,,,,,,,,,,,,,,,,1680892750097,1680892750097,c13445bb-8d21-4f41-b290-29d0327e7d6d,40.8866890803383,-73.8513939519652,100,Bronx County,Open,FP,,,,,,,,,,,,,,,,,,,,,,,,,,,,
295,FP,,BRONX SEVENTH DAY ADVENTIST CHURCH (FP),"1695 Washington Ave, Bronx, New York, 10457",BX,10457,THUR,2-5PM,,,closed,,,,,closed,,,,,closed,,,,,open,01:00 PM,04:00 PM,,,closed,,,,,closed,,,,,closed,,,,,,,,,,,,,,,,,,,,,,,,,,,,,,,,,,,,,,,,1680892750097,1769677230732,a7bc27b2-1cb7-497f-8017-30f21da4666d,40.842208792848,-73.901144319168,100,Bronx County,Open,FP,,,,,,,,,,,,,,,,,,,,,,,,,,,,
296,FP,,BRONX TEMPLE SEVENTH DAY ADVENTIST CHURCH,"495 Willis Ave, Bronx, New York, 10455",BX,10455,"M,W,THUR,F",11:30AM-2:30PM,,,open,11:30 AM,02:30 PM,,,closed,,,,,open,11:30 AM,02:30 PM,,,open,11:30 AM,02:30 PM,,,closed,,,,,closed,,,,,closed,,,,,,,,,,,,,,,,,,,,,,,,,,,,,,,,,,,,,,,,1680892750097,1719475235062,9098cba2-b396-4677-ba8a-1eb1086fbadd,40.81500067413552,-73.91880104966405,100,Bronx County,Open,FP,,,,,,,,,,,,,,,,,,,,,,,,,,,,
298,FP,,CCCS BRONX FOOD PANTRY,"402 E 152nd St, Bronx, New York, 10455",BX,10455,WED/THUR,11A-2P/10A-12P,,,closed,,,,,closed,,,,,open,04:00 PM,06:00 PM,,,open,10:00 AM,12:00 PM,,,open,10:00 AM,12:00 PM,,,closed,,,,,closed,,,,,,,,,,,,,,,,,,,,,,,,,,,,,,,,,,,,,,,,1680892750097,1719475235062,70593d8d-00a1-4058-ad0c-884abd31026a,40.81809564997354,-73.91657992914159,100,Bronx County,Open,FP,,,,,,,,,,,,,,,,,,,,,,,,,,,,
299,FP,,CHRIST DISCIPLES INTERNATIONAL MINISTRIES (FP),"3021 Webster Ave, Bronx, New York, 10467",BX,10467,,,,,open,10:00 AM,03:00 PM,,,closed,,,,,open,10:00 AM,03:00 PM,,,closed,,,,,closed,,,,,open,09:30 AM,12:30 PM,,,closed,,,,,,,,,,,,,,,,,,,,,,,,,,,,,,,,,,,,,,,,1680892750097,1705136414075,5159816d-9176-4ecd-8c7a-866d2eb271b6,40.86962001954,-73.879713126846,100,Bronx County,Open,FP,,,,,,,,,,,,,,,,,,,,,,,,,,,,
301,FP,,CHURCH OF THE ATONEMENT FOOD PANTRY,"1344 Beach Ave, Bronx, New York, 10472",BX,10472,"SAT (2,4)",10AM-12PM,,,closed,,,,,closed,,,,,closed,,,,,closed,,,,,closed,,,,,open,10:00 AM,12:00 PM,,,closed,,,,,,,,,,,,,,,,,,,,,,,,,,,,,,,,,,,,,,,,1680892750097,1680892750097,0f23d1ed-4293-4e23-89d2-141793aace0d,40.8333860015652,-73.8663358678419,100,Bronx County,Open,FP,,,,,,,,,,,,,,,,,,,,,,,,,,,,
303,FP,,COOP CITY SDA CHURCH FOOD PANTRY,"1010 Baychester Ave, Bronx, New York, 10475",BX,10475,,,,,closed,,,,,closed,,,,,open,05:30 PM,07:00 PM,,,closed,,,,,closed,,,,,closed,,,,,closed,,,,,,,,,,,,,,,,,,,,,,,,,,,,,,,,,,,,,,,,1680892750097,1734771641080,27c4ff7b-1949-4473-80c2-b36c13b40a1d,40.880352319628,-73.831067501489,100,Bronx County,Open,FP,,,,,,,,,,,,,,,,,,,,,,,,,,,,
304,FP,,DAVIDSON COMMUNITY CENTER INC (FP),"2038 Davidson Ave, Bronx, New York, 10453",BX,10453,WED,10-11AM,,,closed,,,,,closed,,,,,closed,,,,,closed,,,,,open,05:00 PM,08:00 PM,,,closed,,,,,closed,,,,,,,,,,,,,,,,,,,,,,,,,,,,,,,,,,,,,,,,1680892750097,1745913619641,b88717b1-d165-4828-83d2-3b50421e4af3,40.853601014639,-73.908556771422,100,Bronx County,Open,FP,,,,,,,,,,,,,,,,,,,,,,,,,,,,
307,FP,,EMANUEL PENTECOSTAL FAITH CHURCH,"1310 Elder Ave, Bronx, New York, 10472",BX,10472,WED,4-6PM,,,closed,,,,,closed,,,,,open,12:00 PM,02:00 PM,,,closed,,,,,closed,,,,,closed,,,,,closed,,,,,,,,,,,,,,,,,,,,,,,,,,,,,,,,,,,,,,,,1680892750097,1726560023826,29cb6bb7-1752-43e2-9fb1-079aaed8ffa4,40.83161264231,-73.879749092217,100,Bronx County,Open,FP,,,,,,,,,,,,,,,,,,,,,,,,,,,,
308,FP,,"EVERY DAY IS A MIRACLE, INC (FP)","2424 Jerome Ave, Bronx, NY, 10468, USA",BX,10468,,,,,closed,,,,,closed,,,,,closed,,,,,open,08:30 AM,12:00 PM,,,closed,,,,,closed,,,,,closed,,,,,,,,,,,,,,,,,,,,,,,,,,,,,,,,,,,,,,,,1680892750097,1760083215589,033e7071-df0b-4831-aaa8-02db952a2ee3,40.861683055228,-73.901634409047,100,Bronx County,Open,FP,,,,,,,,,,,,,,,,,,,,,,,,,,,,
309,FP,,FELLOWSHIP COVENANT CHURCH,"720 Castle Hill Ave, Bronx, New York, 10473",BX,10473,WED,9-11:30AM,,,closed,,,,,closed,,,,,open,09:00 AM,11:30 AM,,,closed,,,,,closed,,,,,closed,,,,,closed,,,,,,,,,,,,,,,,,,,,,,,,,,,,,,,,,,,,,,,,1680892750097,1680892750097,bd83bf3f-75b1-4463-83e3-6b4211dc4ead,40.8217227090251,-73.8484113355393,100,Bronx County,Open,FP,,,,,,,,,,,,,,,,,,,,,,,,,,,,
311,FP,,GETHSEMANE BAPTIST CHURCH (FP),771 FAIRMOUNT PLACE,BX,10460,THUR,8-10AM,,,closed,,,,,closed,,,,,closed,,,,,open,08:00 AM,10:00 AM,,,closed,,,,,closed,,,,,closed,,,,,,,,,,,,,,,,,,,,,,,,,,,,,,,,,,,,,,,,1680892750097,1733994033916,603fd419-d368-4253-be2c-f0bccdf3aaac,40.842987344124,-73.88947053333,100,Bronx County,Open,FP,,,,,,,,,,,,,,,,,,,,,,,,,,,,
312,FP,,GIVE BY GRACE WHAT BY GRACE YOU HAVE RECEIVED INC (FP),"936 E 165th St, Bronx, New York, 10459",BX,10459,FRI,9AM-1PM,,,closed,,,,,closed,,,,,closed,,,,,closed,,,,,open,12:00 PM,01:30 PM,,,closed,,,,,closed,,,,,,,,,,,,,,,,,,,,,,,,,,,,,,,,,,,,,,,,1680892750097,1712822414672,d7660cd5-f94d-4315-b725-406641688e30,40.823797271971,-73.895993891124,100,Bronx County,Open,FP,,,,,,,,,,,,,,,,,,,,,,,,,,,,
313,FP,,GIVE THEM TO EAT (FP),"800 E 156th St, Bronx, New York, 10455",BX,10455,,,,,closed,,,,,closed,,,,,closed,,,,,closed,,,,,open,11:00 AM,03:00 PM,,,closed,,,,,closed,,,,,,,,,,,,,,,,,,,,,,,,,,,,,,,,,,,,,,,,1680892750097,1759219215905,111c697e-0954-48ac-8329-627b00e9bd12,40.817630705804,-73.904362969987,100,Bronx County,Open,FP,,,,,,,,,,,,,,,,,,,,,,,,,,,,
315,FP,,GOOD NEIGHBOR COMMUNITY OUTREACH AGENCY INC,"3356 Seymour Ave, Bronx, New York, 10469",BX,10469,"M,W,THUR",12-2PM,,,closed,,,,,closed,,,,,open,12:00 PM,02:00 PM,,,closed,,,,,open,07:00 PM,09:00 PM,,,closed,,,,,closed,,,,,,,,,,,,,,,,,,,,,,,,,,,,,,,,,,,,,,,,1680892750097,1728374422053,1a4525fe-c0a9-4a44-b218-a513fde8d3d4,40.875711678935,-73.848638736572,100,Bronx County,Open,FP,,,,,,,,,,,,,,,,,,,,,,,,,,,,
317,FP,,GRAND CONCOURSE SEVENTH DAY ADVENTIST CHURCH,"1275 Grand Conc, Bronx, New York, 10452",BX,10452,WED(CLOSED 5TH WED),1:30-4PM,,,closed,,,,,closed,,,,,open,01:30 PM,04:00 PM,,,closed,,,,,closed,,,,,closed,,,,,closed,,,,,,,,,,,,,,,,,,,,,,,,,,,,,,,,,,,,,,,,1680892750097,1719475235062,dea8e4bd-cfe6-4f5f-9478-db6a9ba01421,40.836383202502674,-73.91634003907272,100,Bronx County,Open,FP,,,,,,,,,,,,,,,,,,,,,,,,,,,,
318,FP,,HARVEST TO HAVEN,"210 Alexander Ave, Bronx, NY, 10454, USA",BX,10454,"WED,THUR",10AM-2PM,,,closed,,,,,closed,,,,,open,10:00 AM,02:00 PM,,,open,10:00 AM,02:00 PM,,,closed,,,,,closed,,,,,closed,,,,,,,,,,,,,,,,,,,,,,,,,,,,,,,,,,,,,,,,1680892750097,1680892750097,c4473d62-bb38-4f62-b5b5-24e8c1322211,40.8092240760146,-73.9255280298765,100,Bronx County,Open,FP,,,,,,,,,,,,,,,,,,,,,,,,,,,,
323,FP,,INSPIRATIONAL GOSPEL ASSEMBLY,"1211 Brook Ave, Bronx, New York, 10456",BX,10456,SAT,11AM-1PM,,,closed,,,,,closed,,,,,closed,,,,,closed,,,,,closed,,,,,open,11:00 AM,01:00 PM,,,closed,,,,,,,,,,,,,,,,,,,,,,,,,,,,,,,,,,,,,,,,1680892750097,1680892750097,4c8fcd9c-5d0d-4e10-9cf2-7f2ed1d7c3d8,40.8314386340004,-73.9092226298103,100,Bronx County,Open,FP,,,,,,,,,,,,,,,,,,,,,,,,,,,,
327,FP,,LT WORKS FOOD PANTRY,"2347 Lafayette Ave, Bronx, New York, 10473",BX,10473,THUR,12-2PM,,,closed,,,,,closed,,,,,closed,,,,,open,10:30 AM,12:30 PM,,,closed,,,,,closed,,,,,closed,,,,,,,,,,,,,,,,,,,,,,,,,,,,,,,,,,,,,,,,1680892750097,1734512421307,c77d6b60-59ff-4eb8-b5fc-c0c2eeb4ee65,40.824114066001,-73.844195070604,100,Bronx County,Open,FP,,,,,,,,,,,,,,,,,,,,,,,,,,,,
333,FP,,MORRISANIA REVITALIZATION CORP INC,"576B E 165th St, Bronx, NY, 10456, USA",BX,10456,"MON,WED,FRI",11AM-2PM,,,open,09:00 AM,01:00 PM,,,closed,,,,,open,09:00 AM,01:00 PM,,,closed,,,,,open,09:00 AM,01:00 PM,,,closed,,,,,closed,,,,,,,,,,,,,,,,,,,,,,,,,,,,,,,,,,,,,,,,1680892750097,1719475235062,6905ec7d-7b7e-47ba-8173-71a2de4370d6,40.825656298013534,-73.90670875342784,100,Bronx County,Open,FP,,,,,,,,,,,,,,,,,,,,,,,,,,,,
334,FP,,MOSAIC BEACON COMMUNITY CENTER (FP),"1257 Ogden Ave, Bronx, New York, 10452",BX,10452,"TUE&W(SR),THU (1,3)",4-6PM,,,closed,,,,,closed,,,,,closed,,,,,closed,,,,,open,03:00 PM,05:00 PM,,,closed,,,,,closed,,,,,,,,,,,,,,,,,,,,,,,,,,,,,,,,,,,,,,,,1680892750097,1714204815817,23b32b13-550d-410c-bab9-7e759c594120,40.839680643212,-73.925700110349,100,Bronx County,Open,FP,,,,,,,,,,,,,,,,,,,,,,,,,,,,
335,FP,,MOSHOLU MONTEFIORE COMMUNITY CENTER FP,"3450 Dekalb Ave, Bronx, New York, 10467",BX,10467,"TUE(2,4),TH(2,4)",10AM-3PM,,,closed,,,,,closed,,,,,open,10:00 AM,12:00 PM,,,closed,,,,,closed,,,,,closed,,,,,closed,,,,,,,,,,,,,,,,,,,,,,,,,,,,,,,,,,,,,,,,1680892750097,1758700816346,959ee435-eb11-44ca-b17e-401d596ad989,40.881965584532,-73.880582337212,100,Bronx County,Open,FP,,,,,,,,,,,,,,,,,,,,,,,,,,,,
338,FP,,NEW CONVENANT COMMUNITY DEVELOPMENT CORP,"1175 Boston Rd, Bronx, New York, 10456",BX,10456,TUE/WED/THUR,2-4P/12-2P/10A-1P,,,closed,,,,,open,02:00 PM,04:00 PM,,,closed,,,,,open,10:00 AM,01:00 PM,,,closed,,,,,closed,,,,,closed,,,,,,,,,,,,,,,,,,,,,,,,,,,,,,,,,,,,,,,,1680892750097,1719475235062,6b46924f-50ed-4a3b-af34-930c8d67ca1b,40.82893143912261,-73.90323484963888,100,Bronx County,Open,FP,,,,,,,,,,,,,,,,,,,,,,,,,,,,
340,FP,,NEW YORK COMMON PANTRY - BRONX,"1290 Hoe Ave, Bronx, New York, 10459",BX,10459,THUR-SAT,10AM-2:30PM,,,closed,,,,,closed,,,,,closed,,,,,open,10:00 AM,02:30 PM,,,open,10:00 AM,02:30 PM,,,open,10:00 AM,02:30 PM,,,closed,,,,,,,,,,,,,,,,,,,,,,,,,,,,,,,,,,,,,,,,1680892750097,1680892750097,1364d6bc-6bf8-480b-b554-08c76dc49dbd,40.830863425895,-73.8903926843267,100,Bronx County,Open,FP,,,,,,,,,,,,,,,,,,,,,,,,,,,,
341,FP,,PARKCHESTER BAPTIST CHURCH (FP),"2021 Benedict Ave, Bronx, New York, 10462",BX,10462,TUE,12-2PM,,,closed,,,,,open,11:00 AM,12:00 PM,,,closed,,,,,closed,,,,,closed,,,,,closed,,,,,closed,,,,,,,,,,,,,,,,,,,,,,,,,,,,,,,,,,,,,,,,1680892750097,1690876812963,2322dfda-204c-4574-aac8-59e8eb86a188,40.834525060297,-73.857174782947,100,Bronx County,Open,FP,,,,,,,,,,,,,,,,,,,,,,,,,,,,
342,FP,,"THE HARDING FORD VISION, INC","157-22 Tuskegee Airmen Way, Jamaica, New York, 11433",QN,11433,,,,,closed,,,,,closed,,,,,open,10:00 AM,12:00 PM,,,closed,,,,,open,02:00 PM,04:00 PM,,,closed,,,,,closed,,,,,,,,,,,,,,,,,,,,,,,,,,,,,,,,,,,,,,,,1680892750097,1761638416484,e5aa2139-631e-42b9-accc-450cf6682e6c,40.698230285523,-73.797112327906,100,Queens County,Open,FP,,,,,,,,,,,,,,,,,,,,,,,,,,,,
345,FPK,,PROJECT L.E.A.D.,"85-12 126th St, Kew Gardens, New York, 11415",QN,11415,SUN,7:30-9:30AM,,,closed,,,,,closed,,,,,closed,,,,,closed,,,,,closed,,,,,closed,,,,,open,07:30 AM,09:30 AM,,,,,,,,,,,,,,,,,,,,,,,,,,,,,,,,,,,,,,1680892750097,1680892750097,5427836f-75ff-44ba-91ec-eeb8b54857c0,40.7040034051537,-73.8255130657114,100,Queens County,Open,FP,,,,,,,,,,,,,,,,,,,,,,,,,,,,
347,FPK,,SAM FIELD Y (FPK),"58-25 Little Neck Pkwy, Little Neck, NY, 11362, USA",QN,11362,"MON,WED",9AM-1PM,,,open,09:00 AM,01:00 PM,,,open,11:00 AM,01:00 PM,,,open,09:00 AM,01:00 PM,,,open,10:00 AM,01:00 PM,,,closed,,,,,closed,,,,,closed,,,,,,,,,,,,,,,,,,,,,,,,,,,,,,,,,,,,,,,,1680892750097,1766480574182,2d14944a-15c7-4d8f-b009-6ab6e69ffa1a,40.761428242904,-73.722532165108,100,Queens County,Open,FP,,,,,,,,,,,,,,,,,,,,,,,,,,,,
348,FP,,ST. CLEMENTS FOOD PANTRY (FP),"423 W 46th St, New York, New York, 10036",NY,10036,FRI/SAT,2-6PM/8-11:30AM,,,closed,,,,,closed,,,,,closed,,,,,closed,,,,,open,02:00 PM,06:00 PM,,,open,08:00 AM,11:30 AM,,,closed,,,,,,,,,,,,,,,,,,,,,,,,,,,,,,,,,,,,,,,,1680892750097,1699520414955,b8d5374b-9eda-4508-a14f-47ffd322f80d,40.761480294523,-73.991641967553,100,New York County,Open,FP,,,,,,,,,,,,,,,,,,,,,,,,,,,,
349,FP,,CENTER OF HOPE INTERNATIONAL,"38-49 12nd St, Long Island City, New York, 11101",QN,11101,"TUE, THUR/WED",12-3PM/11AM-2PM,,,closed,,,,,open,12:00 PM,03:00 PM,,,open,11:00 AM,02:00 PM,,,open,11:00 AM,02:00 PM,,,closed,,,,,closed,,,,,closed,,,,,,,,,,,,,,,,,,,,,,,,,,,,,,,,,,,,,,,,1680892750097,1732784422515,476127d2-b18f-4482-9b68-b93e1371b42a,40.756916934977,-73.941854049425,100,Queens County,Open,FP,,,,,,,,,,,,,,,,,,,,,,,,,,,,
351,FP,,EVANGEL FOOD PANTRY,"39-21 Crescent St, Long Island City, New York, 11101",QN,11101,M-F/SAT,9AM-3PM/9-11AM,,,closed,,,,,open,09:00 AM,03:00 PM,,,open,09:00 AM,03:00 PM,,,open,09:00 AM,03:00 PM,,,open,09:00 AM,03:00 PM,,,open,09:00 AM,12:00 PM,,,closed,,,,,,,,,,,,,,,,,,,,,,,,,,,,,,,,,,,,,,,,1680892750097,1680892750097,1a0818cd-673c-464c-9810-3d9a3cf5a10e,40.7542084067847,-73.9371155919214,100,Queens County,Open,FP,,,,,,,,,,,,,,,,,,,,,,,,,,,,
352,FP,,HOUR CHILDREN COMMUNITY OUTREACH (FP),"36-49 11th St, Astoria, New York, 11106",QN,11106,MON/TUE/THUR,2-4PM/10:3A-12:3P/3-5PM,,,open,02:00 AM,04:00 PM,,,open,10:30 AM,12:30 PM,,,closed,,,,,open,02:00 PM,04:00 PM,,,closed,,,,,closed,,,,,closed,,,,,,,,,,,,,,,,,,,,,,,,,,,,,,,,,,,,,,,,1680892750097,1704877214749,1fcaf1ca-3b80-485b-8e0e-962c972a2956,40.759936767053,-73.940527780885,100,Queens County,Open,FP,,,,,,,,,,,,,,,,,,,,,,,,,,,,
353,FP,,IGLESIA ALIANZA MISIONERA EBENEZER (FP),"43-02 38th St, Long Island City, New York, 11101",QN,11101,,,,,closed,,,,,closed,,,,,closed,,,,,closed,,,,,closed,,,,,open,08:00 AM,01:00 PM,,,closed,,,,,,,,,,,,,,,,,,,,,,,,,,,,,,,,,,,,,,,,1680892750097,1707987615603,f8b69524-0fea-4e1c-8d5c-11f02fb10f6e,40.745653920223,-73.926867374185,100,Queens County,Open,FP,,,,,,,,,,,,,,,,,,,,,,,,,,,,
355,FP,,ST. RAPHAEL CHURCH FOOD PANTRY (FP),"35-20 Greenpoint Ave, Sunnyside, New York, 11104",QN,11104,,,,,closed,,,,,closed,,,,,closed,,,,,open,10:30 AM,12:00 PM,,,closed,,,,,open,01:30 PM,03:00 PM,,,closed,,,,,,,,,,,,,,,,,,,,,,,,,,,,,,,,,,,,,,,,1680892750097,1724745624439,b478ba74-b695-42bd-8615-28d670cb4a89,40.737154754222,-73.930045875688,100,Queens County,Open,FP,,,,,,,,,,,,,,,,,,,,,,,,,,,,
358,FP,,CHURCH OF THE ANNUNCIATION,"88 Convent Ave, New York, New York, 10027",NY,10027,,,,,closed,,,,,open,02:00 PM,05:00 PM,,,closed,,,,,closed,,,,,closed,,,,,closed,,,,,closed,,,,,,,,,,,,,,,,,,,,,,,,,,,,,,,,,,,,,,,,1680892750097,1719475235062,2d95a4bf-7fcc-4e98-9914-1aecf93d5a33,40.81627170593305,-73.95296510027394,100,New York County,Open,FP,,,,,,,,,,,,,,,,,,,,,,,,,,,,
359,FP,,ST. PETER'S FOOD PANTRY,"346 W 20th St, New York, New York, 10011",NY,10011,SAT,10:30-11:30AM,,,closed,,,,,closed,,,,,closed,,,,,closed,,,,,closed,,,,,open,10:30 AM,11:30 AM,,,closed,,,,,,,,,,,,,,,,,,,,,,,,,,,,,,,,,,,,,,,,1680892750097,1680892750097,9a32a22b-d37f-4140-a5b6-aab1a6d8552d,40.7441535176449,-74.0019205277795,100,New York County,Open,FP,,,,,,,,,,,,,,,,,,,,,,,,,,,,
360,FP,SK,UNITED METHODIST CENTER IN FAR ROCKAWAY,"1032 Beach 19th St, Far Rockaway, NY, 11691, USA",QN,11691,"TUE,THUR",9:30-11AM,MON-FRI,12-1PM & 4:30-5:30PM,closed,,,,,open,09:30 AM,11:00 AM,01:00 PM,04:00 PM,open,09:30 AM,11:00 AM,01:00 PM,04:00 PM,closed,,,,,closed,,,,,closed,,,,,closed,,,,,open,12:00 PM,01:00 PM,04:30 PM,05:30 PM,open,12:00 PM,01:00 PM,04:30 PM,05:30 PM,open,12:00 PM,01:00 PM,04:30 PM,05:30 PM,open,12:00 PM,01:00 PM,04:30 PM,05:30 PM,open,12:00 PM,01:00 PM,04:30 PM,05:30 PM,closed,,,,,closed,,,,,1680892750097,1746777620807,45ce9196-e2f3-4b80-bf07-8eae3766c92a,40.603122464662,-73.751793305274,100,Queens County,Open,"FP,SK",,,,,,,,,,,,,,,,,,,,,,,,,,,,
365,FP,,DIVINE FOOD PANTRY,"215-31 99th Ave, Queens Village, New York, 11429",QN,11429,FRI,6-8PM,,,closed,,,,,closed,,,,,closed,,,,,closed,,,,,open,04:00 PM,06:30 PM,,,closed,,,,,closed,,,,,,,,,,,,,,,,,,,,,,,,,,,,,,,,,,,,,,,,1680892750097,1732006821950,eddfefa4-40a6-433f-a9a1-f97f3eb6bd25,40.714770504606,-73.742948385767,100,Queens County,Open,FP,,,,,,,,,,,,,,,,,,,,,,,,,,,,
366,FP,,HOLLIS AVENUE CONGREGATIONAL CHURCH,"211-04 Hollis Ave, Queens Village, New York, 11429",QN,11429,TUE,11AM-1PM,,,closed,,,,,open,08:00 AM,11:00 AM,,,closed,,,,,closed,,,,,closed,,,,,closed,,,,,closed,,,,,,,,,,,,,,,,,,,,,,,,,,,,,,,,,,,,,,,,1680892750097,1719475235062,3741f665-866c-4c2e-a0c4-5e4b5e6d4a94,40.7088860313915,-73.74634565494318,100,Queens County,Open,FP,,,,,,,,,,,,,,,,,,,,,,,,,,,,
369,FP,,BLACK FORUM OF CO-OP CITY,"920 Baychester Ave, Bronx, New York, 10475",BX,10475,"TUE, THUR,FRI",11AM-12:45PM,,,closed,,,,,closed,,,,,closed,,,,,open,11:00 AM,12:45 PM,,,open,11:00 AM,12:45 PM,,,closed,,,,,closed,,,,,,,,,,,,,,,,,,,,,,,,,,,,,,,,,,,,,,,,1680892750097,1737536419473,6a9666ef-389b-4985-9057-746edc386f58,40.877169417626,-73.833184183498,100,Bronx County,Open,FP,,,,,,,,,,,,,,,,,,,,,,,,,,,,
372,FP,,CALVARY'S MISSION,"102-16 89th Ave, Richmond Hill, New York, 11418",QN,11418,,,,,closed,,,,,closed,,,,,closed,,,,,closed,,,,,open,03:30 PM,06:30 PM,,,closed,,,,,closed,,,,,,,,,,,,,,,,,,,,,,,,,,,,,,,,,,,,,,,,1680892750097,1743580828690,75dc4364-a89d-4087-a16d-cf1f2b004767,40.693218368428,-73.843565254399,100,Queens County,Open,FP,,,,,,,,,,,,,,,,,,,,,,,,,,,,
374,FP,,RIVER FUND,"89-11 Lefferts Blvd, Richmond Hill, New York, 11418",QN,11418,,,,,closed,,,,,closed,,,,,open,09:00 AM,11:30 AM,,,closed,,,,,closed,,,,,open,09:00 AM,11:30 AM,,,closed,,,,,,,,,,,,,,,,,,,,,,,,,,,,,,,,,,,,,,,,1680892750097,1696665615026,5bd23308-c6a3-4e7e-bc24-ab907bd615ca,40.696941526,-73.829205880793,100,Queens County,Open,FP,,,,,,,,,,,,,,,,,,,,,,,,,,,,
383,FP,,ST. THOMAS AQUINAS FOOD PANTRY  (FP),"1900 Crotona Pkwy, Bronx, New York, 10460",BX,10460,WED,10AM-12PM,,,closed,,,,,closed,,,,,open,10:00 AM,12:00 PM,,,closed,,,,,closed,,,,,closed,,,,,closed,,,,,,,,,,,,,,,,,,,,,,,,,,,,,,,,,,,,,,,,1680892750097,1702026016877,fba872c2-f7d9-4d73-97c0-293d57b626a3,40.840785084684,-73.885468567668,100,Bronx County,Open,FP,,,,,,,,,,,,,,,,,,,,,,,,,,,,
384,FP,,DELIVERANCE TEMPLE CHURCH OF JESUS CHRIST,"134-10 Rockaway Blvd, South Ozone Park, New York, 11420",QN,11420,TUE,5:30-6:30PM,,,closed,,,,,open,05:30 PM,06:30 PM,,,closed,,,,,closed,,,,,closed,,,,,closed,,,,,closed,,,,,,,,,,,,,,,,,,,,,,,,,,,,,,,,,,,,,,,,1680892750097,1733907620310,09234d88-fdca-41ed-829f-a532a462e995,40.674453424604,-73.804106942287,100,Queens County,Open,FP,,,,,,,,,,,,,,,,,,,,,,,,,,,,
385,FP,,MORRIS BROWN HELPING HAND FOOD PROGRAM,"145-03 Rockaway Blvd, Jamaica, New York, 11436",QN,11436,WED,10AM-12PM,,,closed,,,,,closed,,,,,open,10:00 AM,12:00 PM,,,closed,,,,,closed,,,,,closed,,,,,closed,,,,,,,,,,,,,,,,,,,,,,,,,,,,,,,,,,,,,,,,1680892750097,1680892750097,75ace86b-cebd-4266-9a16-d22ea076920e,40.6738038271078,-73.7934154056913,100,Queens County,Open,FP,,,,,,,,,,,,,,,,,,,,,,,,,,,,
392,FP,,BVM/ST. MARY'S CHURCH WINFIELD,"70-31 48th Ave, Woodside, New York, 11377",QN,11377,THUR,9:30AM-12PM,,,closed,,,,,closed,,,,,closed,,,,,open,09:30 AM,12:00 PM,,,closed,,,,,closed,,,,,closed,,,,,,,,,,,,,,,,,,,,,,,,,,,,,,,,,,,,,,,,1680892750097,1680892750097,47966f02-8c57-49d8-9851-26b1ca4cd1bf,40.7384780052763,-73.892792842301,100,Queens County,Open,FP,,,,,,,,,,,,,,,,,,,,,,,,,,,,
393,FP,,SAINT TERESA CHURCH - SAINT VINCENT DePAUL SOCIETY,"50-20 45th St, Woodside, New York, 11377",QN,11377,TUE,4-5:30PM,,,closed,,,,,open,04:00 PM,05:30 PM,,,closed,,,,,closed,,,,,closed,,,,,closed,,,,,closed,,,,,,,,,,,,,,,,,,,,,,,,,,,,,,,,,,,,,,,,1680892750097,1680892750097,6904d815-2551-4bb7-9296-7a87effafa91,40.7370094120209,-73.9210412809258,100,Queens County,Open,FP,,,,,,,,,,,,,,,,,,,,,,,,,,,,
395,FP,,ADMIRABLE CHURCH INC (FP),"1910 Flatbush Ave, Brooklyn, New York, 11210",BK,11210,SAT,10AM-12PM,,,closed,,,,,closed,,,,,closed,,,,,closed,,,,,closed,,,,,open,10:00 AM,12:00 PM,,,closed,,,,,,,,,,,,,,,,,,,,,,,,,,,,,,,,,,,,,,,,1680892750097,1702717214072,7e4e86f9-e66c-4109-8ed1-bd0df1e120cb,40.623151231847,-73.937678101444,100,Kings County,Open,FP,,,,,,,,,,,,,,,,,,,,,,,,,,,,
398,FP,,APNA COMMUNITY SERVICES INC   ,"225 Neptune Ave, Brooklyn, New York, 11235",BK,11235,WED,2-4PM,,,closed,,,,,closed,,,,,open,02:00 PM,03:00 PM,,,closed,,,,,closed,,,,,closed,,,,,closed,,,,,,,,,,,,,,,,,,,,,,,,,,,,,,,,,,,,,,,,1680892750097,1773129627457,10bdd130-354f-48f8-bb74-b0c55bb79910,40.581802255745,-73.961690074746,100,Kings County,Open,FP,,,,,,,,,,,,,,,,,,,,,,,,,,,,
399,FPK,,KINGS BAY Y FOOD PANTRY,"3495 Nostrand Ave, Brooklyn, New York, 11229",BK,11229,MON/FRI,11AM-3PM/11AM-1PM,,,closed,,,,,closed,,,,,closed,,,,,closed,,,,,open,09:30 AM,11:00 AM,,,closed,,,,,closed,,,,,,,,,,,,,,,,,,,,,,,,,,,,,,,,,,,,,,,,1680892750097,1733994033916,67612f0b-2dbb-43af-9cbb-a86992cf7f4d,40.598730934131,-73.941331353943,100,Kings County,Open,FP,,,,,,,,,,,,,,,,,,,,,,,,,,,,
400,FPK,,METROPOLITAN COUNCIL ON JEWISH POVERTY,"5361 Preston Ct, Brooklyn, New York, 11234",BK,11234,TUE/THUR,1-3PM/10AM-12PM,,,closed,,,,,open,03:00 PM,05:00 PM,,,closed,,,,,open,03:00 PM,05:00 PM,,,closed,,,,,closed,,,,,closed,,,,,,,,,,,,,,,,,,,,,,,,,,,,,,,,,,,,,,,,1680892750097,1734512421307,421656a6-624d-4a93-9d47-dc5306d61b6a,40.638733357489,-73.923713431658,100,Kings County,Open,FP,,,,,,,,,,,,,,,,,,,,,,,,,,,,
401,FPK,,NAT'L COMM. FOR FUTH. OF JEWISH ED.(UC),"824 Eastern Pkwy, Brooklyn, New York, 11213",BK,11213,FRI,12-1PM,,,closed,,,,,closed,,,,,closed,,,,,closed,,,,,open,12:00 PM,01:00 PM,,,closed,,,,,closed,,,,,,,,,,,,,,,,,,,,,,,,,,,,,,,,,,,,,,,,1680892750097,1680892750097,133ae09e-34a5-4b73-b29f-5309d0c1b9a8,40.6689654154093,-73.9410246601054,100,Kings County,Open,FP,,,,,,,,,,,,,,,,,,,,,,,,,,,,
403,FPK,,SEPHARDIC BIKUR HOLIM FOOD PANTRY (FPK),"425 Kings Hwy, Brooklyn, New York, 11223",BK,11223,"M,TU,W,TH/FRI/TU,TH",9A-12:30P/9-11A/2-3:30P,,,open,09:00 AM,12:30 PM,01:00 PM,04:30 PM,open,09:00 AM,12:30 PM,01:00 PM,04:30 PM,open,09:00 AM,12:30 PM,01:00 PM,04:30 PM,open,09:00 AM,12:30 PM,01:00 PM,04:30 PM,open,09:00 AM,01:00 PM,,,closed,,,,,closed,,,,,,,,,,,,,,,,,,,,,,,,,,,,,,,,,,,,,,,,1680892750097,1744444819404,178b67fa-61a5-46e9-a4e8-7ba66af9a792,40.604623537792,-73.974870868947,100,Kings County,Open,FP,,,,,,,,,,,,,,,,,,,,,,,,,,,,
404,FPK,,SHALOM SENIOR CENTER,"483 Albany Ave, Brooklyn, New York, 11203",BK,11203,MON-THUR/FRI,9AM-4PM/9AM-12PM,,,open,01:00 PM,02:00 PM,,,open,01:00 PM,02:00 PM,,,open,01:00 PM,02:00 PM,,,open,01:00 PM,02:00 PM,,,open,12:00 PM,01:00 PM,,,closed,,,,,closed,,,,,,,,,,,,,,,,,,,,,,,,,,,,,,,,,,,,,,,,1680892750097,1730970021223,e1161484-601c-4a13-8be6-a4221d4616d7,40.663361191127,-73.939834429854,100,Kings County,Open,FP,,,,,,,,,,,,,,,,,,,,,,,,,,,,
406,FPK,,TOMCHE SHABBOS OF BORO PARK,"6225 New Utrecht Ave, Brooklyn, New York, 11219",BK,11219,THUR,3-5PM,,,closed,,,,,closed,,,,,open,03:00 PM,05:00 PM,,,closed,,,,,closed,,,,,closed,,,,,closed,,,,,,,,,,,,,,,,,,,,,,,,,,,,,,,,,,,,,,,,1680892750097,1680892750097,65926d55-5e52-47e1-a2cd-c27c1506ce8d,40.625370424532,-73.9970001829774,100,Kings County,Open,FP,,,,,,,,,,,,,,,,,,,,,,,,,,,,
407,FPK,,ZICHRON ACHEINU LEVY-MENACHEM TZION,"4518 11th Ave, Brooklyn, New York, 11219",BK,11219,FRI,10:30-11:30AM,,,closed,,,,,closed,,,,,open,10:00 AM,12:00 PM,,,closed,,,,,closed,,,,,closed,,,,,closed,,,,,,,,,,,,,,,,,,,,,,,,,,,,,,,,,,,,,,,,1680892750097,1761897623692,1b808c36-0e84-4a2a-bbcd-cf3d6323d0cb,40.639623347968,-73.994726005008,100,Kings County,Open,FP,,,,,,,,,,,,,,,,,,,,,,,,,,,,
408,FPK,,JEWISH COMMUNITY COUNCIL OF PELHAM PARKWAY,"2157 Holland Ave, Bronx, New York, 10462",BX,10462,"TUE,WED,THUR",12-4PM,,,closed,,,,,closed,,,,,closed,,,,,open,11:00 AM,03:00 PM,,,closed,,,,,closed,,,,,closed,,,,,,,,,,,,,,,,,,,,,,,,,,,,,,,,,,,,,,,,1680892750097,1719475235062,d43689fb-42dc-495c-bdec-879764a02fbf,40.85534281602844,-73.8658499689148,100,Bronx County,Open,FP,,,,,,,,,,,,,,,,,,,,,,,,,,,,
409,FPK,,JEWISH COMMUNITY COUNCIL OF WASHINGTON HGTS,"121 Bennett Ave, New York, NY, 10033, USA",NY,10033,"TUE,WED,THUR",11AM-1PM,,,closed,,,,,closed,,,,,open,10:00 AM,01:00 PM,,,closed,,,,,closed,,,,,closed,,,,,closed,,,,,,,,,,,,,,,,,,,,,,,,,,,,,,,,,,,,,,,,1680892750097,1733994033916,b5f1ba2d-862c-431e-a9e4-f4d8dbd59e72,40.854067844736,-73.934593393437,100,New York County,Open,FP,,,,,,,,,,,,,,,,,,,,,,,,,,,,
410,FPK,,LILLIAN WALD FOOD PANTRY,"12 Avenue D, New York, New York, 10009",NY,10009,FRI,1AM-2PM,,,closed,,,,,open,10:00 AM,02:00 PM,,,open,10:00 AM,02:00 PM,,,closed,,,,,closed,,,,,closed,,,,,closed,,,,,,,,,,,,,,,,,,,,,,,,,,,,,,,,,,,,,,,,1680892750097,1733302821322,26cc7d29-1fc1-47a6-a0fa-d342310a6717,40.720245521851,-73.978182475072,100,New York County,Open,FP,,,,,,,,,,,,,,,,,,,,,,,,,,,,
412,FPK,,ESTHER GRUNBLATT-CENTRAL QUEENS Y (FPK),"67-09 108th St, Forest Hills, New York, 11375 ",QN,11375,MON-FRI,10AM-1:3-PM,,,open,09:00 AM,02:00 PM,03:30 PM,06:30 PM,open,09:00 AM,02:00 PM,03:30 PM,06:30 PM,open,09:00 AM,02:00 PM,03:30 PM,06:30 PM,open,09:00 AM,02:00 PM,,,open,09:00 AM,12:00 PM,,,closed,,,,,closed,,,,,,,,,,,,,,,,,,,,,,,,,,,,,,,,,,,,,,,,1680892750097,1766566824297,d0cb9cf6-4c2d-4842-9994-9d755e3db5e9,40.728684086692,-73.847202916558,100,Queens County,Open,FP,,,,,,,,,,,,,,,,,,,,,,,,,,,,
413,FPK,,JEWISH COMMUNITY COUNCIL OF THE ROCKAWAY PENINSULA,"15-25 Central Ave, Far Rockaway, NY, 11691, USA",QN,11691,,,,,closed,,,,,open,09:30 AM,01:30 PM,,,closed,,,,,open,09:30 AM,01:30 PM,,,closed,,,,,closed,,,,,closed,,,,,,,,,,,,,,,,,,,,,,,,,,,,,,,,,,,,,,,,1680892750097,1751616015023,fc0377d8-462d-4b1e-bab6-c3e0a9ef96b4,40.605287468343,-73.751658775728,100,Queens County,Open,FP,,,,,,,,,,,,,,,,,,,,,,,,,,,,
415,FPK,,JEWISH COMMUNITY CENTER OF STATEN ISLAND,"1466 Manor Rd, Staten Island, New York, 10314",SI,10314,MON-THUR,10AM-6PM,,,open,09:00 AM,05:00 PM,,,open,09:00 AM,05:00 PM,,,open,09:00 AM,05:00 PM,,,open,09:00 AM,06:30 PM,,,open,09:00 AM,03:00 PM,,,closed,,,,,closed,,,,,,,,,,,,,,,,,,,,,,,,,,,,,,,,,,,,,,,,1680892750097,1739350821423,0805fa97-18fd-4867-a94a-c97743136e94,40.594743411334,-74.126203951485,100,Richmond County,Open,FP,,,,,,,,,,,,,,,,,,,,,,,,,,,,
416,FPK,,MESIVTHA OF STATEN ISLAND,"1870 Drumgoole Rd E, Staten Island, New York, 10309",SI,10309,WED,11AM-2PM,,,closed,,,,,closed,,,,,open,11:00 AM,12:00 PM,,,closed,,,,,closed,,,,,closed,,,,,closed,,,,,,,,,,,,,,,,,,,,,,,,,,,,,,,,,,,,,,,,1680892750097,1719475235062,e1c1f748-0149-4391-97cd-0f1e5bb3cf57,40.527651892289356,-74.21445332198145,100,Richmond County,Open,FP,,,,,,,,,,,,,,,,,,,,,,,,,,,,
419,FPK,SKK,MASBIA OF QUEENS,"105-47 64th Rd, Forest Hills, New York, 11375",QN,11375,,,,,open,12:00 PM,07:00 PM,,,open,12:00 PM,07:00 PM,,,open,12:00 PM,07:00 PM,,,open,12:00 PM,07:00 PM,,,closed,,,,,closed,,,,,open,12:00 PM,07:00 PM,,,open,03:00 PM,07:00 PM,,,open,03:00 PM,07:00 PM,,,open,03:00 PM,07:00 PM,,,open,03:00 PM,07:00 PM,,,closed,,,,,closed,,,,,open,03:00 PM,07:00 PM,,,1680892750097,1763024415842,e0e7a5cc-4583-4266-a598-a3cbf6fa1a07,40.7234257,-73.8454556,87.06,Queens County,Open,"FP,SK",,,,,,,,,,,,,,,,,,,,,,,,,,,,
420,FPM,,CITY HARVEST - BED-STUY MOBILE MARKET,"736 Park Ave, Brooklyn, NY, 11206, USA",BK,11206,"WED(3),SAT(1)",9:30-11:30AM,,,closed,,,,,closed,,,,,open,09:30 AM,11:30 AM,,,closed,,,,,closed,,,,,closed,,,,,closed,,,,,,,,,,,,,,,,,,,,,,,,,,,,,,,,,,,,,,,,1680892750097,1732784422515,fab6d843-867b-4ee9-8ade-0b5a1eeff037,40.69775440297,-73.94609277786,100,Kings County,Open,FP,,,,,,,,,,,,,,,,,,,,,,,,,,,,
424,FPM,,CITY HARVEST - MELROSE MOBILE MARKET,"286 E 156th St, Bronx, New York, 10451",BX,10451,"WED(4),SAT(2)",9:30-11:30AM,,,closed,,,,,closed,,,,,open,09:30 AM,11:30 AM,,,closed,,,,,closed,,,,,open,09:30 AM,11:30 AM,,,closed,,,,,,,,,,,,,,,,,,,,,,,,,,,,,,,,,,,,,,,,1680892750097,1732784422515,09fa86e4-5801-4f0b-bbea-766a387dd30d,40.821535960222,-73.920266625434,100,Bronx County,Open,FP,,,,,,,,,,,,,,,,,,,,,,,,,,,,
425,FPM,,CITY HARVEST - ST. MARY'S MOBILE MARKET,"595 Trinity Ave, Bronx, New York, 10455",BX,10455,"TUE(4),SAT(2)",9:30-11:30AM,,,closed,,,,,open,09:30 AM,11:30 AM,,,closed,,,,,closed,,,,,closed,,,,,open,09:30 AM,11:30 AM,,,closed,,,,,,,,,,,,,,,,,,,,,,,,,,,,,,,,,,,,,,,,1680892750097,1732784422515,f815eded-5f04-48c4-b161-4561511e7c3e,40.815134994134,-73.909729818771,100,Bronx County,Open,FP,,,,,,,,,,,,,,,,,,,,,,,,,,,,
427,FPM,,CITY HARVEST MOBILE MARKET - DYCKMAN HOUSES,"177 Nagle Ave, New York, New York, 10034",NY,10034,"WED(2),SAT(4)",9:30-11:30AM,,,closed,,,,,closed,,,,,open,09:30 AM,11:30 AM,,,closed,,,,,closed,,,,,open,09:30 AM,11:30 AM,,,closed,,,,,,,,,,,,,,,,,,,,,,,,,,,,,,,,,,,,,,,,1680892750097,1732784422515,89318d63-975e-4418-a01f-44a5ca199a2e,40.861138902074,-73.923996153252,100,New York County,Open,FP,,,,,,,,,,,,,,,,,,,,,,,,,,,,
428,FPM,,CITY HARVEST MOBILE MARKET - PRINCE HALL,"454 W 155th St, New York, New York, 10032",NY,10032,"THU(2),SAT(4)",9:30-11:30AM,,,closed,,,,,closed,,,,,closed,,,,,open,09:30 AM,11:30 AM,,,closed,,,,,open,09:30 AM,11:30 AM,,,closed,,,,,,,,,,,,,,,,,,,,,,,,,,,,,,,,,,,,,,,,1680892750097,1732784422515,e46efb47-a448-4777-802d-6cbbe8e86c8a,40.830800310164,-73.941866873736,100,New York County,Open,FP,,,,,,,,,,,,,,,,,,,,,,,,,,,,
429,FPM,,CITY HARVEST - ASTORIA MOBILE MARKET,"1-11 Astoria Blvd, Astoria, NY, 11102, USA",QN,11102,"THUR(3),SAT(1)",9:30-11:30AM,,,closed,,,,,closed,,,,,closed,,,,,open,09:30 AM,11:30 AM,,,closed,,,,,open,09:30 AM,11:30 AM,,,closed,,,,,,,,,,,,,,,,,,,,,,,,,,,,,,,,,,,,,,,,1680892750097,1719475235062,3d915ad3-c6a3-41cc-b3c6-06a4e1a4f932,40.77401018108467,-73.9367171243643,100,Queens County,Open,FP,,,,,,,,,,,,,,,,,,,,,,,,,,,,
430,FPM,,CITY HARVEST MOBILE MARKET - QUEENSBRIDGE HOUSES,"10-25 41st Ave, Long Island City, New York, 11101",QN,11101,"TUE(2),SAT(4)",9:30-11:30AM,,,closed,,,,,closed,,,,,open,09:30 AM,11:30 AM,,,closed,,,,,closed,,,,,open,09:30 AM,11:30 AM,,,closed,,,,,,,,,,,,,,,,,,,,,,,,,,,,,,,,,,,,,,,,1680892750097,1732784422515,0315ceef-d2df-49a7-ba9a-80f46e935aac,40.755455759706,-73.944638769117,100,Queens County,Open,FP,,,,,,,,,,,,,,,,,,,,,,,,,,,,
434,FPM,,CITY HARVEST - STAPLETON MOBILE MARKET,"75 Hill St, Staten Island, NY, 10304, USA",SI,10304,"TUE(1),SAT(3)",9:30-11:30AM,,,closed,,,,,open,09:30 AM,11:30 AM,,,closed,,,,,closed,,,,,closed,,,,,open,09:30 AM,11:30 AM,,,closed,,,,,,,,,,,,,,,,,,,,,,,,,,,,,,,,,,,,,,,,1680892750097,1732784422515,7069cb7e-2ce8-4c88-ae97-dfffc1b4c5ff,40.622138656034,-74.080622491464,100,Richmond County,Open,FP,,,,,,,,,,,,,,,,,,,,,,,,,,,,
436,,SK,BETHANY UNITED METHODIST CHURCH (SK),"1208 St Johns Pl, Brooklyn, New York, 11213",BK,11213,,,,,,,,,,,,,,,,,,,,,,,,,,,,,,,,,,,,,,,,closed,,,,,open,12:30 PM,02:30 PM,,,closed,,,,,open,05:00 PM,07:00 PM,,,closed,,,,,closed,,,,,closed,,,,,1680892750097,1732093220663,7ae7ae56-be41-415d-97cc-b0c692ac4d56,40.670745061091,-73.93826357738,100,Kings County,Open,SK,,,,,,,,,,,,,,,,,,,,,,,,,,,,
437,,SK,COMMUNITY HELP IN PARK SLOPE INC (SK),"200 4th Ave, Brooklyn, NY, 11217, USA",BK,11217,,,,,,,,,,,,,,,,,,,,,,,,,,,,,,,,,,,,,,,,open,09:00 AM,10:30 AM,11:30 AM,01:00 PM,open,09:00 AM,10:30 AM,11:30 AM,01:00 PM,open,09:00 AM,10:30 AM,11:30 AM,01:00 PM,open,09:00 AM,10:30 AM,11:30 AM,01:00 PM,open,09:00 AM,10:30 AM,11:30 AM,01:00 PM,open,09:00 AM,10:30 AM,11:30 AM,01:00 PM,closed,,,,,1680892750097,1753516814801,d85a0a46-3d39-4b0c-aaca-b7461050256f,40.678294012639,-73.982714821576,100,Kings County,Open,SK,,,,,,,,,,,,,,,,,,,,,,,,,,,,
438,,SK,HOPE CENTER DEVELOPMENT CORPORATION,"409 E 95th St, Brooklyn, New York, 11212",BK,11212,,,,,,,,,,,,,,,,,,,,,,,,,,,,,,,,,,,,,,,,closed,,,,,closed,,,,,closed,,,,,closed,,,,,closed,,,,,open,11:00 AM,01:30 PM,,,closed,,,,,1680892750097,1719475235062,9fd8ef5b-1dcf-4623-88fa-79b1655e25a4,40.6571944573229,-73.91844674661684,100,Kings County,Open,SK,,,,,,,,,,,,,,,,,,,,,,,,,,,,
439,,SK,NEIGHBORS TOGETHER (SK),"2094 Fulton St, Brooklyn, New York, 11233",BK,11233,,,,,,,,,,,,,,,,,,,,,,,,,,,,,,,,,,,,,,,,open,12:00 PM,02:00 PM,04:00 PM,06:00 PM,open,12:00 PM,02:00 PM,04:00 PM,06:00 PM,open,12:00 PM,02:00 PM,04:00 PM,06:00 PM,open,12:00 PM,02:00 PM,04:00 PM,06:00 PM,open,12:00 PM,02:00 PM,,,closed,,,,,closed,,,,,1680892750097,1697097617869,95503966-1523-471e-8c0a-d69640b727c3,40.678329048994,-73.913937198889,100,Kings County,Open,SK,,,,,,,,,,,,,,,,,,,,,,,,,,,,
440,,SK,OPIN (OTHER PEOPLE IN NEED) (83913),"1768 St Johns Pl, Brooklyn, New York, 11233",BK,11233,,,,,,,,,,,,,,,,,,,,,,,,,,,,,,,,,,,,,,,,closed,,,,,closed,,,,,closed,,,,,closed,,,,,open,02:00 PM,04:00 PM,,,closed,,,,,closed,,,,,1680892750097,1727769627977,e2c1fb9f-ddd6-499f-a1d8-32c5322d0964,40.669760397016,-73.91848287262,100,Kings County,Open,SK,,,,,,,,,,,,,,,,,,,,,,,,,,,,
441,,SK,UNITED COMMUNITY BAPTIST CHURCH,"545 Utica Ave, Brooklyn, New York, 11203",BK,11203,,,,,,,,,,,,,,,,,,,,,,,,,,,,,,,,,,,,,,,,closed,,,,,closed,,,,,closed,,,,,closed,,,,,closed,,,,,open,10:00 AM,12:00 PM,,,closed,,,,,1680892750097,1719475235062,1a3e1368-c631-496e-81b3-18f3d5865dd1,40.66019128107476,-73.93106251672425,100,Kings County,Open,SK,,,,,,,,,,,,,,,,,,,,,,,,,,,,
442,,SK,EASTCHESTER PRESBYTERIAN CHURCH (SK),"3154 Fish Ave, Bronx, New York, 10469",BX,10469,,,,,,,,,,,,,,,,,,,,,,,,,,,,,,,,,,,,,,,,closed,,,,,closed,,,,,closed,,,,,open,05:00 PM,06:00 PM,,,closed,,,,,closed,,,,,closed,,,,,1680892750097,1757404815649,5a2747a1-7942-431a-8a5d-fc8a50ceadc6,40.871322076242,-73.847255387272,100,Bronx County,Open,SK,,,,,,,,,,,,,,,,,,,,,,,,,,,,
443,,SK,LOYAL BAPTIST CHURCH,"881 E 167th St, Bronx, New York, 10459",BX,10459,,,,,,,,,,,,,,,,,,,,,,,,,,,,,,,,,,,,,,,,closed,,,,,closed,,,,,closed,,,,,open,11:00 AM,03:00 PM,,,closed,,,,,closed,,,,,closed,,,,,1680892750097,1719475235062,5ce3a607-ddaf-439b-89f0-d250fb810d13,40.8261247169348,-73.89622724330809,100,Bronx County,Open,SK,,,,,,,,,,,,,,,,,,,,,,,,,,,,
444,,SK,PATHHSEO INC,"1357 Southern Blvd, Bronx, NY, 10459, USA",BX,10459,,,,,,,,,,,,,,,,,,,,,,,,,,,,,,,,,,,,,,,,closed,,,,,closed,,,,,closed,,,,,closed,,,,,closed,,,,,open,12:00 PM,02:00 PM,,,closed,,,,,1680892750097,1698480016244,526245bf-38d3-45a2-b1f9-0d97037bb370,40.8321441807,-73.891099614041,100,Bronx County,Open,SK,,,,,,,,,,,,,,,,,,,,,,,,,,,,
445,,SK,ST. ANTHONY'S CHURCH (SK),"1750 Mansion St, Bronx, New York, 10460",BX,10460,,,,,,,,,,,,,,,,,,,,,,,,,,,,,,,,,,,,,,,,closed,,,,,closed,,,,,closed,,,,,closed,,,,,closed,,,,,open,07:00 AM,01:00 PM,,,closed,,,,,1680892750097,1715673615110,b60f713e-9477-46a7-bbe3-090667f8aa16,40.837910259533,-73.869447565577,100,Bronx County,Open,SK,,,,,,,,,,,,,,,,,,,,,,,,,,,,
446,,SK,WOODYCREST UNITED METHODIST CHURCH,"89 W 166th St, Bronx, New York, 10452",BX,10452,,,,,,,,,,,,,,,,,,,,,,,,,,,,,,,,,,,,,,,,closed,,,,,closed,,,,,open,12:00 PM,01:30 PM,,,closed,,,,,closed,,,,,closed,,,,,closed,,,,,1680892750097,1693987213796,1681b44b-3c69-455b-9a0d-021695a1aef3,40.835310235077,-73.926558836329,100,Bronx County,Open,SK,,,,,,,,,,,,,,,,,,,,,,,,,,,,
447,FP,SK,EBENEZER SEVENTH DAY ADVENTIST CHURCH,"1234 E New York Ave, Brooklyn, New York, 11212",BK,11212,WED,10:30AM-12PM,SUN,12:30-2PM,closed,,,,,closed,,,,,open,10:30 AM,12:00 PM,,,closed,,,,,closed,,,,,closed,,,,,closed,,,,,closed,,,,,closed,,,,,closed,,,,,closed,,,,,closed,,,,,closed,,,,,closed,,,,,1680892750097,1714464016029,9f171623-e8ed-4f65-bad5-57df2c665657,40.667489152713,-73.92123917766,100,Kings County,Open,"FP,SK",,,,,,,,,,,,,,,,,,,,,,,,,,,,
449,FP,SK,GRAND CENTRAL NEIGHBORHOOD SOCIAL SERVICE CORP.,"120 E 32nd St, New York, NY, 10016, USA",BK,10016,MON-SUN,6:30-7:30A/12-1:30P/4-6P,,,closed,,,,,closed,,,,,open,01:00 PM,03:00 PM,,,closed,,,,,closed,,,,,closed,,,,,closed,,,,,open,07:30 AM,08:15 AM,12:00 PM,01:15 PM,open,07:30 AM,08:15 AM,12:00 PM,01:15 PM,open,07:30 AM,08:15 AM,12:00 PM,01:15 PM,open,07:30 AM,08:15 AM,12:00 PM,01:15 PM,open,07:30 AM,08:15 AM,12:00 PM,01:15 PM,open,07:30 AM,08:15 AM,12:00 PM,01:15 PM,open,07:30 AM,08:15 AM,12:00 PM,01:15 PM,1680892750097,1761638416484,cd13e707-fd0e-4b84-8c6c-67df63d4dc5b,40.647907476243,-73.947599257318,100,Kings County,Open,"FP,SK",,,,,,,,,,,,,,,03:00 PM,05:00 PM,03:00 PM,05:00 PM,03:00 PM,05:00 PM,03:00 PM,05:00 PM,03:00 PM,05:00 PM,03:00 PM,05:00 PM,03:00 PM,05:00 PM
452,,SK,ST. IGNATIUS EPISCOPAL CHURCH,"552 W End Ave, New York, New York, 10024",NY,10024,,,,,,,,,,,,,,,,,,,,,,,,,,,,,,,,,,,,,,,,open,06:45 PM,07:15 PM,,,closed,,,,,closed,,,,,closed,,,,,closed,,,,,open,03:45 PM,04:15 PM,,,closed,,,,,1680892750097,1680892750097,3148a256-e4f9-45cf-b250-c9846ab1895b,40.7893183551679,-73.977312852618,100,New York County,Open,SK,,,,,,,,,,,,,,,,,,,,,,,,,,,,
454,,SK,ST. MICHAEL'S CHURCH,"225 W 99th St, New York, New York, 10025",NY,10025,,,,,,,,,,,,,,,,,,,,,,,,,,,,,,,,,,,,,,,,closed,,,,,closed,,,,,closed,,,,,closed,,,,,closed,,,,,open,10:00 AM,11:30 AM,,,closed,,,,,1680892750097,1719475235062,86a6d0ed-6ada-4631-8c01-79ae55d7dbc1,40.79645357597454,-73.96942405680633,100,New York County,Open,SK,,,,,,,,,,,,,,,,,,,,,,,,,,,,
455,,SK,TEMPLE SHAARAY TEFILA,"250 E 79th St, New York, New York, 10075",NY,10075,,,,,,,,,,,,,,,,,,,,,,,,,,,,,,,,,,,,,,,,closed,,,,,closed,,,,,open,11:15 AM,12:00 PM,,,closed,,,,,closed,,,,,closed,,,,,closed,,,,,1680892750097,1728460820673,114fcba7-452a-4e61-83aa-3ce5db5358f7,40.773348776052,-73.955474055351,100,New York County,Open,SK,,,,,,,,,,,,,,,,,,,,,,,,,,,,
456,,SK,"UNIVERSITY COMMUNITY SOCIAL SERVICES, INC","137 E 2nd St, New York, New York, 10009",NY,10009,,,,,,,,,,,,,,,,,,,,,,,,,,,,,,,,,,,,,,,,closed,,,,,closed,,,,,closed,,,,,closed,,,,,closed,,,,,open,09:00 AM,10:00 AM,01:00 PM,02:30 PM,closed,,,,,1680892750097,1696320016736,d2dee5fb-7086-4423-8195-f245e54ec0bd,40.723116156051,-73.986289870919,100,New York County,Open,SK,,,,,,,,,,,,,,,,,,,,,,,,,,,,
458,,SKK,CONGREGATION B'NAI JESHURUN,"257 W 88th St, New York, New York, 10024",NY,10024,,,,,,,,,,,,,,,,,,,,,,,,,,,,,,,,,,,,,,,,closed,,,,,closed,,,,,closed,,,,,open,12:00 PM,01:00 PM,,,closed,,,,,closed,,,,,closed,,,,,1680892750097,1680892750097,603b61e8-f1d8-43f8-97d4-7992879159e0,40.7900202138303,-73.9762362809741,100,New York County,Open,SK,,,,,,,,,,,,,,,,,,,,,,,,,,,,
459,,SKM,COALITION FOR THE HOMELESS,"108 E 51st St, New York, NY, 10022, USA",NY,10022,,,,,,,,,,,,,,,,,,,,,,,,,,,,,,,,,,,,,,,,open,05:30 PM,10:00 PM,,,open,05:30 PM,10:00 PM,,,open,05:30 PM,10:00 PM,,,open,05:30 PM,10:00 PM,,,open,05:30 PM,10:00 PM,,,open,05:30 PM,10:00 PM,,,open,05:30 PM,10:00 PM,,,1680892750097,1732784422515,e85f5bb7-a4cc-412e-af5c-058495b68bc9,40.757344520409,-73.97258170199,100,New York County,Open,SK,,,,,,,,,,,,,,,,,,,,,,,,,,,,
460,FP,SK,"FAITH CENTER FOR HUMAN SERVICES, INC","1014 Gates Ave, Brooklyn, New York, 11221",BK,11221,,,,,closed,,,,,closed,,,,,closed,,,,,closed,,,,,closed,,,,,open,09:30 AM,12:00 PM,,,closed,,,,,closed,,,,,closed,,,,,closed,,,,,closed,,,,,closed,,,,,open,09:30 AM,12:00 PM,,,closed,,,,,1680892750097,1729065624259,e75db69a-d1f7-41d3-b8f1-6b8e4f5b52e5,40.689302385174,-73.922833834739,100,Kings County,Open,"FP,SK",,,,,,,,,,,,,,,,,,,,,,,,,,,,
461,FP,SK,HEBRON SEVENTH DAY ADVENTIST CHURCH,"905 Sutter Ave, Brooklyn, NY, 11207, USA",BK,11207,,,,,closed,,,,,closed,,,,,open,09:30 AM,10:00 AM,,,closed,,,,,closed,,,,,closed,,,,,closed,,,,,closed,,,,,closed,,,,,closed,,,,,closed,,,,,closed,,,,,closed,,,,,open,12:30 PM,02:00 PM,,,1680892750097,1758700816346,0b3843bb-e457-47d5-ba52-41a3a9a6abbb,40.671011312246,-73.884983004017,100,Kings County,Open,"FP,SK",,,,,,,,,,,,,,,,,,,,,,,,,,,,
462,FP,SK,ISAIAH'S TEMPLE OF MT. HOPE,"862 Glenmore Ave, Brooklyn, New York, 11208",BK,11208,,,,,closed,,,,,closed,,,,,closed,,,,,open,02:00 PM,04:00 PM,,,closed,,,,,closed,,,,,closed,,,,,closed,,,,,open,02:00 PM,04:00 PM,,,closed,,,,,open,02:00 PM,04:00 PM,,,closed,,,,,closed,,,,,closed,,,,,1680892750097,1733994033916,ca611a13-8295-4bd5-97df-958f7e657b8a,40.675713518018,-73.878185867275,100,Kings County,Open,"FP,SK",,,,,,,,,,,,,,,,,,,,,,,,,,,,
463,FP,SK,NEXT STEP COMMUNITY CHURCH,"360 Schermerhorn St, Brooklyn, New York, 11217",BK,11217,"SAT (2,3,4)",9-10:30AM,"M,TUE,FRI",9-10AM,closed,,,,,closed,,,,,closed,,,,,closed,,,,,closed,,,,,open,09:00 AM,10:30 AM,,,closed,,,,,open,09:00 AM,10:00 AM,,,open,09:00 AM,10:00 AM,,,open,09:00 AM,10:00 AM,,,closed,,,,,closed,,,,,closed,,,,,closed,,,,,1680892750097,1719475235062,25206854-4d7d-4bb5-b191-07ad437e831f,40.68664146619227,-73.98023495170298,100,Kings County,Open,"FP,SK",,,,,,,,,,,,,,,,,,,,,,,,,,,,
464,FP,SK,ST. GEORGE'S EPISCOPAL CHURCH FOOD PANTRY,"800 Marcy Ave, Brooklyn, New York, 11216",BK,11216,FRI,10AM-3PM,TUE-THUR,12-2PM,closed,,,,,closed,,,,,closed,,,,,closed,,,,,open,10:00 AM,02:00 PM,,,closed,,,,,closed,,,,,closed,,,,,open,12:30 PM,02:00 PM,,,open,12:30 PM,02:00 PM,,,open,12:30 PM,02:00 PM,,,closed,,,,,closed,,,,,closed,,,,,1680892750097,1737190819374,0cf2e119-40ee-45c7-8a6d-c71aa1191319,40.686339969135,-73.947586349187,100,Kings County,Open,"FP,SK",,,,,,,,,,,,,,,,,,,,,,,,,,,,
465,FP,SK,ST. JOHN'S BREAD & LIFE FOOD PANTRY,"795 Lexington Ave, New York, New York, 10065",NY,10065,MON-THUR,8AM-1PM,MON-THUR,10AM-12PM,open,08:00 AM,01:00 PM,,,open,08:00 AM,01:00 PM,,,open,08:00 AM,01:00 PM,,,open,08:00 AM,01:00 PM,,,closed,,,,,closed,,,,,closed,,,,,open,09:00 AM,12:30 PM,,,open,09:00 AM,12:30 PM,,,open,09:00 AM,12:30 PM,,,open,09:00 AM,12:30 PM,,,closed,,,,,closed,,,,,closed,,,,,1680892750097,1732006821950,d49f1366-30b6-48c3-a821-25de7bbfb728,40.763811720891,-73.966845615752,100,New York County,Open,"FP,SK",,,,,,,,,,,,,,,,,,,,,,,,,,,,
467,FP,SK,THE SALVATION ARMY BUSHWICK CORPS,"1151 Bushwick Ave, Brooklyn, New York, 11221",BK,11221,"M,TU,TH,FRI",10AM-12PM,"M,TU,TH,FRI",12:30-2PM,open,10:00 AM,12:30 PM,,,open,10:00 AM,12:30 PM,,,closed,,,,,open,10:00 AM,12:30 PM,,,closed,,,,,closed,,,,,closed,,,,,open,12:30 PM,02:00 PM,,,open,12:30 PM,02:00 PM,,,closed,,,,,open,12:30 PM,02:00 PM,,,open,12:30 PM,02:00 PM,,,closed,,,,,closed,,,,,1680892750097,1729756825366,ecd4fffa-265c-455e-91e9-fbc3fe51cc23,40.689263199777,-73.917314770593,100,Kings County,Open,"FP,SK",,,,,,,,,,,,,,,,,,,,,,,,,,,,
468,FP,SK,THE SALVATION ARMY SUNSET PARK CORPS,"520 50th St, Brooklyn, New York, 11220",BK,11220,WED,10AM-12PM,MON-FRI,12-1PM,closed,,,,,closed,,,,,open,10:00 AM,12:00 PM,,,closed,,,,,closed,,,,,closed,,,,,closed,,,,,open,12:00 PM,01:00 PM,,,open,12:00 PM,01:00 PM,,,open,12:00 PM,01:00 PM,,,open,12:00 PM,01:00 PM,,,open,12:00 PM,01:00 PM,,,closed,,,,,closed,,,,,1680892750097,1680892750097,d380426f-c8d2-4dfe-9b87-5d67456b0f3a,40.644693603108,-74.0098265064926,100,Kings County,Open,"FP,SK",,,,,,,,,,,,,,,,,,,,,,,,,,,,
469,FP,,THURSTON MEMORIAL OUTREACH MINISTRIES,"1243 Bushwick Ave, Brooklyn, New York, 11221",BK,11221,,,,,closed,,,,,closed,,,,,closed,,,,,closed,,,,,open,02:00 PM,04:30 PM,,,closed,,,,,closed,,,,,,,,,,,,,,,,,,,,,,,,,,,,,,,,,,,,,,,,1680892750097,1719475235062,15435617-6268-4edf-b465-b8c2a933498b,40.68775743278104,-73.91469140253714,100,Kings County,Open,FP,,,,,,,,,,,,,,,,,,,,,,,,,,,,
470,FP,SK,"CRESTON AVENUE BAPTIST CHURCH, INC","114 E 188th St, Bronx, New York, 10468",BX,10468,,,,,open,12:00 PM,02:00 PM,,,closed,,,,,open,12:00 PM,02:00 PM,,,closed,,,,,open,12:00 PM,02:00 PM,,,closed,,,,,closed,,,,,closed,,,,,closed,,,,,closed,,,,,closed,,,,,closed,,,,,open,12:00 PM,02:00 PM,,,closed,,,,,1680892750097,1725523228650,8302f848-0846-4281-88ec-80adf7731fc6,40.861844071588,-73.899158981582,100,Bronx County,Open,"FP,SK",,,,,,,,,,,,,,,,,,,,,,,,,,,,
471,FP,SK,GRACE EPISCOPAL CHURCH  (BX),"1909 Vyse Ave, Bronx, New York, 10460",BX,10460,,,,,closed,,,,,closed,,,,,closed,,,,,open,07:30 AM,10:30 AM,,,closed,,,,,closed,,,,,closed,,,,,closed,,,,,closed,,,,,closed,,,,,closed,,,,,closed,,,,,open,12:00 PM,01:30 PM,,,closed,,,,,1680892750097,1739610023195,f72da320-8d88-4060-afa2-1f593c327003,40.840571639519,-73.883551961688,100,Bronx County,Open,"FP,SK",,,,,,,,,,,,,,,,,,,,,,,,,,,,
473,FP,SK,"MANNA OF LIFE MINISTRIES, INC","1101 Boston Rd, Bronx, New York, 10456",BX,10456,"TUE/W,THU,SAT",4-6PM/9AM-1PM,SAT,9AM-1PM,closed,,,,,closed,,,,,open,08:00 AM,11:00 AM,,,open,08:00 AM,11:00 AM,,,closed,,,,,open,08:00 AM,11:00 AM,,,closed,,,,,closed,,,,,closed,,,,,closed,,,,,closed,,,,,closed,,,,,open,09:00 AM,01:00 PM,,,closed,,,,,1680892750097,1742371223732,922609dd-2a43-40cd-91bb-5871b7765344,40.827525039589,-73.904892119535,100,Bronx County,Open,"FP,SK",,,,,,,,,,,,,,,,,,,,,,,,,,,,
474,FP,SK,PART OF THE SOLUTION,"2759 Webster Ave, Bronx, New York, 10458",BX,10458,MON-SAT,8:30-11AM,MON-FRI,12:30-3:30PM,open,08:30 AM,11:00 AM,,,open,08:30 AM,11:00 AM,,,open,08:30 AM,11:00 AM,,,open,08:30 AM,11:00 AM,,,open,08:30 AM,11:00 AM,,,open,08:30 AM,11:00 AM,,,closed,,,,,open,12:30 PM,03:00 PM,,,open,12:30 PM,03:00 PM,,,open,12:30 PM,03:00 PM,,,open,12:30 PM,03:00 PM,,,open,12:30 PM,03:00 PM,,,open,12:30 PM,03:00 PM,,,closed,,,,,1680892750097,1760601627096,64849c94-be01-4af6-a263-8ff54e8e4e60,40.865752553039,-73.886562406033,100,Bronx County,Open,"FP,SK",,,,,,,,,,,,,,,,,,,,,,,,,,,,
476,FP,SK,ST. ANN'S CHURCH OF MORRISANIA,"295 St Anns Ave, Bronx, New York, 10454",BX,10454,"WED,FRI",10:30AM-2PM,SUN,11:30AM-2PM,closed,,,,,closed,,,,,open,10:00 AM,01:00 PM,05:00 PM,06:00 PM,closed,,,,,closed,,,,,closed,,,,,closed,,,,,closed,,,,,closed,,,,,closed,,,,,closed,,,,,closed,,,,,closed,,,,,open,11:00 AM,01:00 PM,,,1680892750097,1693987213796,c271a312-7d06-412b-b77c-6960b6bf01d2,40.808443972286,-73.916662155612,100,Bronx County,Open,"FP,SK",,,,,,,,,,,,,,,,,,,,,,,,,,,,
477,,SK,ST. LUKE'S SENIOR COMMUNITY PROGRAM (SK),"765 E 222nd St, Bronx, New York, 10467",BX,10467,,,,,,,,,,,,,,,,,,,,,,,,,,,,,,,,,,,,,,,,open,12:00 PM,01:00 PM,,,open,12:00 PM,01:00 PM,,,open,12:00 PM,01:00 PM,,,open,12:00 PM,01:00 PM,,,open,12:00 PM,01:00 PM,,,closed,,,,,closed,,,,,1680892750097,1732006821950,e957d7bf-5834-43f7-b33d-c4c380c91e26,40.88508918457,-73.85920454462,100,Bronx County,Open,SK,,,,,,,,,,,,,,,,,,,,,,,,,,,,
478,FP,SK,THE SALVATION ARMY BRONX CITADEL,"425 E 159th St, Bronx, New York, 10451",BX,10451,TUE,9AM-3PM,"MON,WED,FRI",1-2PM,closed,,,,,open,09:00 AM,12:00 PM,,,closed,,,,,closed,,,,,closed,,,,,closed,,,,,closed,,,,,open,01:00 PM,02:00 PM,,,closed,,,,,open,01:00 PM,02:00 PM,,,closed,,,,,open,01:00 PM,02:00 PM,,,closed,,,,,closed,,,,,1680892750097,1701162024142,59a981aa-9943-4c85-a69b-96087f6f0970,40.822707289282,-73.913415676874,100,Bronx County,Open,"FP,SK",,,,,,,,,,,,,,,,,,,,,,,,,,,,
479,FP,SK,ADVENT LUTHERAN CHURCH,"2504 Broadway, New York, New York, 10025",NY,10025,"SAT (1,3)",10:30-11:30AM,,,closed,,,,,closed,,,,,closed,,,,,closed,,,,,closed,,,,,open,10:00 AM,12:00 PM,,,closed,,,,,closed,,,,,closed,,,,,closed,,,,,closed,,,,,closed,,,,,open,12:00 PM,01:00 PM,,,closed,,,,,1680892750097,1732093220663,ad04fff1-4c77-4658-83a7-8f389148a81a,40.792761682902,-73.972843286569,100,New York County,Open,"FP,SK",,,,,,,,,,,,,,,,,,,,,,,,,,,,
481,FP,SK,BROADWAY COMMUNITY ,"601 W 114th St, New York, New York, 10025",NY,10025,SAT(4),1-3PM,"M,W,F",10:15AM-2PM,closed,,,,,closed,,,,,closed,,,,,open,02:00 PM,05:00 PM,,,closed,,,,,closed,,,,,closed,,,,,open,10:00 AM,11:30 AM,12:30 PM,01:30 PM,open,10:00 AM,11:30 AM,12:30 PM,01:30 PM,open,10:00 AM,11:30 AM,12:30 PM,01:30 PM,closed,,,,,open,10:00 AM,11:30 AM,12:30 PM,01:30 PM,closed,,,,,closed,,,,,1680892750097,1741251635929,1b3b9387-f303-4541-873a-d2e3f1dd64f9,40.806913394857,-73.965059348366,100,New York County,Open,"FP,SK",,,,,,,,,,,,,,,,,,,,,,,,,,,,
482,FP,SK,CROSSROADS COMMUNITY SERVICES INC,"108 E 51st St, New York, NY, 10022, USA",NY,10022,THUR,10AM-1PM,"M,W,SUN",7:30AM-8:45AM,closed,,,,,closed,,,,,closed,,,,,open,09:30 AM,12:45 PM,,,closed,,,,,closed,,,,,closed,,,,,open,07:45 AM,08:45 AM,,,closed,,,,,open,07:45 AM,08:45 AM,,,closed,,,,,closed,,,,,open,10:00 AM,11:00 AM,,,open,07:45 AM,08:45 AM,,,1680892750097,1745913619641,b7f0edb2-3245-4b06-8cca-3c042f8bd419,40.757344520409,-73.97258170199,100,New York County,Open,"FP,SK",,,,,,,,,,,,,,,,,,,,,,,,,,,,
483,FP,SK,FOOD BANK FOR NEW YORK CITY ,"252 W 116th St, New York, New York, 10026",NY,10026,WED,12-6PM,MON-FRI,3:30-4:30PM,closed,,,,,open,10:00 AM,01:00 PM,,,closed,,,,,closed,,,,,closed,,,,,closed,,,,,closed,,,,,open,04:00 PM,06:00 PM,,,closed,,,,,open,04:00 PM,06:00 PM,,,closed,,,,,open,04:00 PM,06:00 PM,,,closed,,,,,closed,,,,,1680892750097,1772096431990,7c2167a1-d001-4bc2-8fa2-4a9152107454,40.80396723971,-73.954981786178,100,New York County,Open,"FP,SK",,,,,,,,,,,,,,,,,,,,,,,,,,,,
484,FP,SK,"FRATERNITE NOTRE DAME, INC","2290 1st Ave, New York, New York, 10035",NY,10035,FRI,2-5PM,WED,10:30AM-1PM,closed,,,,,closed,,,,,closed,,,,,closed,,,,,open,02:00 PM,05:00 PM,,,closed,,,,,closed,,,,,closed,,,,,closed,,,,,closed,,,,,open,11:00 AM,01:00 PM,,,closed,,,,,closed,,,,,closed,,,,,1680892750097,1688112013482,242c4508-bbd8-4095-9e76-5400c8d9c9f2,40.797059461846,-73.934418714575,100,New York County,Open,"FP,SK",,,,,,,,,,,,,,,,,,,,,,,,,,,,
485,FP,SK,HOLY APOSTLES SOUP KITCHEN PANTRY,"296 9th Ave, New York, New York, 10001",NY,10001,"TUE,WED,THUR",1:30-3PM,MON-FRI,10:30AM-12:30PM,closed,,,,,open,09:30 AM,11:00 AM,,,open,09:30 AM,11:00 AM,,,open,09:30 AM,11:00 AM,,,closed,,,,,closed,,,,,closed,,,,,open,10:30 AM,12:30 PM,,,open,10:30 AM,12:30 PM,,,open,10:30 AM,12:30 PM,,,open,10:30 AM,12:30 PM,,,open,10:30 AM,12:30 PM,,,closed,,,,,closed,,,,,1680892750097,1770282038243,d9b2a6d4-fc77-4821-a253-8eaf7b5762f5,40.749159860774,-73.998930619098,100,New York County,Open,"FP,SK",,,,,,,,,,,,,,,,,,,,,,,,,,,,
486,FP,SK,IRIS HOUSE,"2348 Adam Clayton Powell Jr Blvd, New York, New York, 10030",NY,10030,THUR,10AM-3PM,TUE-FRI,12-1:30PM,closed,,,,,closed,,,,,closed,,,,,open,10:00 AM,03:00 PM,,,closed,,,,,closed,,,,,closed,,,,,closed,,,,,open,12:00 PM,01:30 PM,,,open,12:00 PM,01:30 PM,,,open,12:00 PM,01:30 PM,,,open,12:00 PM,01:30 PM,,,closed,,,,,closed,,,,,1680892750097,1733994033916,c8530979-b665-4824-87cf-c47fd6e4704b,40.817088731945,-73.942739681314,100,New York County,Open,"FP,SK",,,,,,,,,,,,,,,,,,,,,,,,,,,,
487,FP,SK,NATIONAL COUNCIL OF JEWISH WOMEN,"241 W 72nd St, New York, New York, 10023",NY,10023,MON,10:30AM-2PM,WED/SUN,5-6PM/11:30AM-12:30PM,open,09:30 AM,01:30 PM,,,closed,,,,,closed,,,,,closed,,,,,closed,,,,,closed,,,,,closed,,,,,closed,,,,,closed,,,,,open,04:30 PM,05:00 PM,,,closed,,,,,closed,,,,,closed,,,,,open,11:30 AM,12:30 PM,,,1680892750097,1754726414227,ede0c25d-1723-4c29-9c88-ee6a7c895a35,40.779399965321,-73.983076165422,100,New York County,Open,"FP,SK",,,,,,,,,,,,,,,,,,,,,,,,,,,,
489,FP,SK,NEW YORK COMMON PANTRY,"8 E 109th St, New York, New York, 10029",NY,10029,WED-SAT,10AM-2:30PM,MON-FRI,2:30-3:30PM,closed,,,,,closed,,,,,open,10:00 AM,02:30 PM,,,open,10:00 AM,02:30 PM,,,open,10:00 AM,02:30 PM,,,open,10:00 AM,02:30 PM,,,closed,,,,,open,02:30 PM,03:30 PM,,,open,02:30 PM,03:30 PM,,,open,02:30 PM,03:30 PM,,,open,02:30 PM,03:30 PM,,,open,02:30 PM,03:30 PM,,,closed,,,,,closed,,,,,1680892750097,1680892750097,d7e1876b-2d0a-4a02-a517-0f448f5ddc00,40.7958691058661,-73.9491240931438,100,New York County,Open,"FP,SK",,,,,,,,,,,,,,,,,,,,,,,,,,,,
490,FP,,SALEM UNITED METHODIST CHURCH,"2190 Adam Clayton Powell Jr Blvd, New York, New York, 10027",NY,10027,,,,,closed,,,,,open,10:00 AM,12:00 PM,,,closed,,,,,closed,,,,,closed,,,,,closed,,,,,closed,,,,,,,,,,,,,,,,,,,,,,,,,,,,,,,,,,,,,,,,1680892750097,1765357216456,c9cf1090-261d-424f-b7fc-4f33e78511ab,40.811936962796,-73.946597955165,100,New York County,Open,FP,,,,,,,,,,,,,,,,,,,,,,,,,,,,
491,FP,SK,ST. PAUL'S HOUSE INC.,"335 W 51st St, New York, New York, 10019",NY,10019,TUE,9:30-10:30AM,"MON,WED,FRI",8-:8:30AM,closed,,,,,open,09:30 AM,10:30 AM,,,closed,,,,,closed,,,,,closed,,,,,closed,,,,,closed,,,,,open,08:00 AM,08:30 AM,,,closed,,,,,open,08:00 AM,08:30 AM,,,closed,,,,,open,08:00 AM,08:30 AM,,,closed,,,,,closed,,,,,1680892750097,1680892750097,0e7125ad-f026-4211-a29e-63be1d1daad8,40.7636435799132,-73.9870762610748,100,New York County,Open,"FP,SK",,,,,,,,,,,,,,,,,,,,,,,,,,,,
493,FP,SK,THE RED DOOR PLACE,"201 W 13rd St, New York, New York, 10011",NY,10011,TUE,3:30-5:30PM,SAT,12-2PM,closed,,,,,open,02:00 PM,04:50 PM,,,closed,,,,,closed,,,,,closed,,,,,closed,,,,,closed,,,,,closed,,,,,closed,,,,,closed,,,,,closed,,,,,closed,,,,,open,12:00 PM,02:00 PM,,,closed,,,,,1680892750097,1719475235062,641e4c5e-9196-4edd-a53d-18d2acd1ceca,40.738145034172646,-74.00056953262565,100,New York County,Open,"FP,SK",,,,,,,,,,,,,,,,,,,,,,,,,,,,
494,FP,SK,THE URBAN OUTREACH CENTER OF NYC,"1745 1st Ave, New York, New York, 10128",NY,10128,"WED, FRI",9AM - 1PM,TUE,5:30-6:30PM,closed,,,,,closed,,,,,open,09:00 AM,01:00 PM,,,closed,,,,,open,09:00 AM,01:00 PM,,,closed,,,,,closed,,,,,closed,,,,,open,05:30 PM,06:30 PM,,,closed,,,,,closed,,,,,closed,,,,,closed,,,,,closed,,,,,1680892750097,1680892750097,99ef7370-1eb4-4f97-a107-5c34ccdc8d2d,40.779771115994,-73.9474898734817,100,New York County,Open,"FP,SK",,,,,,,,,,,,,,,,,,,,,,,,,,,,
495,FP,SK,"TRINITY'S SERVICES AND FOOD FOR THE HOMELESS, INC.","602 E 9th St, New York, New York, 10009",NY,10009,MON-THUR,12:30-1:30PM,MON-FRI,11AM-2PM,open,12:30 PM,01:30 PM,,,open,12:30 PM,01:30 PM,,,open,12:30 PM,01:30 PM,,,open,12:30 PM,01:30 PM,,,open,12:30 PM,01:30 PM,,,closed,,,,,closed,,,,,open,11:00 AM,12:00 PM,,,open,11:00 AM,12:00 PM,,,open,11:00 AM,12:00 PM,,,open,11:00 AM,12:00 PM,,,open,11:00 AM,12:00 PM,,,closed,,,,,closed,,,,,1680892750097,1770973227479,5c35cc48-bd09-49b5-84d4-94135a7d375c,40.726014576259,-73.980127076609,100,New York County,Open,"FP,SK",,,,,,,,,,,,,,,,,,,,,,,,,,,,
496,,SK,XAVIER MISSION INC (SK),"55 W 15th St, New York, New York, 10011",NY,10011,,,,,,,,,,,,,,,,,,,,,,,,,,,,,,,,,,,,,,,,closed,,,,,closed,,,,,closed,,,,,closed,,,,,closed,,,,,closed,,,,,open,12:45 PM,03:00 PM,,,1680892750097,1761379217571,4746c5cd-887c-4f65-8f34-77b6047d101b,40.737812021159,-73.995505941098,100,New York County,Open,SK,,,,,,,,,,,,,,,,,,,,,,,,,,,,
498,FP,SK,CORONA SEVENTH DAY ADVENTIST CHURCH,"35-30 103rd St, Corona, New York, 11368",QN,11368,MON,9-11AM,SUN,12-2PM,open,09:00 AM,11:30 AM,,,closed,,,,,closed,,,,,closed,,,,,closed,,,,,closed,,,,,closed,,,,,closed,,,,,closed,,,,,closed,,,,,closed,,,,,closed,,,,,closed,,,,,open,12:00 PM,02:00 PM,,,1680892750097,1741766419537,6567692d-dd61-445b-b863-5370178fb504,40.753847440124,-73.864838189382,100,Queens County,Open,"FP,SK",,,,,,,,,,,,,,,,,,,,,,,,,,,,
499,FP,SK,FIRST PRESBYTERIAN CHURCH OF JAMAICA,"89-60 164th St, Jamaica, New York, 11432",QN,11432,"TUE(1,2,3,4)/SAT(4)",10AM-12PM/9-11AM,WED,5:30-6:30PM,closed,,,,,open,10:00 AM,12:00 PM,,,closed,,,,,closed,,,,,closed,,,,,open,09:00 AM,11:00 AM,,,closed,,,,,closed,,,,,closed,,,,,open,05:30 PM,06:30 PM,,,closed,,,,,closed,,,,,closed,,,,,closed,,,,,1680892750097,1733994033916,e8f554ff-dfce-4c88-9fdf-f992d5c2322b,40.705900648938,-73.796373044046,100,Queens County,Open,"FP,SK",,,,,,,,,,,,,,,,,,,,,,,,,,,,
500,FP,SK,MACEDONIA AME CHURCH,"106-16 Guy R Brewer Blvd, Jamaica, New York, 11433",QN,11433,MON/TUE,1-3PM/10AM-12PM,TUE,10AM-12PM,open,12:00 PM,02:00 PM,,,open,12:00 PM,02:00 PM,,,closed,,,,,closed,,,,,closed,,,,,closed,,,,,closed,,,,,closed,,,,,open,09:00 AM,11:00 AM,,,closed,,,,,closed,,,,,closed,,,,,closed,,,,,closed,,,,,1680892750097,1746518428672,82f1922e-add0-48a1-908b-d20844b68b8d,40.69932647082,-73.793446083457,100,Queens County,Open,"FP,SK",,,,,,,,,,,,,,,,,,,,,,,,,,,,
501,FP,SK,RUSH TEMPLE A.M.E. CHURCH,"119-48 Sutphin Blvd, Jamaica, New York, 11436",QN,11436,TUE,9-10AM,WED,12-1:30PM,closed,,,,,open,09:00 AM,10:00 AM,,,closed,,,,,closed,,,,,closed,,,,,closed,,,,,closed,,,,,closed,,,,,closed,,,,,open,12:00 PM,01:30 PM,,,closed,,,,,closed,,,,,closed,,,,,closed,,,,,1680892750097,1680892750097,a65f464d-3b7f-481f-8659-bf69bf6c6632,40.6779620892731,-73.7914318283049,100,Queens County,Open,"FP,SK",,,,,,,,,,,,,,,,,,,,,,,,,,,,
502,FP,SK,THE SALVATION ARMY JAMAICA CITADEL CORPS,"90 E 161st St, Bronx, NY, 10451, USA",BX,10451,"TUE,THUR",10AM-1PM,MON-WED,12PM-1PM,closed,,,,,open,10:00 AM,12:00 PM,,,closed,,,,,open,10:00 AM,12:00 PM,,,closed,,,,,closed,,,,,closed,,,,,open,12:00 PM,01:00 PM,,,open,12:00 PM,01:00 PM,,,open,12:00 PM,01:00 PM,,,closed,,,,,closed,,,,,closed,,,,,closed,,,,,1680892750097,1754640015363,e4d9377b-4e87-4a4d-8de6-4ef1c6bbd717,40.827102382121,-73.924509963917,100,Bronx County,Open,"FP,SK",,,,,,,,,,,,,,,,,,,,,,,,,,,,
503,FP,SK,THE SALVATION ARMY QUEENS TEMPLE CORP,"86-07 35th Ave, Jackson Heights, New York, 11372",QN,11372,WED,10-11:30AM,MON-FRI,11:30AM-1PM,closed,,,,,closed,,,,,closed,,,,,open,10:00 AM,11:00 AM,,,closed,,,,,closed,,,,,closed,,,,,open,11:30 AM,01:00 PM,,,open,11:30 AM,01:00 PM,,,open,11:30 AM,01:00 PM,,,open,11:30 AM,01:00 PM,,,open,11:30 AM,01:00 PM,,,closed,,,,,closed,,,,,1680892750097,1746259220186,e221562f-de21-4e74-8c00-1a951a27a354,40.752344522976,-73.880645872038,100,Queens County,Open,"FP,SK",,,,,,,,,,,,,,,,,,,,,,,,,,,,
504,FP,SK,STAPLETON U.A.M.E. CHURCH,"49 Tompkins Ave, Staten Island, New York, 10304",SI,10304,"TUE,FRI",10AM-1PM,MON/WED,3-4PM/12-1PM,closed,,,,,open,10:00 AM,01:00 PM,,,closed,,,,,closed,,,,,open,10:00 AM,01:00 PM,,,closed,,,,,closed,,,,,closed,,,,,closed,,,,,open,12:00 PM,01:00 PM,,,closed,,,,,closed,,,,,closed,,,,,closed,,,,,1680892750097,1746518428672,d2d94354-9d54-446e-a4bb-1566ff841f27,40.623362581536,-74.078756176903,100,Richmond County,Open,"FP,SK",,,,,,,,,,,,,,,,,,,,,,,,,,,,
505,FP,SK,THE SALVATION ARMY STAPLETON CORPS,"15 Broad St, Staten Island, NY, 10304, USA",SI,10304,,,,,closed,,,,,open,12:00 PM,01:30 PM,,,open,12:00 PM,01:30 PM,,,open,12:00 PM,01:30 PM,,,closed,,,,,closed,,,,,closed,,,,,open,11:30 AM,01:00 PM,,,closed,,,,,closed,,,,,closed,,,,,open,11:30 AM,01:00 PM,,,closed,,,,,closed,,,,,1680892750097,1742371223732,829b22b0-bcb9-4c94-a9d1-36eca0b3c44e,40.625600766522,-74.075630229726,100,Richmond County,Open,"FP,SK",,,,,,,,,,,,,,,,,,,,,,,,,,,,
506,,SK,"PROJECT HOSPITALITY, INC. (SK)","211 Canal St, Staten Island, NY, 10304, USA",SI,10304,,,"TUE, THUR",12-1PM,,,,,,,,,,,,,,,,,,,,,,,,,,,,,,,,,,,,closed,,,,,closed,,,,,closed,,,,,closed,,,,,closed,,,,,closed,,,,,closed,,,,,1680892750097,1719475235062,752a8099-f89e-4269-9ca3-6e98f6dc16d8,40.62509574956499,-74.07981045268467,100,Richmond County,Open,SK,,,,,,,,,,,,,,,,,,,,,,,,,,,,
507,FP,SKM,OUR LADY OF GRACE PARISH MINISTRY (FP),"2322 E 4th St, Brooklyn, New York, 11223",BK,11223,"M,W,THUR",11:30AM-3PM,WED/FRI,12-12:30PM/9-11:30AM,open,09:00 AM,01:00 PM,,,closed,,,,,open,09:00 AM,01:00 PM,,,closed,,,,,closed,,,,,closed,,,,,closed,,,,,closed,,,,,closed,,,,,open,12:00 PM,12:30 PM,,,closed,,,,,closed,,,,,closed,,,,,closed,,,,,1680892750097,1757491217097,4cbf0b11-12ce-4d7e-9c54-7ec245156cb2,40.593452011511,-73.967335035078,100,Kings County,Open,"FP,SK",,,,,,,,,,,,,,,,,,,,,,,,,,,,
508,FP,SKM,"UNITED BRONX PARENTS, INC. (FP & SK)","603 Prospect Ave, Bronx, New York, 10455",BX,10455,,,,,closed,,,,,closed,,,,,open,10:00 AM,12:00 PM,,,open,10:00 AM,12:00 PM,,,open,10:00 AM,12:00 PM,,,closed,,,,,closed,,,,,open,02:30 PM,04:00 PM,,,open,02:30 PM,04:00 PM,,,open,02:30 PM,04:00 PM,,,open,02:30 PM,04:00 PM,,,open,02:30 PM,04:00 PM,,,closed,,,,,closed,,,,,1680892750097,1724140834272,8fc98e4d-98ef-4f1a-b0f0-184b2eba2714,40.81396835894,-73.904070860662,100,Bronx County,Open,"FP,SK",,,,,,,,,,,,,,,,,,,,,,,,,,,,
509,FPH,,THE COMMUNITY FOOD PANTRY,"1363 Ogden Ave, Bronx, New York, 10452",BX,10452,,,,,closed,,,,,open,10:00 AM,01:00 PM,,,closed,,,,,open,12:00 PM,03:00 PM,,,closed,,,,,open,10:00 AM,12:00 PM,,,closed,,,,,,,,,,,,,,,,,,,,,,,,,,,,,,,,,,,,,,,,1680892750097,1776153626337,d94de7be-a7f2-47cc-a7c6-cdc66081bd7e,40.841725911406,-73.924857226165,100,Bronx County,Open,FP,,,,,,,,,,,,,,,,,,,,,,,,,,,,
510,FPHA,,BOOM! HEALTH (FPHA),"3144 3rd Ave, Bronx, New York, 10451",BX,10451,,,,,open,11:00 AM,12:30 PM,,,closed,,,,,open,11:00 AM,12:30 PM,,,open,11:00 AM,12:30 PM,,,closed,,,,,closed,,,,,closed,,,,,,,,,,,,,,,,,,,,,,,,,,,,,,,,,,,,,,,,1680892750097,1715414625809,7f5eb0aa-57e5-4548-a4fc-9954047cd711,40.822232077281,-73.910559711005,100,Bronx County,Open,FP,,,,,,,,,,,,,,,,,,,,,,,,,,,,
512,FPHA,,GAY MEN'S HEALTH CRISIS (FPHA),"307 W 38th St, New York, New York, 10018",NY,10018,WED,11:30AM-1:30PM,,,closed,,,,,open,11:00 AM,02:00 PM,,,open,11:00 AM,02:00 PM,,,open,11:00 AM,02:00 PM,,,closed,,,,,closed,,,,,closed,,,,,,,,,,,,,,,,,,,,,,,,,,,,,,,,,,,,,,,,1680892750097,1729929623518,ee8e0c52-671b-43fd-ac70-efd961ad7fef,40.755081507729,-73.992226940576,100,New York County,Open,FP,,,,,,,,,,,,,,,,,,,,,,,,,,,,
513,FPK,,BENSONHURST COUNCIL OF JEWISH ORGANIZATIONS,"8635 21st Ave, Brooklyn, New York, 11214",BK,11214,TUE,10AM-4PM,,,closed,,,,,open,10:00 AM,04:00 PM,,,closed,,,,,closed,,,,,closed,,,,,closed,,,,,closed,,,,,,,,,,,,,,,,,,,,,,,,,,,,,,,,,,,,,,,,1680892750097,1680892750097,05dee36c-2e80-4fe6-bc0e-990915a67805,40.6026043792267,-73.9965048124997,100,Kings County,Open,FP,,,,,,,,,,,,,,,,,,,,,,,,,,,,
514,FPK,,BNAI RAPHAEL CHESED ORGANIZATION INC,"3846 Flatlands Ave, Brooklyn, New York, 11234",BK,11234,"M/TUE,W/THU",10A-1P/10A-4P/10A-6PM,,,open,10:00 AM,03:30 PM,,,open,10:00 AM,03:30 PM,,,open,10:00 AM,03:30 PM,,,open,10:00 AM,05:00 PM,,,closed,,,,,closed,,,,,closed,,,,,,,,,,,,,,,,,,,,,,,,,,,,,,,,,,,,,,,,1680892750097,1732093220663,8ff5ee75-57c7-4376-b46b-f58aca1572ff,40.619638711503,-73.937580787548,100,Kings County,Open,FP,,,,,,,,,,,,,,,,,,,,,,,,,,,,
515,FPK,,CROWN HEIGHTS JEWISH COMMUNITY COUNCIL,"899 Montgomery St, Brooklyn, NY, 11213, USA",BK,11213,WED,1:30-3PM,,,closed,,,,,closed,,,,,open,01:30 AM,03:00 PM,,,closed,,,,,closed,,,,,closed,,,,,closed,,,,,,,,,,,,,,,,,,,,,,,,,,,,,,,,,,,,,,,,1680892750097,1732784422515,a6b2b1dd-9d0a-4af9-aa09-813e1ec1b045,40.664641191561,-73.934788188867,100,Kings County,Open,FP,,,,,,,,,,,,,,,,,,,,,,,,,,,,
517,FPK,,HEBREW EDUCATIONAL SOCIETY,"9502 Seaview Ave, Brooklyn, New York, 11236",BK,11236,MON-THUR,9AM-2PM,,,open,09:00 AM,02:00 PM,,,open,01:00 PM,06:00 PM,,,open,09:00 AM,02:00 PM,,,open,09:00 AM,02:00 PM,,,closed,,,,,closed,,,,,closed,,,,,,,,,,,,,,,,,,,,,,,,,,,,,,,,,,,,,,,,1680892750097,1747728021576,b7e87146-25c5-4927-80a1-7ee903c0983c,40.63239814743,-73.890778838606,100,Kings County,Open,FP,,,,,,,,,,,,,,,,,,,,,,,,,,,,
518,FPK,,JEWISH COMMUNITY COUNCIL OF CANARSIE   #1,"1170 Pennsylvania Ave, Brooklyn, New York, 11239",BK,11239,WED,9-11AM,,,closed,,,,,closed,,,,,open,09:00 AM,11:00 AM,,,closed,,,,,closed,,,,,closed,,,,,closed,,,,,,,,,,,,,,,,,,,,,,,,,,,,,,,,,,,,,,,,1680892750097,1735030820756,c0c72e6d-9303-4264-8958-730831f35de9,40.651492751507,-73.885715749993,100,Kings County,Open,FP,,,,,,,,,,,,,,,,,,,,,,,,,,,,
522,FP,,INTERNATIONAL PENTECOSTAL CHURCH (FP),"619 W 179th St, New York, New York, 10033",NY,10033,TUE,12-2PM,,,closed,,,,,open,11:30 AM,03:30 PM,,,closed,,,,,closed,,,,,open,12:00 PM,03:00 PM,,,closed,,,,,closed,,,,,,,,,,,,,,,,,,,,,,,,,,,,,,,,,,,,,,,,1680892750097,1701421223262,7275148c-d269-431a-8d78-7f9ba2347899,40.84841379004,-73.935390763886,100,New York County,Open,FP,,,,,,,,,,,,,,,,,,,,,,,,,,,,
523,FP,,ISAACS HOLMES FOOD PANTRY,"415 E 93rd St, New York, New York, 10128",NY,10128,,,,,closed,,,,,closed,,,,,open,09:00 AM,11:00 AM,,,closed,,,,,closed,,,,,closed,,,,,closed,,,,,,,,,,,,,,,,,,,,,,,,,,,,,,,,,,,,,,,,1680892750097,1738746019557,5ea10b73-5337-494e-a402-423c78f79311,40.781214102535,-73.945276799586,100,New York County,Open,FP,,,,,,,,,,,,,,,,,,,,,,,,,,,,
524,FP,,LITTLE SISTERS OF THE ASSUMPTION FAMILY HEALTH SERVICE,"333 E 115th St, New York, New York, 10029",NY,10029,"TUE, WED/WED",9:30-11:30AM/1:30-3:30PM,,,closed,,,,,closed,,,,,open,09:00 AM,11:30 AM,01:00 PM,02:30 PM,closed,,,,,closed,,,,,closed,,,,,closed,,,,,,,,,,,,,,,,,,,,,,,,,,,,,,,,,,,,,,,,1680892750097,1719475235062,3ec9e34f-9832-4160-bdfe-b39e0632056e,40.795773091165245,-73.93666732773961,100,New York County,Open,FP,,,,,,,,,,,,,,,,,,,,,,,,,,,,
526,FP,,MACEDONIA CH. ASSEMBLY OF GOD-BREAD OF LIFE FOOD PANTRY,"340 E 106th St, New York, New York, 10029",NY,10029,FRI,9-10:30AM,,,closed,,,,,closed,,,,,closed,,,,,closed,,,,,open,09:00 AM,10:30 AM,,,closed,,,,,closed,,,,,,,,,,,,,,,,,,,,,,,,,,,,,,,,,,,,,,,,1680892750097,1680892750097,3a2886d7-3c5f-4e13-954a-3dc12a210347,40.7898107500699,-73.9408762166001,100,New York County,Open,FP,,,,,,,,,,,,,,,,,,,,,,,,,,,,
528,FP,,MCCNY CHARITIES (FP),"446 W 36th St, New York, New York, 10018",NY,10018,,,,,closed,,,,,closed,,,,,closed,,,,,open,09:00 AM,11:00 AM,,,closed,,,,,closed,,,,,closed,,,,,,,,,,,,,,,,,,,,,,,,,,,,,,,,,,,,,,,,1680892750097,1711612815423,cffb0e17-1bde-4404-b2f3-7e0648dbe7e9,40.755448593178,-73.997442244551,100,New York County,Open,FP,,,,,,,,,,,,,,,,,,,,,,,,,,,,
530,FP,,MT. OLIVET BAPTIST CHURCH COMMUNITY MEAL PROGRAM,"201 Lenox Ave, New York, New York, 10027",NY,10027,,,,,closed,,,,,open,10:30 AM,11:30 AM,,,open,10:30 AM,11:30 AM,,,closed,,,,,closed,,,,,closed,,,,,closed,,,,,,,,,,,,,,,,,,,,,,,,,,,,,,,,,,,,,,,,1680892750097,1758787216198,867aeee7-075c-48aa-ad55-48f4dbf0c01c,40.804826510514,-73.947964875935,100,New York County,Open,FP,,,,,,,,,,,,,,,,,,,,,,,,,,,,
532,FP,,NAZARETH HOUSING INC,"206 E 4th St, New York, NY, 10009, USA",NY,10009,WED,8AM-12PM,,,closed,,,,,open,08:30 AM,10:00 AM,,,closed,,,,,closed,,,,,closed,,,,,closed,,,,,closed,,,,,,,,,,,,,,,,,,,,,,,,,,,,,,,,,,,,,,,,1680892750097,1757145619362,b82e100e-1858-475f-a0d1-71718b2f68f0,40.723772961983,-73.983942518935,100,New York County,Open,FP,,,,,,,,,,,,,,,,,,,,,,,,,,,,
533,FP,,OUR LADY OF SORROWS,"213 Stanton St, New York, New York, 10002",NY,10002,"TUE,THUR",8-11AM,,,closed,,,,,open,08:00 AM,11:00 AM,,,closed,,,,,open,08:00 AM,11:00 AM,,,closed,,,,,closed,,,,,closed,,,,,,,,,,,,,,,,,,,,,,,,,,,,,,,,,,,,,,,,1680892750097,1698307216370,1cc0b629-2677-4735-b359-2fa069110acb,40.719505693167,-73.982361775815,100,New York County,Open,FP,,,,,,,,,,,,,,,,,,,,,,,,,,,,
534,FP,,PROJECT CREATE - ANTHONY HOUSE,"73 Lenox Ave, New York, NY, 10026, USA",NY,10026,WED,10AM-12PM,,,closed,,,,,closed,,,,,open,10:00 AM,12:00 PM,,,closed,,,,,closed,,,,,closed,,,,,closed,,,,,,,,,,,,,,,,,,,,,,,,,,,,,,,,,,,,,,,,1680892750097,1680892750097,45f3db8a-9ee6-45e2-a578-6272e3a1d463,40.800592350215,-73.9510697843279,100,New York County,Open,FP,,,,,,,,,,,,,,,,,,,,,,,,,,,,
535,FP,,RAUSCHENBUSCH METRO MINISTRIES INC. ,"410 W 40th St, New York, New York, 10018",NY,10018,"SAT(1,2,3,4)",11-11:30AM,,,closed,,,,,closed,,,,,closed,,,,,closed,,,,,closed,,,,,open,09:00 AM,11:30 AM,,,closed,,,,,,,,,,,,,,,,,,,,,,,,,,,,,,,,,,,,,,,,1680892750097,1746259220186,d882f21d-63db-496a-b987-2d4405da6090,40.757317548039,-73.994265922343,100,New York County,Open,FP,,,,,,,,,,,,,,,,,,,,,,,,,,,,
537,FP,,ST. CECILIA'S PARISH SERVICES,"125 E 105th St, New York, New York, 10029",NY,10029,WED,9AM-12PM,,,closed,,,,,closed,,,,,open,09:00 AM,12:00 PM,,,closed,,,,,closed,,,,,closed,,,,,closed,,,,,,,,,,,,,,,,,,,,,,,,,,,,,,,,,,,,,,,,1680892750097,1680892750097,90032838-7472-4333-93c6-1271e71587a5,40.7919273063503,-73.9473274321981,100,New York County,Open,FP,,,,,,,,,,,,,,,,,,,,,,,,,,,,
538,FP,,ST. CHARLES BORROMEO CHURCH,"211 W 141st St, New York, New York, 10030",NY,10030,SAT,9-11:30AM,,,closed,,,,,closed,,,,,closed,,,,,closed,,,,,closed,,,,,open,09:00 AM,11:30 AM,,,closed,,,,,,,,,,,,,,,,,,,,,,,,,,,,,,,,,,,,,,,,1680892750097,1680892750097,9db90385-4269-4827-9e3f-dd254a3bed37,40.8195384269671,-73.9417043486339,100,New York County,Open,FP,,,,,,,,,,,,,,,,,,,,,,,,,,,,
539,FP,,ST. JOHN'S BREAD OF LIFE (FP),"213 W 30th St, New York, New York, 10001",NY,10001,WED,11AM-1PM,,,closed,,,,,closed,,,,,open,10:00 AM,01:00 PM,,,closed,,,,,closed,,,,,closed,,,,,closed,,,,,,,,,,,,,,,,,,,,,,,,,,,,,,,,,,,,,,,,1680892750097,1747728021576,81ecd3c4-1c6c-44f3-b709-e852c8111a73,40.74891083443,-73.993213825856,100,New York County,Open,FP,,,,,,,,,,,,,,,,,,,,,,,,,,,,
541,FP,,ST. MARK THE EVANGELIST CHURCH,"67 W 138th St, New York, New York, 10037",NY,10037,,,,,closed,,,,,closed,,,,,closed,,,,,closed,,,,,closed,,,,,open,10:00 AM,12:00 PM,,,closed,,,,,,,,,,,,,,,,,,,,,,,,,,,,,,,,,,,,,,,,1680892750097,1761811216732,a844aa1c-968a-4d63-b98e-2275728a1654,40.815886934668,-73.938845952013,100,New York County,Open,FP,,,,,,,,,,,,,,,,,,,,,,,,,,,,
543,FP,,THE SALVATION ARMY MANHATTAN CITADEL,"175 E 125th St, New York, New York, 10035",NY,10035,MON-FRI,9AM-3PM,,,open,09:00 AM,03:00 PM,,,open,09:00 AM,03:00 PM,,,open,09:00 AM,03:00 PM,,,open,09:00 AM,03:00 PM,,,open,09:00 AM,03:00 PM,,,closed,,,,,closed,,,,,,,,,,,,,,,,,,,,,,,,,,,,,,,,,,,,,,,,1680892750097,1680892750097,349e93f2-ff2d-4fd2-bca3-d2026ffce154,40.803901145509,-73.9361381224144,100,New York County,Open,FP,,,,,,,,,,,,,,,,,,,,,,,,,,,,
544,FP,,THE SALVATION ARMY NEW YORK TEMPLE CORPS ,"120 W 14th St, New York, NY, 10011, USA",NY,10011,MON-FRI,9:30-11:30AM,,,open,09:30 AM,11:30 AM,,,open,09:30 AM,11:30 AM,,,open,09:30 AM,11:30 AM,,,open,09:30 AM,11:30 AM,,,open,09:30 AM,11:30 AM,,,closed,,,,,closed,,,,,,,,,,,,,,,,,,,,,,,,,,,,,,,,,,,,,,,,1680892750097,1680892750097,fa28874b-8d94-4ad7-ae2c-39fd1066eec3,40.7378272762233,-73.9983262000598,100,New York County,Open,FP,,,,,,,,,,,,,,,,,,,,,,,,,,,,
546,FP,,VISION URBANA,"64 Essex St, New York, NY, 10002, USA",NY,10002,TUE,10AM-12PM,,,closed,,,,,open,10:00 AM,12:00 PM,,,closed,,,,,closed,,,,,closed,,,,,closed,,,,,closed,,,,,,,,,,,,,,,,,,,,,,,,,,,,,,,,,,,,,,,,1680892750097,1680892750097,392edfcd-644b-4c5a-b03e-07a73ea58343,40.7173839401069,-73.9884646395168,100,New York County,Open,FP,,,,,,,,,,,,,,,,,,,,,,,,,,,,
547,FP,,"WORLDWIDE MISSIONARY MOVEMENT/CENTRO EVANGELISTICO MMM, INC (FP)","148 Post Ave, New York, NY, 10034, USA",NY,10034,SAT,9AM-1PM,,,closed,,,,,closed,,,,,closed,,,,,closed,,,,,closed,,,,,open,10:00 AM,12:00 PM,,,closed,,,,,,,,,,,,,,,,,,,,,,,,,,,,,,,,,,,,,,,,1680892750097,1732006821950,0eead60b-3858-498a-8581-d4e171de879d,40.865131328285,-73.918899872303,100,New York County,Open,FP,,,,,,,,,,,,,,,,,,,,,,,,,,,,
549,FP,,ZEINA LORRAINE INC,"203 W 133rd St, New York, New York, 10030",NY,10030,,,,,closed,,,,,open,11:00 AM,02:00 PM,,,closed,,,,,open,11:00 AM,02:00 PM,,,closed,,,,,closed,,,,,closed,,,,,,,,,,,,,,,,,,,,,,,,,,,,,,,,,,,,,,,,1680892750097,1777363224452,0a8f2656-859e-4d35-92a1-71a2bd4b9ba2,40.814253762744,-73.944944792401,100,New York County,Open,FP,,,,,,,,,,,,,,,,,,,,,,,,,,,,
551,FP,,AGAPE CHRISTIAN CENTER,"59-02 Summerfield St, Ridgewood, New York, 11385",QN,11385,SAT,10-11:30AM,,,closed,,,,,closed,,,,,closed,,,,,closed,,,,,closed,,,,,open,10:00 AM,11:30 AM,,,closed,,,,,,,,,,,,,,,,,,,,,,,,,,,,,,,,,,,,,,,,1680892750097,1680892750097,baa24f6c-a8f5-476f-871f-f122c141e1a5,40.6992807894476,-73.8978069805996,100,Queens County,Open,FP,,,,,,,,,,,,,,,,,,,,,,,,,,,,
553,FP,,ALLEN OUTREACH MINISTRY FEEDING PROGRAM (80866),"110-31 Merrick Blvd, Jamaica, New York, 11433",QN,11433,MON/THUR,3-5PM/12-2PM,,,open,03:00 PM,05:00 PM,,,closed,,,,,closed,,,,,open,11:00 AM,01:00 PM,,,closed,,,,,closed,,,,,closed,,,,,,,,,,,,,,,,,,,,,,,,,,,,,,,,,,,,,,,,1680892750097,1727510436350,8c03ab63-e869-4bac-85f0-2116993e75f0,40.69491406935,-73.781491980786,100,Queens County,Open,FP,,,,,,,,,,,,,,,,,,,,,,,,,,,,
554,FP,,BERACA SEVENTH DAY ADVENTIST CHURCH,"91-19 191st St, Hollis, New York, 11423",QN,11423,WED,9:30AM-12PM,,,closed,,,,,closed,,,,,open,09:30 AM,12:00 PM,,,closed,,,,,closed,,,,,closed,,,,,closed,,,,,,,,,,,,,,,,,,,,,,,,,,,,,,,,,,,,,,,,1680892750097,1680892750097,08ef5518-beed-4cf7-aff9-89d9b43ce909,40.7120303347297,-73.768177159954,100,Queens County,Open,FP,,,,,,,,,,,,,,,,,,,,,,,,,,,,
555,FP,,BETHANY BAPTIST CHURCH OF JAMAICA,"157-11 111th Ave, Jamaica, New York, 11433",QN,11433,"TUE,WED",11AM-2PM,,,closed,,,,,open,11:00 AM,02:00 PM,,,open,11:00 AM,02:00 PM,,,closed,,,,,closed,,,,,closed,,,,,closed,,,,,,,,,,,,,,,,,,,,,,,,,,,,,,,,,,,,,,,,1680892750097,1680892750097,802ba8a6-0f00-45b4-9fa0-034270e73ffd,40.6903166792776,-73.7916654319464,100,Queens County,Open,FP,,,,,,,,,,,,,,,,,,,,,,,,,,,,
556,FP,,BETHEL AME CHURCH/BETHEL ARVERNE COMM.,"215 Beach 77th St, Arverne, New York, 11692",QN,11692,,,,,closed,,,,,closed,,,,,closed,,,,,open,11:00 AM,01:00 PM,,,closed,,,,,closed,,,,,closed,,,,,,,,,,,,,,,,,,,,,,,,,,,,,,,,,,,,,,,,1680892750097,1725696026477,a1b6a9df-eb79-43a1-be64-83ba2c87ab6f,40.588830355829,-73.804509776553,100,Queens County,Open,FP,,,,,,,,,,,,,,,,,,,,,,,,,,,,
557,FP,,BLANCHE MEMORIAL CHURCH,"109-74 Sutphin Blvd, Jamaica, New York, 11435",QN,11435,,,,,closed,,,,,open,09:00 AM,10:00 AM,,,closed,,,,,closed,,,,,closed,,,,,closed,,,,,closed,,,,,,,,,,,,,,,,,,,,,,,,,,,,,,,,,,,,,,,,1680892750097,1732093220663,df7c0e2a-09e0-44a2-97f9-e7bead2fba89,40.690065347911,-73.797055079507,100,Queens County,Open,FP,,,,,,,,,,,,,,,,,,,,,,,,,,,,
558,FP,,"CHRIST APOSTOLIC CHURCH OF AMERICA, INC (FP)","108-02 Sutphin Blvd, Jamaica, New York, 11435",QN,11435,,,,,closed,,,,,closed,,,,,closed,,,,,closed,,,,,closed,,,,,open,09:00 AM,01:00 PM,,,closed,,,,,,,,,,,,,,,,,,,,,,,,,,,,,,,,,,,,,,,,1680892750097,1708506015263,b07e2e9f-9e9f-4627-91d8-35eda4d2e0e3,40.692895120332,-73.799471330736,100,Queens County,Open,FP,,,,,,,,,,,,,,,,,,,,,,,,,,,,
559,FP,,CHRIST CHURCH INTERNATIONAL JOSEPH'S HOUSE,"122-20 Merrill St, Jamaica, New York, 11434",QN,11434,"SAT (2,4)",10AM-12PM,,,closed,,,,,closed,,,,,closed,,,,,closed,,,,,closed,,,,,open,10:00 AM,12:00 PM,,,closed,,,,,,,,,,,,,,,,,,,,,,,,,,,,,,,,,,,,,,,,1680892750097,1680892750097,1acdc90f-370d-4c0d-a726-e4ab6dbf3ecf,40.6828197793489,-73.7697998964087,100,Queens County,Open,FP,,,,,,,,,,,,,,,,,,,,,,,,,,,,
560,FP,,COMMUNITY ALLIANCE INITIATIVE,"60-85 Myrtle Ave, Ridgewood, New York, 11385",QN,11385,WED,10AM -12PM,,,closed,,,,,closed,,,,,closed,,,,,closed,,,,,open,10:00 AM,12:00 PM,,,closed,,,,,closed,,,,,,,,,,,,,,,,,,,,,,,,,,,,,,,,,,,,,,,,1680892750097,1680892750097,3568e5cc-a003-4135-8413-cf2f97f37eca,40.7008576349825,-73.8952422020469,100,Queens County,Open,FP,,,,,,,,,,,,,,,,,,,,,,,,,,,,
561,FP,,CORPUS CHRISTI FOOD PANTRY,"31-30 61st St, Woodside, New York, 11377",QN,11377,WED,11AM-1PM,,,closed,,,,,closed,,,,,open,09:00 AM,10:30 AM,,,closed,,,,,closed,,,,,closed,,,,,closed,,,,,,,,,,,,,,,,,,,,,,,,,,,,,,,,,,,,,,,,1680892750097,1729238421086,a3e114ff-cc04-412a-a75b-a517bb2fb100,40.756493104043,-73.901848566673,100,Queens County,Open,FP,,,,,,,,,,,,,,,,,,,,,,,,,,,,
563,FP,,ELMCOR YOUTH & ADULT ACTIVITIES #2 (FP),"33-16 108th St, Corona, New York, 11368",QN,11368,,,,,closed,,,,,closed,,,,,open,10:00 AM,03:00 PM,,,closed,,,,,closed,,,,,closed,,,,,closed,,,,,,,,,,,,,,,,,,,,,,,,,,,,,,,,,,,,,,,,1680892750097,1749196814480,2a612364-9bd3-4c6a-91d1-042e9e8dc21c,40.757254767584,-73.861095082881,100,Queens County,Open,FP,,,,,,,,,,,,,,,,,,,,,,,,,,,,
565,FP,,"FIRST CHURCH OF GOD IN CHRIST, INC. (FP)","187-10 Baisley Blvd, Saint Albans, New York, 11412",QN,11412,"WED,THUR",12-3PM,,,closed,,,,,closed,,,,,open,12:00 PM,03:00 PM,,,closed,,,,,closed,,,,,closed,,,,,closed,,,,,,,,,,,,,,,,,,,,,,,,,,,,,,,,,,,,,,,,1680892750097,1708765215425,e5524cb6-6bed-4257-8e53-d8300f8030e0,40.690313242697,-73.763010722475,100,Queens County,Open,FP,,,,,,,,,,,,,,,,,,,,,,,,,,,,
566,FP,,FIRST UNITED METHODIST CHURCH OF JAMAICA (FP),"162-10 Highland Ave, Jamaica, New York, 11432",QN,11432,MON,8:30-9:30AM,,,open,08:30 AM,09:30 AM,,,closed,,,,,closed,,,,,closed,,,,,closed,,,,,closed,,,,,closed,,,,,,,,,,,,,,,,,,,,,,,,,,,,,,,,,,,,,,,,1680892750097,1727769627977,198306a4-4c16-43aa-a767-640b4baa75b3,40.709765376854,-73.800760970358,100,Queens County,Open,FP,,,,,,,,,,,,,,,,,,,,,,,,,,,,
567,FP,,FOREST HILLS SENIORS CENTER,"108-25 62nd Dr, Forest Hills, New York, 11375",QN,11375,THUR,8:30-10:30AM,,,closed,,,,,closed,,,,,closed,,,,,open,08:30 AM,10:30 AM,,,closed,,,,,closed,,,,,closed,,,,,,,,,,,,,,,,,,,,,,,,,,,,,,,,,,,,,,,,1680892750097,1770282038243,990d0a24-c2e6-4522-8282-ae0659096e1f,40.736169377685,-73.850150915724,100,Queens County,Open,FP,,,,,,,,,,,,,,,,,,,,,,,,,,,,
569,FP,,GOSPEL ASSEMBLY - QUEENS,"109-14 Farmers Blvd, Saint Albans, New York, 11412",QN,11412,WED-SAT,10AM -12PM,,,closed,,,,,closed,,,,,open,10:00 AM,12:00 PM,,,open,10:00 AM,12:00 PM,,,open,10:00 AM,12:00 PM,,,open,10:00 AM,12:00 PM,,,closed,,,,,,,,,,,,,,,,,,,,,,,,,,,,,,,,,,,,,,,,1680892750097,1733994033916,3cb6d4ff-0c69-4b9d-ac14-cd46eb219072,40.703583387986,-73.766861033517,100,Queens County,Open,FP,,,,,,,,,,,,,,,,,,,,,,,,,,,,
570,FP,,HOLLIS COMMUNITY CHRISTIAN CENTER,"191-22 Jamaica Ave, Hollis, New York, 11423",QN,11423,SAT,10AM-12PM,,,closed,,,,,closed,,,,,closed,,,,,closed,,,,,closed,,,,,open,10:00 AM,12:00 PM,,,closed,,,,,,,,,,,,,,,,,,,,,,,,,,,,,,,,,,,,,,,,1680892750097,1680892750097,cf0a8f67-e623-4a9f-9f85-4a7178129332,40.7127329896729,-73.7678960309214,100,Queens County,Open,FP,,,,,,,,,,,,,,,,,,,,,,,,,,,,
571,FP,,"HOLY TEMPLE CHURCH, INC","136-25 Springfield Blvd, Springfield Gardens, New York, 11413",QN,11413,,,,,closed,,,,,closed,,,,,closed,,,,,closed,,,,,closed,,,,,open,11:00 AM,12:00 PM,,,closed,,,,,,,,,,,,,,,,,,,,,,,,,,,,,,,,,,,,,,,,1680892750097,1696320016736,751d8656-9405-4760-b6eb-a56985d2e00d,40.677109859268,-73.755086638851,100,Queens County,Open,FP,,,,,,,,,,,,,,,,,,,,,,,,,,,,
572,FP,,ICNA FLUSHING FOOD PANTRY,43-12 Union ,QN,11355,WED,12-2PM,,,closed,,,,,closed,,,,,open,12:00 PM,02:00 PM,,,closed,,,,,closed,,,,,closed,,,,,closed,,,,,,,,,,,,,,,,,,,,,,,,,,,,,,,,,,,,,,,,1680892750097,1775894425237,80830ff1-0416-422a-9683-4a06e64a724a,40.754209999346,-73.821482795208,97.53,Queens County,Open,FP,,,,,,,,,,,,,,,,,,,,,,,,,,,,
573,FP,,ICNA RELIEF USA,"87-91 144th St, Jamaica, New York, 11435",QN,11435,"THUR/M,TU,W",11AM-2PM/BY APPT(10A-6P),,,closed,,,,,closed,,,,,closed,,,,,open,11:00 AM,01:00 PM,,,closed,,,,,closed,,,,,closed,,,,,,,,,,,,,,,,,,,,,,,,,,,,,,,,,,,,,,,,1680892750097,1721462427511,e62df62e-40a4-4aef-b7f0-dd0178e7fb92,40.704513779238,-73.811671777541,100,Queens County,Open,FP,,,,,,,,,,,,,,,,,,,,,,,,,,,,
575,FP,,J.U.S.T.I.C.E. ORGANIZATION/JESUS IS JUSTICE MISSION INC.,"223 Beach 28th St, Far Rockaway, New York, 11691",QN,11691,WED,12-2PM,,,closed,,,,,closed,,,,,open,12:00 PM,02:00 PM,,,closed,,,,,closed,,,,,closed,,,,,closed,,,,,,,,,,,,,,,,,,,,,,,,,,,,,,,,,,,,,,,,1680892750097,1733994033916,39b03aad-d938-43e6-8369-120a24428946,40.595606537813,-73.761348926351,100,Queens County,Open,FP,,,,,,,,,,,,,,,,,,,,,,,,,,,,
576,FP,,JAMAICA HISPANIC SEVENTH DAY ADVENTIST CHURCH,"88-28 161st St, Jamaica, New York, 11432",QN,11432,SUN,8-9AM,,,closed,,,,,closed,,,,,closed,,,,,closed,,,,,closed,,,,,closed,,,,,open,08:00 AM,09:00 AM,,,,,,,,,,,,,,,,,,,,,,,,,,,,,,,,,,,,,,1680892750097,1719475235062,7a3f7820-11f8-4eb2-bb63-6c23f7807649,40.707357549437944,-73.80077957818321,100,Queens County,Open,FP,,,,,,,,,,,,,,,,,,,,,,,,,,,,
577,FP,,JAMAICA QUEENS WESLEYAN CHURCH PANTRY,"134-49 228th St, Laurelton, NY, 11413, USA",QN,11413,SAT,12-1:30PM,,,closed,,,,,closed,,,,,closed,,,,,closed,,,,,closed,,,,,open,12:00 PM,01:30 PM,,,closed,,,,,,,,,,,,,,,,,,,,,,,,,,,,,,,,,,,,,,,,1680892750097,1680892750097,c14a9055-a257-4d70-9256-b1fd9dc9ac04,40.6753124439508,-73.742797427691,100,Queens County,Open,FP,,,,,,,,,,,,,,,,,,,,,,,,,,,,
578,FP,,JAMAICA SEVENTH DAY ADVENTIST CHURCH (FP),"88-28 163rd St, Jamaica, New York, 11432",QN,11432,SUN,9:30-11:30AM,,,closed,,,,,closed,,,,,closed,,,,,closed,,,,,closed,,,,,closed,,,,,open,09:30 AM,11:30 AM,,,,,,,,,,,,,,,,,,,,,,,,,,,,,,,,,,,,,,1680892750097,1705136414075,f4e1bc2a-8bcc-4e4a-9ced-bbf44a9446fd,40.707890931847,-73.798958609718,100,Queens County,Open,FP,,,,,,,,,,,,,,,,,,,,,,,,,,,,
579,FP,,JESUS IS THE ANSWER - J.I.T.A. COMMUNITY OUTREACH (FP),"205-11 Jamaica Ave, Hollis, NY, 11423, USA",QN,11423,,,,,closed,,,,,open,12:00 PM,01:00 PM,,,closed,,,,,closed,,,,,closed,,,,,closed,,,,,closed,,,,,,,,,,,,,,,,,,,,,,,,,,,,,,,,,,,,,,,,1680892750097,1756368017803,a49cf01d-94e0-4faf-b3ec-b96441f2d307,40.713893883263,-73.754630830956,100,Queens County,Open,FP,,,,,,,,,,,,,,,,,,,,,,,,,,,,
581,FP,,LEVITICUS CHURCH (FP),"114-12 Van Wyck Expy, South Ozone Park, New York, 11420",QN,11420,,,,,closed,,,,,closed,,,,,open,01:00 PM,02:00 PM,,,closed,,,,,closed,,,,,open,12:00 PM,01:00 PM,,,closed,,,,,,,,,,,,,,,,,,,,,,,,,,,,,,,,,,,,,,,,1680892750097,1700125219480,e8e1714d-6594-4e97-a028-663f2c0e65d7,40.682375831847,-73.806131423361,100,Queens County,Open,FP,,,,,,,,,,,,,,,,,,,,,,,,,,,,
583,FP,,LINDEN SEVENTH DAY ADVENTIST CHURCH COMMUNITY SERVICES (FP),"228-20 137th Ave, Springfield Gardens, New York, 11413",QN,11413,,,,,closed,,,,,closed,,,,,closed,,,,,closed,,,,,closed,,,,,closed,,,,,open,10:00 AM,12:00 PM,,,,,,,,,,,,,,,,,,,,,,,,,,,,,,,,,,,,,,1680892750097,1707296413957,2f8fac82-b0a3-4152-8ad7-5e75afb2c944,40.673140776657,-73.743827479772,100,Queens County,Open,FP,,,,,,,,,,,,,,,,,,,,,,,,,,,,
585,FP,,MAKE THE ROAD NEW YORK        (QN),"92-10 Roosevelt Ave, Jackson Heights, NY, 11372, USA",QN,11373,"WED,THUR(APPT ONLY)",9:30AM-2:30PM,,,closed,,,,,closed,,,,,open,08:00 AM,10:00 AM,,,closed,,,,,closed,,,,,closed,,,,,closed,,,,,,,,,,,,,,,,,,,,,,,,,,,,,,,,,,,,,,,,1680892750097,1709283616437,434d265b-8c34-4d88-a3e1-a9235b40d7f7,40.748514873324,-73.874423817673,97.71,Queens County,Open,FP,,,,,,,,,,,,,,,,,,,,,,,,,,,,
586,FP,,MINISTRY TOOLS INC,"170-20 140th Ave, Jamaica, New York, 11434",QN,11434,FRI,4-6PM,,,closed,,,,,closed,,,,,closed,,,,,open,04:00 PM,06:00 PM,,,closed,,,,,closed,,,,,closed,,,,,,,,,,,,,,,,,,,,,,,,,,,,,,,,,,,,,,,,1680892750097,1728115226087,fba97183-c614-4e31-a130-37cbc0e0ae00,40.6766449,-73.776844,84,Queens County,Open,FP,,,,,,,,,,,,,,,,,,,,,,,,,,,,
587,FP,,MORE THAN CONQUERORS GLOBAL MINISTRIES INC,"153-56 Rockaway Blvd, Jamaica, New York, 11434",QN,11434,SAT,4-6PM,,,closed,,,,,closed,,,,,closed,,,,,closed,,,,,closed,,,,,open,02:00 PM,04:00 PM,,,closed,,,,,,,,,,,,,,,,,,,,,,,,,,,,,,,,,,,,,,,,1680892750097,1719475235062,29ef5365-3c13-4a52-beae-4e5fbf82c0d7,40.66918313534427,-73.78250049137627,100,Queens County,Open,FP,,,,,,,,,,,,,,,,,,,,,,,,,,,,
588,FP,,MOUNT SINAI SEVENTH DAY ADVENTIST CHURCH,"217-10 93rd Ave, Queens Village, New York, 11428",QN,11428,WED,5-7PM,,,closed,,,,,closed,,,,,open,05:00 PM,07:00 PM,,,closed,,,,,closed,,,,,closed,,,,,closed,,,,,,,,,,,,,,,,,,,,,,,,,,,,,,,,,,,,,,,,1680892750097,1719475235062,b5bffcab-9cc4-4d99-89f7-a9d6df2d9bb2,40.72109381224961,-73.74005070200047,100,Queens County,Open,FP,,,,,,,,,,,,,,,,,,,,,,,,,,,,
589,FP,,NATIONAL SORORITY OF PHI DELTA KAPPA,"117-08 Merrick Blvd, Jamaica, New York, 11434",QN,11434,THUR,11AM-1PM,,,closed,,,,,closed,,,,,closed,,,,,open,11:00 AM,01:00 PM,,,closed,,,,,closed,,,,,closed,,,,,,,,,,,,,,,,,,,,,,,,,,,,,,,,,,,,,,,,1680892750097,1680892750097,882fb3ca-5d4f-4aba-8e76-8a18e242e7f9,40.6867022349903,-73.7746964366057,100,Queens County,Open,FP,,,,,,,,,,,,,,,,,,,,,,,,,,,,
590,FP,,NORTHEAST CONFERENCE COMMUNITY CENTER SDA,"99-13 Northern Blvd, East Elmhurst, New York, 11369",QN,11369,TUE(SR ONLY)/WED,11AM-1PM/4-6PM,,,closed,,,,,open,11:00 AM,01:00 PM,,,open,03:00 PM,06:00 PM,,,closed,,,,,closed,,,,,closed,,,,,closed,,,,,,,,,,,,,,,,,,,,,,,,,,,,,,,,,,,,,,,,1680892750097,1698220816778,8e038c0c-4baf-421b-bf52-29b98285969c,40.757447928543,-73.86895990645,100,Queens County,Open,FP,,,,,,,,,,,,,,,,,,,,,,,,,,,,
592,FP,,ONE WAY CHURCH OF CHRIST,"216-11 Merrick Blvd, Springfield Gardens, New York, 11413",QN,11413,SAT,11AM-1PM,,,closed,,,,,closed,,,,,closed,,,,,closed,,,,,closed,,,,,open,11:00 AM,01:00 PM,,,closed,,,,,,,,,,,,,,,,,,,,,,,,,,,,,,,,,,,,,,,,1680892750097,1680892750097,3999ffd4-9d9a-41d1-b407-dfa096952ddf,40.6801782225632,-73.7523253046685,100,Queens County,Open,FP,,,,,,,,,,,,,,,,,,,,,,,,,,,,
595,FP,,QUEENSBORO TEMPLE SEVENTH DAY ADVENTIST CHURCH,"96-50 222nd St, Queens Village, New York, 11429",QN,11429,WED(2ND&4TH),3-6PM,,,closed,,,,,closed,,,,,open,01:00 PM,04:00 PM,,,closed,,,,,closed,,,,,closed,,,,,closed,,,,,,,,,,,,,,,,,,,,,,,,,,,,,,,,,,,,,,,,1680892750097,1719475235062,44fbd24d-74f4-4103-b70f-020a67536b41,40.71813283936383,-73.7317494969437,100,Queens County,Open,FP,,,,,,,,,,,,,,,,,,,,,,,,,,,,
597,FP,,SECOND CHANCE AGAPE WORSHIP CENTER,"200-12 Hollis Ave, Saint Albans, New York, 11412",QN,11412,THUR,12-2PM,,,closed,,,,,closed,,,,,closed,,,,,open,12:00 PM,02:00 PM,,,closed,,,,,closed,,,,,closed,,,,,,,,,,,,,,,,,,,,,,,,,,,,,,,,,,,,,,,,1680892750097,1680892750097,48f93d41-4beb-4eec-b227-04a82e1810d2,40.7060513555566,-73.7571810249971,100,Queens County,Open,FP,,,,,,,,,,,,,,,,,,,,,,,,,,,,
598,FP,,SINGH FAMILY CHARITY INC (85556),"121-13 Sutphin Blvd, Jamaica, New York, 11434",QN,11434,SAT,10AM-12PM,,,closed,,,,,closed,,,,,closed,,,,,closed,,,,,closed,,,,,open,08:00 AM,10:00 AM,,,closed,,,,,,,,,,,,,,,,,,,,,,,,,,,,,,,,,,,,,,,,1680892750097,1695715215094,ac64b96a-7d51-4bbd-b803-42e638945e2a,40.676953033859,-73.790635547503,100,Queens County,Open,FP,,,,,,,,,,,,,,,,,,,,,,,,,,,,
599,FP,,SOLID ROCK SEVENTH DAY ADVENTIST CHURCH (FP),"52-05 Rockaway Beach Blvd, Far Rockaway, New York, 11691",QN,11691,,,,,closed,,,,,closed,,,,,open,02:30 PM,05:30 PM,,,closed,,,,,closed,,,,,closed,,,,,closed,,,,,,,,,,,,,,,,,,,,,,,,,,,,,,,,,,,,,,,,1680892750097,1758268815859,547889f7-2368-4d8c-9a43-4195392fe87c,40.593483988472,-73.780484978939,99.55,Queens County,Open,FP,,,,,,,,,,,,,,,,,,,,,,,,,,,,
600,FP,,SOUTH ASIAN COUNCIL FOR SOCIAL SERVICES,"143-02 45th Ave, Flushing, New York, 11355",QN,11355,WED,9AM-6PM,,,closed,,,,,closed,,,,,open,09:30 AM,01:00 PM,,,open,09:30 AM,01:00 PM,,,closed,,,,,closed,,,,,closed,,,,,,,,,,,,,,,,,,,,,,,,,,,,,,,,,,,,,,,,1680892750097,1680892750097,7d698b64-6dfc-4696-ad1d-ee9cd021579c,40.753835873098,-73.818216283721,100,Queens County,Open,FP,,,,,,,,,,,,,,,,,,,,,,,,,,,,
601,FP,,SOUTH OZONE PARK SEVENTH DAY ADVENTIST CHURCH,"120-12 140th St, Jamaica, New York, 11436",QN,11436,"FRI(4TH), SUN (2ND)",12-2PM,,,closed,,,,,closed,,,,,open,12:00 PM,02:00 PM,,,closed,,,,,closed,,,,,closed,,,,,closed,,,,,,,,,,,,,,,,,,,,,,,,,,,,,,,,,,,,,,,,1680892750097,1719475235062,3c881cf6-bca7-41e1-bfff-611f512d83e8,40.675624083110876,-73.80110655622609,100,Queens County,Open,FP,,,,,,,,,,,,,,,,,,,,,,,,,,,,
603,FP,,ST. MARK AME CHURCH/THE VOICE OF HAGAR,"95-18 Northern Blvd, Jackson Heights, New York, 11372",QN,11372,"TUE (1,2,3,4)",12-2:45PM,,,closed,,,,,open,10:00 AM,12:30 PM,,,closed,,,,,closed,,,,,closed,,,,,closed,,,,,closed,,,,,,,,,,,,,,,,,,,,,,,,,,,,,,,,,,,,,,,,1680892750097,1741078819606,5fe219fc-0db6-49ee-9aac-7e29afd205fe,40.756756044345,-73.872420794271,100,Queens County,Open,FP,,,,,,,,,,,,,,,,,,,,,,,,,,,,
605,FP,,ST. NICHOLAS OF TOLENTINE CHURCH- F.P.,"150-75 Goethals Ave, Jamaica, New York, 11432",QN,11432,THUR,9AM-12PM,,,closed,,,,,closed,,,,,closed,,,,,open,09:00 AM,12:00 PM,,,closed,,,,,closed,,,,,closed,,,,,,,,,,,,,,,,,,,,,,,,,,,,,,,,,,,,,,,,1680892750097,1680892750097,a779c81d-f005-471e-9059-0f841ba84a9a,40.7184254753955,-73.809608488255,100,Queens County,Open,FP,,,,,,,,,,,,,,,,,,,,,,,,,,,,
606,FP,,ST. TERESA OF AVILA COMMUNITY SERVICES,"109-24 130th St, South Ozone Park, NY, 11420, USA",QN,11420,"MON,THUR",9-10:30AM,,,open,09:00 AM,10:30 AM,,,closed,,,,,closed,,,,,open,09:00 AM,10:30 AM,,,closed,,,,,closed,,,,,closed,,,,,,,,,,,,,,,,,,,,,,,,,,,,,,,,,,,,,,,,1680892750097,1680892750097,e9757727-e37a-4967-ad1e-c251e4252953,40.684362104919,-73.81320696364,100,Queens County,Open,FP,,,,,,,,,,,,,,,,,,,,,,,,,,,,
607,FP,,TABERNACLE OF PRAYER,"90-07 Merrick Blvd, Jamaica, New York, 11432",QN,11432,TUE/FRI,11:30A-12:3PM/10A/11:3P,,,closed,,,,,closed,,,,,open,10:00 AM,11:30 AM,,,closed,,,,,closed,,,,,closed,,,,,closed,,,,,,,,,,,,,,,,,,,,,,,,,,,,,,,,,,,,,,,,1680892750097,1690963213558,80ad95a8-7bd7-402e-92ed-56dfc4c95b31,40.706839296365,-73.794500023962,100,Queens County,Open,FP,,,,,,,,,,,,,,,,,,,,,,,,,,,,
608,FP,,TAURUS ASSOCIATES INC.,"240-08 135th Ave, Rosedale, NY, 11422, USA",QN,11422,WED,3-5PM,,,closed,,,,,closed,,,,,open,03:00 PM,05:00 PM,,,closed,,,,,closed,,,,,closed,,,,,closed,,,,,,,,,,,,,,,,,,,,,,,,,,,,,,,,,,,,,,,,1680892750097,1680892750097,c4376e78-6237-4799-96fc-8c00d01bdb96,40.6719841997474,-73.7343242455899,100,Queens County,Open,FP,,,,,,,,,,,,,,,,,,,,,,,,,,,,
609,FP,,THE SALVATION ARMY ASTORIA CORPS,"45-18 Broadway, Astoria, New York, 11103",QN,11103,"TUE,THUR",10AM-4PM,,,closed,,,,,open,10:00 AM,02:00 PM,,,closed,,,,,open,10:00 AM,02:00 PM,,,closed,,,,,closed,,,,,closed,,,,,,,,,,,,,,,,,,,,,,,,,,,,,,,,,,,,,,,,1680892750097,1680892750097,7af325ae-4eee-4774-8c0d-9064c836bd76,40.7567003885083,-73.9144419570986,100,Queens County,Open,FP,,,,,,,,,,,,,,,,,,,,,,,,,,,,
610,FP,,UNION UNITED FOOD PANTRY (FP),"126-22 150th St, Jamaica, New York, 11436",QN,11436,"FRI(3,4)",11AM-12PM,,,closed,,,,,closed,,,,,closed,,,,,closed,,,,,open,12:00 PM,03:00 PM,,,closed,,,,,closed,,,,,,,,,,,,,,,,,,,,,,,,,,,,,,,,,,,,,,,,1680892750097,1728460820673,f950b9c8-5b13-4f8b-9950-9eb21c3f64d4,40.67237613754,-73.788664207695,100,Queens County,Open,FP,,,,,,,,,,,,,,,,,,,,,,,,,,,,
611,FP,,V.E.T.S. INC,"111-16 173rd St, Jamaica, New York, 11433",QN,11433,,,,,closed,,,,,closed,,,,,closed,,,,,closed,,,,,open,10:00 AM,12:00 PM,,,closed,,,,,closed,,,,,,,,,,,,,,,,,,,,,,,,,,,,,,,,,,,,,,,,1680892750097,1734685219651,8c580c5d-9682-4ad9-a9f6-ac765ca15fe8,40.694836494836,-73.779416956836,100,Queens County,Open,FP,,,,,,,,,,,,,,,,,,,,,,,,,,,,
612,FP,,"VETS INC, HOLLIS GARDENS","202-14 Hollis Ave, Saint Albans, New York, 11412",QN,11412,THUR,3-5PM,,,closed,,,,,closed,,,,,closed,,,,,open,03:00 PM,05:00 PM,,,closed,,,,,closed,,,,,closed,,,,,,,,,,,,,,,,,,,,,,,,,,,,,,,,,,,,,,,,1680892750097,1680892750097,28980c8e-a88f-4e6f-bfaa-1f68b0a849f4,40.7063096858125,-73.7549966172106,100,Queens County,Open,FP,,,,,,,,,,,,,,,,,,,,,,,,,,,,
613,FP,,VFW #5298,"143-17 Springfield Blvd, Springfield Gardens, New York, 11413",QN,11413,WED,5-7PM,,,closed,,,,,closed,,,,,open,02:00 PM,05:00 PM,,,closed,,,,,closed,,,,,closed,,,,,closed,,,,,,,,,,,,,,,,,,,,,,,,,,,,,,,,,,,,,,,,1680892750097,1719475235062,50c07a56-49bb-4a3c-823a-e6cf8f307440,40.66809223064598,-73.75665849715315,100,Queens County,Open,FP,,,,,,,,,,,,,,,,,,,,,,,,,,,,
614,FP,,WE CARE PANTRY (FP),"201-14 Hollis Ave, Saint Albans, New York, 11412",QN,11412,SAT,11:30AM-3PM,,,closed,,,,,closed,,,,,closed,,,,,closed,,,,,closed,,,,,open,10:00 AM,12:00 PM,,,closed,,,,,,,,,,,,,,,,,,,,,,,,,,,,,,,,,,,,,,,,1680892750097,1733302821322,36271a3f-75c0-4e69-9468-2157a45530b9,40.70616446934,-73.755991632937,100,Queens County,Open,FP,,,,,,,,,,,,,,,,,,,,,,,,,,,,
616,FP,,CALVARY ASSEMBLY OF GOD,"4055 Richmond Ave, Staten Island, New York, 10312",SI,10312,THUR,11AM-12:30PM,,,closed,,,,,closed,,,,,closed,,,,,open,09:30 AM,12:00 PM,,,closed,,,,,closed,,,,,closed,,,,,,,,,,,,,,,,,,,,,,,,,,,,,,,,,,,,,,,,1680892750097,1758096016104,89721d59-2223-481a-80e0-b236449e8bb5,40.539694465948,-74.160540334024,100,Richmond County,Open,FP,,,,,,,,,,,,,,,,,,,,,,,,,,,,
617,FP,,CHRIST ABUNDANT LIFE MINISTRIES,"121 Grandview Ave, Staten Island, New York, 10303",SI,10303,THUR,6-7PM,,,closed,,,,,closed,,,,,closed,,,,,open,05:30 PM,06:30 PM,,,closed,,,,,closed,,,,,closed,,,,,,,,,,,,,,,,,,,,,,,,,,,,,,,,,,,,,,,,1680892750097,1729324830450,f2d699b7-5f8b-469b-b763-aaeba26c0f1a,40.636459891981,-74.16495047238,100,Richmond County,Open,FP,,,,,,,,,,,,,,,,,,,,,,,,,,,,
618,FP,,CHRISTIAN PENTECOSTAL CHURCH (FP),"900 Richmond Rd, Staten Island, New York, 10304",SI,10304,TUE,3-8PM,,,closed,,,,,open,01:00 PM,04:00 PM,,,closed,,,,,closed,,,,,closed,,,,,closed,,,,,closed,,,,,,,,,,,,,,,,,,,,,,,,,,,,,,,,,,,,,,,,1680892750097,1752048014807,4eee7e9a-5491-42bb-8c97-d6f8dc42f73a,40.604892513065,-74.092353216415,100,Richmond County,Open,FP,,,,,,,,,,,,,,,,,,,,,,,,,,,,
620,FP,,FEEDING WITH TLC INC,"309 St Pauls Ave, Staten Island, New York, 10304",SI,10304,SAT,11AM-1PM,,,closed,,,,,closed,,,,,closed,,,,,closed,,,,,closed,,,,,open,10:30 AM,12:30 PM,,,closed,,,,,,,,,,,,,,,,,,,,,,,,,,,,,,,,,,,,,,,,1680892750097,1680892750097,fbe917db-5a5e-4808-99aa-6eb10826c3f8,40.6303035098269,-74.0811803909397,100,Richmond County,Open,FP,,,,,,,,,,,,,,,,,,,,,,,,,,,,
623,FP,,OUR LADY OF GOOD COUNSEL CHURCH (STATEN ISLAND),"42 Austin Pl, Staten Island, New York, 10304",SI,10304,SAT,10-11AM,,,closed,,,,,closed,,,,,closed,,,,,closed,,,,,closed,,,,,open,09:30 AM,11:00 AM,,,closed,,,,,,,,,,,,,,,,,,,,,,,,,,,,,,,,,,,,,,,,1680892750097,1720512021941,b3bb7168-3c3e-4d01-bd8a-3f078b3f94c3,40.631313361521,-74.086033261421,100,Richmond County,Open,FP,,,,,,,,,,,,,,,,,,,,,,,,,,,,
625,FP,,SKYLIGHT CENTER,"307 St Marks Pl, Staten Island, New York, 10301",SI,10301,TUE,2-3PM,,,closed,,,,,open,02:00 PM,03:00 PM,,,closed,,,,,closed,,,,,closed,,,,,closed,,,,,closed,,,,,,,,,,,,,,,,,,,,,,,,,,,,,,,,,,,,,,,,1680892750097,1680892750097,f42a264e-314b-4a2d-9892-0c091fe8483e,40.6425731073332,-74.0782850301258,100,Richmond County,Open,FP,,,,,,,,,,,,,,,,,,,,,,,,,,,,
626,FP,,ST. EDWARD FOOD PANTRY,"6581 Hylan Blvd, Staten Island, New York, 10309",SI,10309,"MON,WED,SAT",10AM-1PM,,,closed,,,,,closed,,,,,closed,,,,,closed,,,,,open,10:00 AM,01:00 PM,,,closed,,,,,closed,,,,,,,,,,,,,,,,,,,,,,,,,,,,,,,,,,,,,,,,1680892750097,1756368017803,da430460-c644-4e35-895a-0391de724b02,40.511892196029,-74.222442952088,100,Richmond County,Open,FP,,,,,,,,,,,,,,,,,,,,,,,,,,,,
628,FP,,"UNITED CHURCH OF PRAISE INTERNATIONAL MINISTRIES, INC","487 Vanderbilt Ave, Staten Island, NY, 10304, USA",SI,10304,"FRI,SUN",1-3PM,,,closed,,,,,closed,,,,,closed,,,,,closed,,,,,open,01:00 PM,03:00 PM,,,closed,,,,,open,01:00 PM,03:00 PM,,,,,,,,,,,,,,,,,,,,,,,,,,,,,,,,,,,,,,1680892750097,1711526415831,548bf50c-7031-4efd-aa08-3f20d0674c6f,40.614535892668,-74.085750120732,100,Richmond County,Open,FP,,,,,,,,,,,,,,,,,,,,,,,,,,,,
629,FP,,EVANGELICAL CRUSADE FOOD PANTRY (FP),"557 E 31st St, Brooklyn, New York, 11210",BK,11210,"TUE,THUR",4-6PM,,,closed,,,,,closed,,,,,open,02:00 PM,04:00 PM,,,closed,,,,,closed,,,,,closed,,,,,closed,,,,,,,,,,,,,,,,,,,,,,,,,,,,,,,,,,,,,,,,1680892750097,1733907620310,87f9d09d-621f-4ca7-9deb-a58c7bdc3fb8,40.637301728426,-73.947014116657,100,Kings County,Open,FP,,,,,,,,,,,,,,,,,,,,,,,,,,,,
631,FP,,CHRIST JESUS BAPTIST CHURCH,"431 Southern Blvd, Bronx, NY, 10455, USA",BX,10455,,,,,closed,,,,,closed,,,,,open,10:00 AM,05:00 PM,,,closed,,,,,closed,,,,,closed,,,,,closed,,,,,,,,,,,,,,,,,,,,,,,,,,,,,,,,,,,,,,,,1680892750097,1771491629320,b711b1ae-ccdf-4b39-8805-beaefa145ff7,40.80960708708,-73.90772939376,100,Bronx County,Open,FP,,,,,,,,,,,,,,,,,,,,,,,,,,,,
633,FPM,,"WEST HARLEM GROUP ASSISTANCE, INC","625 Lenox Ave, New York, New York, 10030",NY,10030,,,,,open,10:00 AM,02:00 PM,,,open,10:00 AM,02:00 PM,,,open,10:00 AM,02:00 PM,,,open,10:00 AM,02:00 PM,,,closed,,,,,closed,,,,,closed,,,,,,,,,,,,,,,,,,,,,,,,,,,,,,,,,,,,,,,,1680892750097,1719907219872,2817455b-7091-40ed-afa8-25f1005a3af2,40.818223012992,-73.938188391709,100,New York County,Open,FP,,,,,,,,,,,,,,,,,,,,,,,,,,,,
634,FPM,,COMMUNITY HEALTH ACTION OF STATEN ISLAND,"2134 Richmond Ter, Staten Island, New York, 10302",SI,10302,,,,,open,02:30 PM,04:30 PM,,,open,02:30 PM,04:30 PM,,,open,02:30 PM,04:30 PM,,,closed,,,,,open,02:30 PM,04:30 PM,,,closed,,,,,closed,,,,,,,,,,,,,,,,,,,,,,,,,,,,,,,,,,,,,,,,1680892750097,1764925216793,47a2962d-6524-42a2-bc19-a4b609c14f0e,40.640213769227,-74.134309168036,100,Richmond County,Open,FP,,,,,,,,,,,,,,,,,,,,,,,,,,,,
635,FP,,ACTS COMMUNITY DEVELOPMENT CORPORATION (FP),"2114 Mermaid Ave, Brooklyn, New York, 11224",BK,11224,,,,,closed,,,,,open,06:00 PM,07:15 PM,,,closed,,,,,open,11:00 AM,02:15 PM,,,closed,,,,,closed,,,,,closed,,,,,,,,,,,,,,,,,,,,,,,,,,,,,,,,,,,,,,,,1680892750097,1707296413957,5b26429a-0add-45b2-955d-36569a1396a9,40.576109309018,-73.988429519342,100,Kings County,Open,FP,,,,,,,,,,,,,,,,,,,,,,,,,,,,
636,FP,SK,BETHEL SEVENTH-DAY ADVENTIST CHURCH,"457 Grand Ave, Brooklyn, New York, 11238",BK,11238,,,,,closed,,,,,closed,,,,,open,03:00 PM,05:00 PM,,,closed,,,,,closed,,,,,closed,,,,,closed,,,,,closed,,,,,closed,,,,,closed,,,,,closed,,,,,closed,,,,,closed,,,,,open,01:00 PM,02:00 PM,,,1680892750097,1773734425676,6027f1c3-94d3-41c5-b21e-8083cb3250e8,40.681607127507,-73.961307859962,100,Kings County,Open,"FP,SK",,,,,,,,,,,,,,,,,,,,,,,,,,,,
637,FP,SK,CHRISTIAN FELLOWSHIP SEVENTH DAY ADVENTIST COMMUNITY SVCS,"777 Schenectady Ave, Brooklyn, New York, 11203",BK,11203,,,,,closed,,,,,closed,,,,,open,10:30 AM,12:30 PM,,,closed,,,,,closed,,,,,closed,,,,,closed,,,,,open,05:00 PM,06:00 PM,,,open,05:00 PM,06:00 PM,,,open,05:00 PM,06:00 PM,,,closed,,,,,closed,,,,,closed,,,,,closed,,,,,1680892750097,1707814815332,8be1bf7f-a207-42db-8138-8b9f7835417a,40.654382538355,-73.933429063267,100,Kings County,Open,"FP,SK",,,,,,,,,,,,,,,,,,,,,,,,,,,,
638,FP,SK,CORNERSTONE SEVENTH DAY ADVENTIST CHURCH (FP) (SK),"138 Pennsylvania Ave, Brooklyn, NY, 11207, USA",BK,11207,THUR,10AM-12PM,,,closed,,,,,closed,,,,,closed,,,,,open,10:00 AM,12:00 PM,,,closed,,,,,closed,,,,,closed,,,,,closed,,,,,closed,,,,,closed,,,,,closed,,,,,closed,,,,,closed,,,,,open,11:30 AM,01:00 PM,,,1680892750097,1757404815649,1c541560-fb46-430e-b840-089d4d50de5d,40.674529238918,-73.896743233268,100,Kings County,Open,"FP,SK",,,,,,,,,,,,,,,,,,,,,,,,,,,,
641,FP,,THE OZONE PARK PANTRY (FP),"83-10 Rockaway Blvd, Ozone Park, New York, 11416",QN,11416,,,,,closed,,,,,closed,,,,,closed,,,,,closed,,,,,closed,,,,,open,09:30 AM,12:30 PM,,,closed,,,,,,,,,,,,,,,,,,,,,,,,,,,,,,,,,,,,,,,,1680892750097,1768640429723,fd58898d-60da-4534-a0ad-9e8be4385d8a,40.683697322702,-73.857164640844,100,Queens County,Open,FP,,,,,,,,,,,,,,,,,,,,,,,,,,,,
649,FP,,CHURCH OF GOD OF BRONXWOOD AVENUE,"3232 LURTING AVENUE, BX 10469",BX,10469,,,,,closed,,,,,closed,,,,,open,10:00 AM,02:00 PM,,,closed,,,,,closed,,,,,open,10:00 AM,02:00 PM,,,closed,,,,,,,,,,,,,,,,,,,,,,,,,,,,,,,,,,,,,,,,1680892750097,1719475235062,c20d0e17-68c5-4ed3-9d7b-853cbe27a951,40.87237635202351,-73.85644195315263,100,Bronx County,Open,FP,,,,,,,,,,,,,,,,,,,,,,,,,,,,
651,FP,,COLLECTIVE FOCUS FOOD JUSTICE PANTRY PROGRAM,"1046 Broadway, Brooklyn, NY, 11221, USA",BK,11221,,,,,closed,,,,,open,01:00 PM,03:00 PM,,,closed,,,,,closed,,,,,closed,,,,,closed,,,,,closed,,,,,,,,,,,,,,,,,,,,,,,,,,,,,,,,,,,,,,,,1680892750097,1694246413891,db529277-9ba2-4d11-9ecb-a28677db2f2e,40.695197126221,-73.932346791929,100,Kings County,Open,FP,,,,,,,,,,,,,,,,,,,,,,,,,,,,
652,FP,,FIRST BAPTIST CHURCH OF CORONA (FP),"100-10 Astoria Blvd, East Elmhurst, NY, 11369, USA",QN,11369,,,,,closed,,,,,closed,,,,,closed,,,,,closed,,,,,closed,,,,,open,12:00 PM,03:00 PM,,,closed,,,,,,,,,,,,,,,,,,,,,,,,,,,,,,,,,,,,,,,,1680892750097,1694678415550,3b39a96c-f13c-46bd-a795-7e913b7533e0,40.761622074415,-73.868736780187,100,Queens County,Open,FP,,,,,,,,,,,,,,,,,,,,,,,,,,,,
653,FP,,GOSHEN TEMPLE OF SEVENTH DAY ADVENTIST CHURCH (FP),"2414 Church Ave, Brooklyn, NY, 11226, USA",BK,11226,,,,,closed,,,,,closed,,,,,open,01:00 PM,03:00 PM,,,closed,,,,,closed,,,,,closed,,,,,closed,,,,,,,,,,,,,,,,,,,,,,,,,,,,,,,,,,,,,,,,1680892750097,1699520414955,54ecf12d-88d4-439d-b41d-1bbd617598e1,40.650439900649,-73.955156884135,100,Kings County,Open,FP,,,,,,,,,,,,,,,,,,,,,,,,,,,,
656,FP,,CATHEDRAL COMMUNITY CARES,"1047 Amsterdam Ave, New York, NY, 10025, USA",NY,10025,,,,,closed,,,,,closed,,,,,closed,,,,,open,12:00 PM,06:00 PM,,,closed,,,,,closed,,,,,closed,,,,,,,,,,,,,,,,,,,,,,,,,,,,,,,,,,,,,,,,1680892750097,1719475235062,dcfffe25-5fb9-4406-bb17-cf264fdcdf68,40.80411681477173,-73.96257847266392,100,New York County,Open,FP,,,,,,,,,,,,,,,,,,,,,,,,,,,,
657,FP,,HOPE EMPOWERMENT AND DEVELOPMENT ZONE INC,"369 New Lots Ave, Brooklyn, NY, 11207, USA",BK,11207,,,,,closed,,,,,closed,,,,,closed,,,,,closed,,,,,closed,,,,,open,12:00 PM,04:00 PM,,,closed,,,,,,,,,,,,,,,,,,,,,,,,,,,,,,,,,,,,,,,,1680892750097,1680892750097,02cf68b5-4fe6-4734-8894-0a1e7f1e83ff,40.6617543383789,-73.893592727321,100,Kings County,Open,FP,,,,,,,,,,,,,,,,,,,,,,,,,,,,
658,FP,,ICL AND CHN FOOD PANTRY,"2581 Atlantic Ave, Brooklyn, NY, 11207, USA",BK,11207,,,,,closed,,,,,closed,,,,,open,01:00 PM,04:00 PM,,,closed,,,,,closed,,,,,closed,,,,,closed,,,,,,,,,,,,,,,,,,,,,,,,,,,,,,,,,,,,,,,,1680892750097,1761811216732,fd6eae9f-ba1d-47d9-9a49-98ddaca34e9a,40.676002693677,-73.899179684883,100,Kings County,Open,FP,,,,,,,,,,,,,,,,,,,,,,,,,,,,
660,FP,,MANHATTAN DOWNTOWN MULTI-CULTURAL FOOD PANTY,"160 Allen St, New York, NY, 10002, USA",NY,10002,,,,,closed,,,,,closed,,,,,closed,,,,,open,08:30 AM,10:30 AM,,,closed,,,,,closed,,,,,closed,,,,,,,,,,,,,,,,,,,,,,,,,,,,,,,,,,,,,,,,1680892750097,1696579216528,6d0e9057-621f-43e2-9ee5-aec20bbbb5b6,40.72091909159,-73.989184309723,100,New York County,Open,FP,,,,,,,,,,,,,,,,,,,,,,,,,,,,
661,FP,,MUNA SOCIAL SERVICE AN-NAMIRAH (FPH),"2135 Pitkin Ave, Brooklyn, NY, 11207, USA",BK,11207,,,,,open,02:00 PM,03:00 PM,,,closed,,,,,closed,,,,,closed,,,,,closed,,,,,closed,,,,,closed,,,,,,,,,,,,,,,,,,,,,,,,,,,,,,,,,,,,,,,,1680892750097,1734512421307,bdb59188-1a25-4813-8cea-3173b18cc268,40.672360463381,-73.893611418965,100,Kings County,Open,FP,,,,,,,,,,,,,,,,,,,,,,,,,,,,
662,FP,,MUNA SOCIAL SERVICES BAITUL ISLAM MASJID (FPH),2107 DAVIDSON AVENUE,BX,10453,,,,,closed,,,,,closed,,,,,closed,,,,,open,02:00 PM,03:00 PM,,,closed,,,,,closed,,,,,closed,,,,,,,,,,,,,,,,,,,,,,,,,,,,,,,,,,,,,,,,1680892750097,1734512421307,aa2d5608-75a9-4e85-ae2e-3c93f42c2073,40.855621640038,-73.907041658604,100,Bronx County,Open,FP,,,,,,,,,,,,,,,,,,,,,,,,,,,,
663,FP,,MUNA SOCIAL SERVICES BAITUN NOOR MASJID (FPH),"88-19 Liberty Ave, Ozone Park, NY, 11417, USA",QN,11417,,,,,closed,,,,,closed,,,,,closed,,,,,open,04:00 PM,05:00 PM,,,closed,,,,,closed,,,,,closed,,,,,,,,,,,,,,,,,,,,,,,,,,,,,,,,,,,,,,,,1680892750097,1734512421307,c98c5c4e-82f2-445e-ac3b-a5d4fe0cc946,40.680094822627,-73.84992276032,100,Queens County,Open,FP,,,,,,,,,,,,,,,,,,,,,,,,,,,,
664,FP,,MUNA SOCIAL SERVICE BROOKLYN ISLAMIC CENTER (FPH),"722 Church Ave, Brooklyn, NY, 11218, USA",BK,11218,,,,,open,03:00 PM,04:00 PM,,,closed,,,,,closed,,,,,closed,,,,,closed,,,,,closed,,,,,closed,,,,,,,,,,,,,,,,,,,,,,,,,,,,,,,,,,,,,,,,1680892750097,1734512421307,24d2ef2a-70f9-4276-9f62-bdd6b1512137,40.645547383765,-73.972471549163,100,Kings County,Open,FP,,,,,,,,,,,,,,,,,,,,,,,,,,,,
665,FP,,MUNA SOCIAL SERVICES DOWNTOWN BROOKLYN (FPH),"50 New York Ave, Brooklyn, NY, 11216, USA",BK,11216,,,,,open,04:00 PM,05:00 PM,,,closed,,,,,closed,,,,,closed,,,,,closed,,,,,closed,,,,,closed,,,,,,,,,,,,,,,,,,,,,,,,,,,,,,,,,,,,,,,,1680892750097,1734512421307,11559243-adfe-4001-9dbd-b584c0727b90,40.678597353715,-73.947060049487,100,Kings County,Open,FP,,,,,,,,,,,,,,,,,,,,,,,,,,,,
666,FP,,MUNA SOCIAL SERVICES EAST FLATBUSH (FPH),"167 EAST 43rd St, Brooklyn, NY, 11203, USA",BK,11203,,,,,open,05:00 PM,06:00 PM,,,closed,,,,,closed,,,,,closed,,,,,closed,,,,,closed,,,,,closed,,,,,,,,,,,,,,,,,,,,,,,,,,,,,,,,,,,,,,,,1680892750097,1734512421307,65c78ef4-8c2c-4989-944d-0f49fb29883e,40.65189156246,-73.937045435392,100,Kings County,Open,FP,,,,,,,,,,,,,,,,,,,,,,,,,,,,
667,FP,,MUNA SOCIAL SERVICES MASJID AR-RAYYAN (FPH),"196-43 Foothill Ave, Hollis, NY, 11423, USA",QN,11423,,,,,closed,,,,,closed,,,,,open,02:00 PM,03:00 PM,,,closed,,,,,closed,,,,,closed,,,,,closed,,,,,,,,,,,,,,,,,,,,,,,,,,,,,,,,,,,,,,,,1680892750097,1734512421307,b3f48b62-93a0-47aa-a90f-1fe7a31c9c08,40.718758823685,-73.766691635254,100,Queens County,Open,FP,,,,,,,,,,,,,,,,,,,,,,,,,,,,
668,FP,,MUNA SOCIAL SERVICES PARKCHESTER ISLAMIC CENTER (FPH),"1375 Virginia Ave, Bronx, NY, 10462, USA",BX,10462,,,,,closed,,,,,closed,,,,,closed,,,,,open,04:00 PM,05:00 PM,,,closed,,,,,closed,,,,,closed,,,,,,,,,,,,,,,,,,,,,,,,,,,,,,,,,,,,,,,,1680892750097,1734512421307,19e51fc2-292c-434a-9a77-db64c4a65360,40.83534979766,-73.86213921656,100,Bronx County,Open,FP,,,,,,,,,,,,,,,,,,,,,,,,,,,,
669,FP,,MUNA SOCIAL SERVICE SOUTH JAMAICA (FPH),"164-38 108th Ave, Jamaica, NY, 11453, USA",QN,11433,,,,,closed,,,,,closed,,,,,open,04:00 PM,05:00 PM,,,closed,,,,,closed,,,,,closed,,,,,closed,,,,,,,,,,,,,,,,,,,,,,,,,,,,,,,,,,,,,,,,1680892750097,1734512421307,1ecd5826-32fa-4a24-93e0-db415f16586c,40.697354879555,-73.789081123559,98.33,Queens County,Open,FP,,,,,,,,,,,,,,,,,,,,,,,,,,,,
671,FPM,,PAYO MOBILE FOOD PANTRY,"2483 65th St, Brooklyn, NY, 11204, USA",BK,11204,,,,,closed,,,,,closed,,,,,closed,,,,,closed,,,,,open,01:30 PM,02:30 PM,,,closed,,,,,closed,,,,,,,,,,,,,,,,,,,,,,,,,,,,,,,,,,,,,,,,1680892750097,1719475235062,b4b59272-a85b-4e70-a2ec-f3b1f6123027,40.61000924585852,-73.97475184592174,100,Kings County,Open,FP,,,,,,,,,,,,,,,,,,,,,,,,,,,,
672,FP,,REACH OUT AND TOUCH FOOD PANTRY,"51 Cottage Pl, Staten Island, NY, 10302, USA",SI,10302,,,,,closed,,,,,closed,,,,,closed,,,,,closed,,,,,closed,,,,,open,12:00 PM,01:00 PM,,,closed,,,,,,,,,,,,,,,,,,,,,,,,,,,,,,,,,,,,,,,,1680892750097,1693296014340,c1d75356-06d9-4273-8dcc-8bc23693d99b,40.635894071607,-74.130501856157,100,Richmond County,Open,FP,,,,,,,,,,,,,,,,,,,,,,,,,,,,
673,FP,,RED HOOK COMMUNITY - REDEMPTION CHURCH (FP),"27 HUNGTINGTON STREET, BROOKLYN, NY 11231 ",BK,11231,,,,,closed,,,,,closed,,,,,open,09:00 AM,03:00 PM,,,open,10:00 AM,12:00 PM,,,open,09:00 AM,03:00 PM,,,closed,,,,,closed,,,,,,,,,,,,,,,,,,,,,,,,,,,,,,,,,,,,,,,,1680892750097,1763024415842,6567731e-c1b5-4ccc-b6b7-0e64fa0f91eb,40.677651749308,-74.005114787261,98.34,Kings County,Open,FP,,,,,,,,,,,,,,,,,,,,,,,,,,,,
674,FP,,THE KINGSBRIDGE HEIGHTS COMMUNITY CENTER INC (FP),"3067 Kingsbridge Ter, Bronx, NY, 10463, USA",BX,10463,,,,,closed,,,,,open,11:00 AM,02:30 PM,,,closed,,,,,open,11:00 AM,02:30 PM,,,closed,,,,,closed,,,,,closed,,,,,,,,,,,,,,,,,,,,,,,,,,,,,,,,,,,,,,,,1680892750097,1723536027337,ae02939c-3f91-43ad-9c6f-6092739c1bd6,40.87698434767,-73.901091341856,100,Bronx County,Open,FP,,,,,,,,,,,,,,,,,,,,,,,,,,,,
675,FP,,THE LOWER EASTSIDE GIRLS CLUB (FP),402 EAST 8TH STREET,BK,11218,,,,,closed,,,,,closed,,,,,open,09:00 AM,02:30 PM,,,closed,,,,,closed,,,,,closed,,,,,closed,,,,,,,,,,,,,,,,,,,,,,,,,,,,,,,,,,,,,,,,1680892750097,1731488421804,ef985f5b-b9c1-43e6-b0a6-a4464cebcc3a,40.640136194713,-73.971194817671,100,Kings County,Open,FP,,,,,,,,,,,,,,,,,,,,,,,,,,,,
677,FP,,WE CREATE COMMUNITY FOOD PANTRY (FP),"8501 NEW UTRECHT AVENUE, B",BK,11214,,,,,closed,,,,,closed,,,,,closed,,,,,open,10:30 AM,11:30 AM,,,closed,,,,,closed,,,,,closed,,,,,,,,,,,,,,,,,,,,,,,,,,,,,,,,,,,,,,,,1680892750097,1755331216898,427bc05d-5b0a-443b-bae2-9997d2bcfcb3,40.607235925555,-74.001487183385,98.1,Kings County,Open,FP,,,,,,,,,,,,,,,,,,,,,,,,,,,,
678,FP,,WOODBINE (FP),"585 Woodward Ave, Ridgewood, NY, 11385, USA",QN,11385,,,,,open,09:30 AM,10:00 AM,,,closed,,,,,open,09:30 AM,10:00 AM,,,closed,,,,,closed,,,,,closed,,,,,closed,,,,,,,,,,,,,,,,,,,,,,,,,,,,,,,,,,,,,,,,1680892750097,1724140834272,f0aca09e-9c49-44fd-819e-c370420b7a27,40.706437258379,-73.90809987388,100,Queens County,Open,FP,,,,,,,,,,,,,,,,,,,,,,,,,,,,
679,FP,,YESHUA WORLDWIDE MINISTRIES FOOD PANTRY (FP),"79-11 Caldwell Ave, Middle Village, NY, 11379, USA",QN,11379,,,,,closed,,,,,closed,,,,,closed,,,,,open,10:00 AM,01:00 PM,,,closed,,,,,open,10:00 AM,01:00 PM,,,closed,,,,,,,,,,,,,,,,,,,,,,,,,,,,,,,,,,,,,,,,1680892750097,1722585624994,a5b17cc2-1c47-4ce7-87dd-c49944c46dee,40.725685670378,-73.88025443716,100,Queens County,Open,FP,,,,,,,,,,,,,,,,,,,,,,,,,,,,
680,FP,,ZION TABERNACLE F.B.H. CHURCH,105-01 107 AV,QN,11417,,,,,closed,,,,,open,01:00 PM,03:00 PM,,,closed,,,,,closed,,,,,closed,,,,,closed,,,,,closed,,,,,,,,,,,,,,,,,,,,,,,,,,,,,,,,,,,,,,,,1680892750097,1719475235062,bfeee583-9d93-4b42-803e-d8a6c2852a03,40.68115764794925,-73.83527454633045,100,Queens County,Open,FP,,,,,,,,,,,,,,,,,,,,,,,,,,,,
686,FP,,ADMIRABLE CHRIST MINISTRIES FOOD PANTRY,"2361 Maclay Ave, Bronx, NY, 10462, USA",BX,10462,,,,,closed,,,,,closed,,,,,closed,,,,,closed,,,,,closed,,,,,open,02:00 PM,03:30 PM,,,closed,,,,,,,,,,,,,,,,,,,,,,,,,,,,,,,,,,,,,,,,1680892750097,1737190819374,c3ff2498-440f-44eb-a60b-f44ee02bb70d,40.839724732023,-73.851349276421,100,Bronx County,Open,FP,,,,,,,,,,,,,,,,,,,,,,,,,,,,
687,FP,,CITY OF REFUGE FP,"1115 Blake Ave, Brooklyn, NY, 11208, USA",BK,11208,,,,,closed,,,,,closed,,,,,open,09:30 AM,12:00 PM,,,closed,,,,,closed,,,,,closed,,,,,closed,,,,,,,,,,,,,,,,,,,,,,,,,,,,,,,,,,,,,,,,1680892750097,1690531224951,0f1e4c9f-b2c6-4f06-91e7-733f51f787c9,40.670630480475,-73.876699169109,100,Kings County,Open,FP,,,,,,,,,,,,,,,,,,,,,,,,,,,,
688,FP,,COMMUNITY CHURCH OF CHRIST FOOD PANTRY,"167-04 108th Ave, Jamaica, NY, 11433, USA",QN,11433,,,,,closed,,,,,closed,,,,,open,01:00 PM,03:00 PM,,,closed,,,,,closed,,,,,closed,,,,,closed,,,,,,,,,,,,,,,,,,,,,,,,,,,,,,,,,,,,,,,,1680892750097,1719475235062,1ed01aaa-0270-43cb-964f-53f0de62150f,40.69797882842738,-73.78757673957737,100,Queens County,Open,FP,,,,,,,,,,,,,,,,,,,,,,,,,,,,
689,FP,,EGLISE BAPTISTE DE LA COMMUNION FRATERNELLE,"2549 CHURCH AVENUE, ",BK,11226,,,,,closed,,,,,closed,,,,,closed,,,,,closed,,,,,closed,,,,,open,12:00 PM,02:00 PM,,,closed,,,,,,,,,,,,,,,,,,,,,,,,,,,,,,,,,,,,,,,,1680892750097,1769677230732,fe4b8ce0-6440-48c4-a0fd-41133f415e94,40.65087873519,-73.953239104689,100,Kings County,Open,FP,,,,,,,,,,,,,,,,,,,,,,,,,,,,
691,FP,,FLATBUSH COMMUNITY FUND ,"1860 Flatbush Ave, Brooklyn, NY, 11210, USA",BK,11210,,,,,closed,,,,,open,12:00 PM,03:00 PM,,,open,12:00 PM,03:00 PM,,,closed,,,,,closed,,,,,closed,,,,,closed,,,,,,,,,,,,,,,,,,,,,,,,,,,,,,,,,,,,,,,,1680892750097,1754985615026,b422843f-6f11-44e6-8aab-d90395ed1a6d,40.624301228963,-73.938892387757,100,Kings County,Open,FP,,,,,,,,,,,,,,,,,,,,,,,,,,,,
692,FP,,GRACE & PEACE FOOD BANK,"525 Compton Ave, Bronx, NY, 10473, USA",BX,10473,,,,,closed,,,,,closed,,,,,closed,,,,,closed,,,,,closed,,,,,open,09:00 AM,12:00 PM,,,closed,,,,,,,,,,,,,,,,,,,,,,,,,,,,,,,,,,,,,,,,1680892750097,1733994033916,948b5cdf-039e-4300-b2b6-88813ef564c4,40.813054480037,-73.85426416707,100,Bronx County,Open,FP,,,,,,,,,,,,,,,,,,,,,,,,,,,,
693,FP,,HOPE RESTORATION MINISTRIES,"101-01 Springfield Blvd, Queens Village, NY, 11429, USA",QN,11429,,,,,closed,,,,,closed,,,,,closed,,,,,closed,,,,,closed,,,,,open,02:00 PM,04:00 PM,,,closed,,,,,,,,,,,,,,,,,,,,,,,,,,,,,,,,,,,,,,,,1680892750097,1748678413709,da4780c4-a042-4d0c-bcfb-ff7590b54a40,40.714219729749,-73.735422945458,100,Queens County,Open,FP,,,,,,,,,,,,,,,,,,,,,,,,,,,,
697,FP,,RCA CAMBRIA HEIGHTS COMMUNITY CHURCH FP,"116-12 220th St, Cambria Heights, NY, 11411, USA",QN,11411,,,,,closed,,,,,closed,,,,,closed,,,,,closed,,,,,closed,,,,,open,09:00 AM,11:00 AM,,,closed,,,,,,,,,,,,,,,,,,,,,,,,,,,,,,,,,,,,,,,,1680892750097,1714464016029,4fec3636-e341-496c-836b-87a732e0744f,40.696438444171,-73.739669133788,100,Queens County,Open,FP,,,,,,,,,,,,,,,,,,,,,,,,,,,,
698,FP,,SHOUT FOR JOY BAPTIST CHURCH INC,"456 White Plains Rd, Bronx, NY, 10473, USA",BX,10473,,,,,closed,,,,,closed,,,,,closed,,,,,closed,,,,,closed,,,,,open,08:00 AM,09:30 AM,,,closed,,,,,,,,,,,,,,,,,,,,,,,,,,,,,,,,,,,,,,,,1680892750097,1719475235062,ac0ee310-84e3-4001-89c1-d5e5f97eb8d0,40.814702613658596,-73.8562856306584,100,Bronx County,Open,FP,,,,,,,,,,,,,,,,,,,,,,,,,,,,
699,FP,,WORSHIP CHRISTIAN CENTER INC (FP),"113-16 Farmers Blvd, Saint Albans, NY, 11412, USA",QN,11412,,,,,closed,,,,,closed,,,,,closed,,,,,closed,,,,,open,10:00 AM,01:00 PM,,,open,10:00 AM,01:00 PM,,,closed,,,,,,,,,,,,,,,,,,,,,,,,,,,,,,,,,,,,,,,,1680892750097,1701162024142,6f815ad3-07a9-4d97-9bf6-f4f5cf8fbd8e,40.699057453637,-73.76300250821,100,Queens County,Open,FP,,,,,,,,,,,,,,,,,,,,,,,,,,,,
700,FP,,BROOKLYN FAITH SEVENTH DAY ADVENTIST CHURCH,"5518 Church Ave, Brooklyn, NY, 11203, USA",BK,11203,,,,,closed,,,,,closed,,,,,closed,,,,,open,01:00 PM,04:00 PM,,,closed,,,,,closed,,,,,closed,,,,,,,,,,,,,,,,,,,,,,,,,,,,,,,,,,,,,,,,1680892750097,1732179621875,66757eb8-0fea-4d01-a636-7da4a1d5f808,40.652373521893,-73.924916821497,100,Kings County,Open,FP,,,,,,,,,,,,,,,,,,,,,,,,,,,,
702,FP,,PEOPLES BAPTIST CHURCH,"105 Riverdale Ave, Brooklyn, NY, 11212, USA",BK,11212,,,,,closed,,,,,closed,,,,,closed,,,,,closed,,,,,closed,,,,,open,12:00 PM,02:00 PM,,,closed,,,,,,,,,,,,,,,,,,,,,,,,,,,,,,,,,,,,,,,,1680892750097,1719475235062,d4bb12a9-af95-4453-a5c4-97f637a1a131,40.66052119278373,-73.91285693920815,100,Kings County,Open,FP,,,,,,,,,,,,,,,,,,,,,,,,,,,,
703,FP,,ST. ATHANASIUS R.C. CHURCH FP,2154 61st street ,BK,11204,,,,,open,03:15 PM,05:00 PM,,,closed,,,,,closed,,,,,closed,,,,,closed,,,,,closed,,,,,closed,,,,,,,,,,,,,,,,,,,,,,,,,,,,,,,,,,,,,,,,1680892750097,1719475235062,7dfae98e-1639-48b0-9c7c-7cf8d2dfa200,40.61653065989563,-73.9799528168421,100,Kings County,Open,FP,,,,,,,,,,,,,,,,,,,,,,,,,,,,
706,FP,,BAIT-UL JAMAAT-HOUSE COMMUNITY INC (FP),"412 Jersey St, Staten Island, NY, 10301, USA",SI,10301,,,,,closed,,,,,closed,,,,,closed,,,,,open,12:00 PM,02:00 PM,,,closed,,,,,closed,,,,,closed,,,,,,,,,,,,,,,,,,,,,,,,,,,,,,,,,,,,,,,,1680892750097,1768035625525,ded85055-d71b-443f-9857-7993daaa4f9a,40.638244444884,-74.087597806182,100,Richmond County,Open,FP,,,,,,,,,,,,,,,,,,,,,,,,,,,,
707,FP,,"IN THE BEGINNING OUTREACH, INC","189-13 Liberty Ave, St Albans, NY, 11412, USA",QN,11412,,,,,closed,,,,,closed,,,,,open,12:30 PM,02:00 PM,,,closed,,,,,closed,,,,,closed,,,,,closed,,,,,,,,,,,,,,,,,,,,,,,,,,,,,,,,,,,,,,,,1680892750097,1692432015090,ccbe84ed-1b26-4c9b-8e8c-2fab0f7856ca,40.703386469336,-73.767153230865,100,Queens County,Open,FP,,,,,,,,,,,,,,,,,,,,,,,,,,,,
708,FP,,MOUNT MORIAH SEVENTH DAY ADVENTIST CHURCH FP,1834 DECATUR STREE,QN,11385,,,,,closed,,,,,closed,,,,,closed,,,,,closed,,,,,closed,,,,,open,08:30 AM,09:30 AM,,,closed,,,,,,,,,,,,,,,,,,,,,,,,,,,,,,,,,,,,,,,,1680892750097,1734512421307,91fa067d-9cb7-42e7-8063-e50015b487b0,40.698174001043,-73.897632720833,85.34,Queens County,Open,FP,,,,,,,,,,,,,,,,,,,,,,,,,,,,
710,,SK,THE SALVATION ARMY NEW YORK TEMPLE (SK),"120 WEST 14TH STREET, NEW ",NY,10011,,,,,,,,,,,,,,,,,,,,,,,,,,,,,,,,,,,,,,,,open,12:00 PM,01:00 PM,,,open,12:00 PM,01:00 PM,,,open,12:00 PM,01:00 PM,,,open,12:00 PM,01:00 PM,,,closed,,,,,closed,,,,,closed,,,,,1680892750097,1763197231021,42582add-6b84-4586-adc0-700be7188278,40.737530012027,-73.998311867005,96.97,New York County,Open,SK,,,,,,,,,,,,,,,,,,,,,,,,,,,,
711,FP,,LOVE WINS FOOD PANTRY - MERCADITO SOLIDARIO,"3763 83RD STREET, JACKSON HEIGHTS ",QN,11372,,,,,closed,,,,,closed,,,,,closed,,,,,closed,,,,,open,01:00 PM,05:00 PM,,,closed,,,,,closed,,,,,,,,,,,,,,,,,,,,,,,,,,,,,,,,,,,,,,,,1680892750097,1710489628676,c46d7b4e-55c6-4555-b5a0-625d8e54fb6d,40.747979143983,-73.882909907905,99.98,Queens County,Open,FP,,,,,,,,,,,,,,,,,,,,,,,,,,,,
712,FP,,LOVE WINS NYC,"133 W 19th St, New York, NY, 10011, USA",NY,10011,,,,,closed,,,,,closed,,,,,closed,,,,,open,01:00 PM,02:00 PM,,,closed,,,,,closed,,,,,closed,,,,,,,,,,,,,,,,,,,,,,,,,,,,,,,,,,,,,,,,1680892750097,1773734425676,ef2180b9-f081-4de9-9baf-4094f13b42a3,40.74118552764,-73.995901566928,100,New York County,Open,FP,,,,,,,,,,,,,,,,,,,,,,,,,,,,
713,FP,,ICNA RELIEEF QUBA PANTRY,"634 Rugby Rd, Brooklyn, NY, 11230, USA",BK,11230,,,,,closed,,,,,open,01:00 PM,03:00 PM,,,closed,,,,,closed,,,,,closed,,,,,closed,,,,,closed,,,,,,,,,,,,,,,,,,,,,,,,,,,,,,,,,,,,,,,,1680892750097,1719475235062,4515b301-14a4-4db4-a9a0-0ce2f4ed5fea,40.63409660694297,-73.96410999848999,100,Kings County,Open,FP,,,,,,,,,,,,,,,,,,,,,,,,,,,,
714,FP,,"JESUS RECONCILIATION MINISTRIES, INC","4051 Barnes Ave, Bronx, NY, 10466, USA",BX,10466,,,,,closed,,,,,closed,,,,,closed,,,,,closed,,,,,closed,,,,,open,12:00 PM,02:00 PM,,,closed,,,,,,,,,,,,,,,,,,,,,,,,,,,,,,,,,,,,,,,,1680892750097,1719475235062,be9322c2-03d9-4f8b-8d74-1083b91d9657,40.88915214449594,-73.85649484296167,100,Bronx County,Open,FP,,,,,,,,,,,,,,,,,,,,,,,,,,,,
715,FP,,ST. JAMES PLACE (FP),"2500 Jerome Ave, Bronx, NY, 10468, USA",BX,10468,,,,,closed,,,,,closed,,,,,closed,,,,,closed,,,,,closed,,,,,open,09:30 AM,10:30 AM,,,closed,,,,,,,,,,,,,,,,,,,,,,,,,,,,,,,,,,,,,,,,1680892750097,1702371614171,e1fc0703-ea84-45bd-b2d8-03edbc918784,40.864004297584,-73.899625434493,100,Bronx County,Open,FP,,,,,,,,,,,,,,,,,,,,,,,,,,,,
719,,SK,CHURCH OF GOD PROPHECY (SK),"71 Malta St, Brooklyn, NY, 11207, USA",BK,11207,,,,,,,,,,,,,,,,,,,,,,,,,,,,,,,,,,,,,,,,closed,,,,,open,03:30 PM,06:00 PM,,,closed,,,,,closed,,,,,closed,,,,,closed,,,,,closed,,,,,1680892750097,1721808021571,f1d5cd83-98c5-4900-90d4-6266ae7bd84b,40.659009223179,-73.89509476437,100,Kings County,Open,SK,,,,,,,,,,,,,,,,,,,,,,,,,,,,
720,FP,,CHURCH OF GOD PROPHECY (FP),"71 Malta St, Brooklyn, NY, 11207, USA",BK,11207,,,,,closed,,,,,open,03:30 PM,06:00 PM,,,closed,,,,,closed,,,,,closed,,,,,closed,,,,,closed,,,,,,,,,,,,,,,,,,,,,,,,,,,,,,,,,,,,,,,,1680892750097,1721808021571,68e3aba8-b037-4c3d-a9fa-f3141a1336fa,40.659009223179,-73.89509476437,100,Kings County,Open,FP,,,,,,,,,,,,,,,,,,,,,,,,,,,,
721,FP,,FAITH ASSEMBLY COMMUNITY OUTREACH,"120-13 101st Ave, South Richmond Hill, NY, 11419, USA",QN,11419,,,,,closed,,,,,closed,,,,,closed,,,,,closed,,,,,closed,,,,,open,10:00 AM,12:00 PM,,,closed,,,,,,,,,,,,,,,,,,,,,,,,,,,,,,,,,,,,,,,,1680892750097,1719475235062,c6d78c23-b75c-4fc7-8058-777eae114692,40.690510929883686,-73.8245309581163,100,Queens County,Open,FP,,,,,,,,,,,,,,,,,,,,,,,,,,,,
722,FP,,ICNA RELIEF BURKE AVENUE BRONX PANTRY,"1277-D Burke Ave, Bronx, NY, 10469, USA  ",BX,10469,,,,,closed,,,,,closed,,,,,closed,,,,,closed,,,,,closed,,,,,open,09:00 AM,11:00 AM,,,closed,,,,,,,,,,,,,,,,,,,,,,,,,,,,,,,,,,,,,,,,1680892750097,1719475235062,7b8545a1-8a2a-48fd-bbd2-3a669966f96b,40.871571144494965,-73.84958044339417,99.64,Bronx County,Open,FP,,,,,,,,,,,,,,,,,,,,,,,,,,,,
725,FP,,LOVE WINS NYC at PSS,"1181 Nelson Ave, Bronx, NY, 10452, USA",BX,10452,,,,,closed,,,,,closed,,,,,closed,,,,,closed,,,,,open,12:00 PM,01:00 PM,,,closed,,,,,closed,,,,,,,,,,,,,,,,,,,,,,,,,,,,,,,,,,,,,,,,1680892750097,1743235219809,56b0a5c8-21f4-4b4e-9cbc-3b4fb456ebab,40.837260494399,-73.925821815583,100,Bronx County,Open,FP,,,,,,,,,,,,,,,,,,,,,,,,,,,,
726,FP,,LOVE WINS FOOD PANTRY @ BCPC,"271 Myrtle Ave, Brooklyn, NY, 11201, USA",BK,11201,,,,,closed,,,,,closed,,,,,closed,,,,,open,01:30 PM,02:30 PM,,,closed,,,,,closed,,,,,closed,,,,,,,,,,,,,,,,,,,,,,,,,,,,,,,,,,,,,,,,1680892750097,1752307214510,100df1e9-701c-44b8-9860-d007698daca5,40.693511599011,-73.978098982884,100,Kings County,Open,FP,,,,,,,,,,,,,,,,,,,,,,,,,,,,
727,,SK,ST. ANN'S CORNER OF HARM REDUCTION,"886 Westchester Ave, Bronx, NY, 10459, USA",BX,10459,,,,,,,,,,,,,,,,,,,,,,,,,,,,,,,,,,,,,,,,open,06:00 AM,12:00 PM,,,open,06:00 AM,12:00 PM,,,open,06:00 AM,12:00 PM,,,open,06:00 AM,12:00 PM,,,open,06:00 AM,12:00 PM,,,closed,,,,,closed,,,,,1680892750097,1744185619178,33b35106-f14c-44bb-aa0c-7a88f27b964a,40.820597019429,-73.899470536923,100,Bronx County,Open,SK,,,,,,,,,,,,,,,,,,,,,,,,,,,,
728,FP,,ST. SIMON STOCK FOOD PANTRY (FP),"2250 Ryer Ave, Bronx, NY, 10457, USA",BX,10457,,,,,closed,,,,,closed,,,,,closed,,,,,closed,,,,,open,09:00 AM,10:00 AM,,,closed,,,,,closed,,,,,,,,,,,,,,,,,,,,,,,,,,,,,,,,,,,,,,,,1680892750097,1769677230732,3a692fa2-c32e-48fd-a1fe-1bf2d4c7b185,40.856180042427,-73.899326116731,100,Bronx County,Open,FP,,,,,,,,,,,,,,,,,,,,,,,,,,,,
729,FP,,VINEGAR HILL FOOD PANTRY,"228 York St, Brooklyn, NY, 11201, USA",BK,11201,,,,,closed,,,,,open,12:00 PM,01:00 PM,,,closed,,,,,closed,,,,,closed,,,,,closed,,,,,closed,,,,,,,,,,,,,,,,,,,,,,,,,,,,,,,,,,,,,,,,1680892750097,1719475235062,f5d90cac-d109-48a4-85ff-01a17ced55fe,40.700687021343356,-73.98139307926473,100,Kings County,Open,FP,,,,,,,,,,,,,,,,,,,,,,,,,,,,
731,FP,,HOUSE OF DAVID WORSHIP CENTER,"747 Hendrix St, Brooklyn, NY, 11207, USA",BK,11207,,,,,closed,,,,,closed,,,,,open,10:30 AM,12:30 PM,,,closed,,,,,closed,,,,,closed,,,,,closed,,,,,,,,,,,,,,,,,,,,,,,,,,,,,,,,,,,,,,,,1680892750097,1775030427118,fef7789b-4eb9-4fe3-9770-8c5fb5942b8e,40.663153739024,-73.886325030535,100,Kings County,Open,FP,,,,,,,,,,,,,,,,,,,,,,,,,,,,
732,FP,,BETTER COMMUNITY FOOD PANTRY (FP),"218 Buffalo Ave, Brooklyn, NY, 11213, USA",BK,11213,,,,,closed,,,,,closed,,,,,closed,,,,,closed,,,,,closed,,,,,open,09:00 AM,01:00 PM,,,closed,,,,,,,,,,,,,,,,,,,,,,,,,,,,,,,,,,,,,,,,1680892750097,1732093220663,8060dd41-7341-48d6-960f-5fd004d026a5,40.671668621093,-73.925425854477,100,Kings County,Open,FP,,,,,,,,,,,,,,,,,,,,,,,,,,,,
733,FP,,CHAMBERS MEMORIAL BAPTIST CHURCH/LOVE OFFERING,"219 E 123rd St, New York, NY, 10035, USA",NY,10035,,,,,closed,,,,,closed,,,,,open,09:00 AM,11:00 AM,,,closed,,,,,closed,,,,,closed,,,,,closed,,,,,,,,,,,,,,,,,,,,,,,,,,,,,,,,,,,,,,,,1680892750097,1691481615497,aa05a643-9c86-4892-9d86-e03289f76d81,40.802163035051,-73.935932486288,100,New York County,Open,FP,,,,,,,,,,,,,,,,,,,,,,,,,,,,
735,FP,,HOLY CHILD JESUS FOOD PANTRY,"112-06 86th Ave, Richmond Hill, NY, 11418, USA",QN,11418,,,,,open,10:00 AM,12:00 PM,,,closed,,,,,closed,,,,,open,10:00 AM,12:00 PM,,,closed,,,,,closed,,,,,closed,,,,,,,,,,,,,,,,,,,,,,,,,,,,,,,,,,,,,,,,1680892750097,1719475235062,91b643d3-618a-44e4-a25a-1d0d91573428,40.69888231377064,-73.83686735939088,100,Queens County,Open,FP,,,,,,,,,,,,,,,,,,,,,,,,,,,,
736,FPH,,MASJID MASJID OMAR ABDEL AZIZ,"88-29 161st St, Jamaica, NY, 11432, USA",QN,11432,,,,,closed,,,,,closed,,,,,open,02:00 PM,04:00 PM,,,closed,,,,,closed,,,,,closed,,,,,closed,,,,,,,,,,,,,,,,,,,,,,,,,,,,,,,,,,,,,,,,1680892750097,1735376419620,10e5bc17-5bf7-45d1-8e3b-8a3c1da98e11,40.707457671271,-73.80047078887,100,Queens County,Open,FP,,,,,,,,,,,,,,,,,,,,,,,,,,,,
737,FPK,,CHABAD - OCEANVIEW JEWISH CENTER (FPK),"3100 Brighton 4th St, Brooklyn, NY, 11235, USA",BK,11235,,,,,open,10:00 AM,11:00 AM,,,closed,,,,,closed,,,,,closed,,,,,closed,,,,,closed,,,,,closed,,,,,,,,,,,,,,,,,,,,,,,,,,,,,,,,,,,,,,,,1680892750097,1711440015460,24db9e87-2247-4e33-ac87-183a49606a7d,40.576641895145,-73.963311889192,100,Kings County,Open,FP,,,,,,,,,,,,,,,,,,,,,,,,,,,,
739,FP,,BETHANY GOSPEL CHAPEL INC (FP),"521 Thomas S Boyland St, Brooklyn, NY, 11212, USA",BK,11212,,,,,closed,,,,,closed,,,,,closed,,,,,closed,,,,,closed,,,,,open,06:30 AM,07:30 AM,,,closed,,,,,,,,,,,,,,,,,,,,,,,,,,,,,,,,,,,,,,,,1680892750097,1722326421413,a30070b9-2523-4427-97a9-514aed9689a9,40.668105809329,-73.913053243381,100,Kings County,Open,FP,,,,,,,,,,,,,,,,,,,,,,,,,,,,
748,FP,,"PROJECT HOSPITALITY, INC (FP)","205 Canal St, Staten Island, NY, 10304, USA",SI,10304,,,,,closed,,,,,open,09:00 AM,11:00 AM,,,closed,,,,,open,09:00 AM,11:00 AM,,,closed,,,,,closed,,,,,closed,,,,,,,,,,,,,,,,,,,,,,,,,,,,,,,,,,,,,,,,1680892750097,1719475235062,016f46ca-f97a-428c-8738-75b78e48cecf,40.62520094244982,-74.07967131309196,100,Richmond County,Open,FP,,,,,,,,,,,,,,,,,,,,,,,,,,,,
751,FP,,COMMUNITY HELP IN PARK SLOPE (FP),"200 FOURTH AVENUE, BK 11217",BK,11217,,,,,closed,,,,,closed,,,,,closed,,,,,open,11:30 AM,01:00 PM,,,closed,,,,,open,11:30 AM,01:00 PM,,,closed,,,,,,,,,,,,,,,,,,,,,,,,,,,,,,,,,,,,,,,,1689840014473,1753516814801,8a1df2e4-90ae-4449-bdb3-1d92067ae22b,40.678294012639,-73.982714821576,99.09,Kings County,Open,FP,,,,,,,,,,,,,,,,,,,,,,,,,,,,
752,FP,,"DISCIPLES OF GALILEE, INC","725 Castle Hill Ave, Bronx, NY, 10473, USA",BX,10473,,,,,closed,,,,,closed,,,,,open,03:00 PM,04:00 PM,,,closed,,,,,open,01:00 PM,02:30 PM,,,closed,,,,,closed,,,,,,,,,,,,,,,,,,,,,,,,,,,,,,,,,,,,,,,,1689840014473,1726560023826,60725d76-16b0-4771-8215-8ebbb5384943,40.821626945781,-73.848881644126,100,Bronx County,Open,FP,,,,,,,,,,,,,,,,,,,,,,,,,,,,
753,FP,,HEALTH ESSENTIAL ASSOCIATION INC (SI),"322 New Dorp Ln, Staten Island, NY, 10306, USA",SI,10306,,,,,closed,,,,,open,10:30 AM,11:30 AM,,,closed,,,,,closed,,,,,closed,,,,,closed,,,,,closed,,,,,,,,,,,,,,,,,,,,,,,,,,,,,,,,,,,,,,,,1689840014473,1718352018752,3eade602-ebad-4711-9568-895e425c5d1a,40.571484510122,-74.111892187089,100,Richmond County,Open,FP,,,,,,,,,,,,,,,,,,,,,,,,,,,,
755,FP,,ACADEMY OF MEDICAL & PUBLIC HEALTH SERVICES (AMPHS)                                 ,"5306 3RD AVE, 2ND FL, BROOKLYN, NY, 11220, USA",BK,11220,,,,,closed,,,,,closed,,,,,closed,,,,,closed,,,,,closed,,,,,open,02:00 PM,04:00 PM,,,closed,,,,,,,,,,,,,,,,,,,,,,,,,,,,,,,,,,,,,,,,1689840014473,1713340829998,502e051c-b667-4406-b432-0145c967fe2d,40.645975279923,-74.016798238278,100,Kings County,Open,FP,,,,,,,,,,,,,,,,,,,,,,,,,,,,
756,FP,,ALL MY CHILDREN  FP,"175 - 44 MAYFIELD RD, QUEENS, 11432",QN,11432,,,,,closed,,,,,open,11:00 AM,01:00 PM,,,closed,,,,,closed,,,,,closed,,,,,closed,,,,,closed,,,,,,,,,,,,,,,,,,,,,,,,,,,,,,,,,,,,,,,,1689840014473,1689926422612,8ef8ba52-0795-4190-9e24-97d55032e23e,40.716810869387,-73.789409777983,100,Queens County,Open,FP,,,,,,,,,,,,,,,,,,,,,,,,,,,,
757,FPK,,KEHILAT SEPHARDIM OF AHAVAT ACHIM,"150-62 78th Rd, Flushing, NY, 11367, USA",QN,11367,,,,,open,10:00 AM,02:00 PM,,,open,11:00 AM,01:00 PM,,,open,10:00 AM,02:00 PM,,,open,11:00 AM,01:00 PM,,,closed,,,,,closed,,,,,open,10:00 AM,04:00 PM,,,,,,,,,,,,,,,,,,,,,,,,,,,,,,,,,,,,,,1689840014473,1735030820756,662752dd-2ed5-43d4-9d91-d53c0454aded,40.721100098789,-73.81157312254,100,Queens County,Open,FP,,,,,,,,,,,,,,,,,,,,,,,,,,,,
758,FP,,NORTH BRONX SEVENTH DAY ADVENTIST CHURCH,"3743 Bronxwood Ave, Bronx, NY, 10469, USA",BX,10469,,,,,closed,,,,,closed,,,,,closed,,,,,closed,,,,,open,09:00 AM,12:00 PM,,,closed,,,,,closed,,,,,,,,,,,,,,,,,,,,,,,,,,,,,,,,,,,,,,,,1689840014473,1689926422612,179b0564-f6d9-482a-8a80-2cfe820bc9e5,40.880868009742,-73.857642038953,100,Bronx County,Open,FP,,,,,,,,,,,,,,,,,,,,,,,,,,,,
759,FP,,ST. ALBANS BAPTIST CHURCH,"196-20 119th Ave, Saint Albans, NY, 11412, USA",QN,11412,,,,,closed,,,,,closed,,,,,closed,,,,,closed,,,,,closed,,,,,open,10:00 AM,12:00 PM,,,closed,,,,,,,,,,,,,,,,,,,,,,,,,,,,,,,,,,,,,,,,1689840014473,1721289622835,0eb9d091-08e2-42da-8d66-0acff359348f,40.690832501599,-73.753919626472,100,Queens County,Open,FP,,,,,,,,,,,,,,,,,,,,,,,,,,,,
760,FP,,"UNITED YES WE CAN, UNIDOS SISE PUEDE, INC","4327 White Plains Rd, Bronx, NY, 10466, USA",BX,10466,,,,,closed,,,,,closed,,,,,closed,,,,,closed,,,,,closed,,,,,open,12:00 PM,03:00 PM,,,closed,,,,,,,,,,,,,,,,,,,,,,,,,,,,,,,,,,,,,,,,1689840014473,1689926422612,bb6267c7-f4fd-4a6f-b608-f88d61ca1b24,40.896354923442,-73.855966531605,100,Bronx County,Open,FP,,,,,,,,,,,,,,,,,,,,,,,,,,,,
762,FP,,BRIGADA DE ESPERANZA INC,"89-07 ASTORIA BLVD, QUEENS, NY,  11369 ",QN,11369,,,,,closed,,,,,closed,,,,,closed,,,,,closed,,,,,closed,,,,,open,12:00 PM,03:00 PM,,,closed,,,,,,,,,,,,,,,,,,,,,,,,,,,,,,,,,,,,,,,,1689840014473,1699084821675,8d59091a-5eee-4d7f-b4db-0195c6a6e26e,40.763968043385,-73.879747751113,100,Queens County,Open,FP,,,,,,,,,,,,,,,,,,,,,,,,,,,,
763,,SK,FREE FOOD HARLEM (SK),"37 W 119th St, New York, NY, 10026, USA",NY,10026,,,,,,,,,,,,,,,,,,,,,,,,,,,,,,,,,,,,,,,,closed,,,,,closed,,,,,open,05:15 PM,07:00 PM,,,closed,,,,,open,05:15 PM,07:00 PM,,,closed,,,,,closed,,,,,1695456016009,1733994033916,7fd8e4f7-4cb5-413b-8ae1-931cd4ffcf1b,40.803221208417,-73.94620970541,100,New York County,Open,SK,,,,,,,,,,,,,,,,,,,,,,,,,,,,
764,FP,,THE BIBLE CHURCH OF CHRIST (80015),"1358 Morris Ave, Bronx, NY, 10456, USA",BX,10456,,,,,closed,,,,,closed,,,,,closed,,,,,open,09:30 AM,12:00 PM,,,closed,,,,,closed,,,,,closed,,,,,,,,,,,,,,,,,,,,,,,,,,,,,,,,,,,,,,,,1696060815189,1759996817596,db5b7b65-ac7e-407f-b444-c448e9eaeb6a,40.837271223235,-73.911563779186,100,Bronx County,Open,FP,,,,,,,,,,,,,,,,,,,,,,,,,,,,
765,FP,,THE CRW COMMUNITY FOOD PANTRY (87046),"25 Avenue D, New York, NY, 10009, USA",NY,10009,,,,,closed,,,,,open,04:00 PM,05:45 PM,,,open,04:00 PM,05:45 PM,,,closed,,,,,closed,,,,,closed,,,,,closed,,,,,,,,,,,,,,,,,,,,,,,,,,,,,,,,,,,,,,,,1696060815189,1696147216168,6b9d610d-06e4-4916-8237-067ab4ae602e,40.720860956336,-73.978178421261,100,New York County,Open,FP,,,,,,,,,,,,,,,,,,,,,,,,,,,,
766,FP,,CALVARY UNITED METHODIST CHURCH FOOD PANTRY (FP),"1885 University Ave, Bronx, NY, 10453, USA",BX,10453,,,,,closed,,,,,closed,,,,,closed,,,,,closed,,,,,open,11:00 AM,01:00 PM,,,closed,,,,,closed,,,,,,,,,,,,,,,,,,,,,,,,,,,,,,,,,,,,,,,,1705136414075,1705222813903,0e09703e-7097-4671-abb7-a56904c23d89,40.852570124368,-73.913651627448,100,Bronx County,Open,FP,,,,,,,,,,,,,,,,,,,,,,,,,,,,
767,,SK,FEEDING WITH TLC INC SOUP KITCHEN (SK),"175 Beach St, Staten Island, NY, 10304, USA",SI,10304,,,,,,,,,,,,,,,,,,,,,,,,,,,,,,,,,,,,,,,,closed,,,,,closed,,,,,closed,,,,,closed,,,,,closed,,,,,open,10:30 AM,12:30 PM,,,closed,,,,,1705136414075,1705222813903,29d8a5fa-3038-451e-9e4e-b1e5b9c6178c,40.629883259312,-74.081366848776,100,Richmond County,Open,SK,,,,,,,,,,,,,,,,,,,,,,,,,,,,
768,FP,,MORNING STAR FULL GOSPEL ASSEMBLY (FP),"464 E Tremont Ave, Bronx, NY, 10457, USA",BX,10457,,,,,closed,,,,,closed,,,,,open,04:00 PM,06:00 PM,,,closed,,,,,closed,,,,,closed,,,,,closed,,,,,,,,,,,,,,,,,,,,,,,,,,,,,,,,,,,,,,,,1705136414075,1735635620153,9a3004d6-c571-485b-a0b7-061fb6d8bab9,40.846964475162,-73.898330262815,100,Bronx County,Open,FP,,,,,,,,,,,,,,,,,,,,,,,,,,,,
770,FP,,REVELACION DIVINA FOOD PANTRY (FP),"240 E 175th St, Bronx, NY, 10457, USA",BX,10457,,,,,open,05:00 PM,07:00 PM,,,closed,,,,,closed,,,,,closed,,,,,closed,,,,,closed,,,,,closed,,,,,,,,,,,,,,,,,,,,,,,,,,,,,,,,,,,,,,,,1705136414075,1735635620153,97487737-7ec6-4295-a539-4dd961c15938,40.846631965063,-73.906144040593,100,Bronx County,Open,FP,,,,,,,,,,,,,,,,,,,,,,,,,,,,
771,FP,,UA3 COMMUNITY FIRST FOOD PANTRY,"384 Grand St, New York, NY, 10002, USA",NY,10002,,,,,open,10:00 AM,02:00 PM,,,closed,,,,,closed,,,,,open,10:00 AM,02:00 PM,,,closed,,,,,closed,,,,,closed,,,,,,,,,,,,,,,,,,,,,,,,,,,,,,,,,,,,,,,,1705136414075,1705222813903,be31df3e-3578-4509-92cd-f81548f66e20,40.716405352911,-73.987669029267,100,New York County,Open,FP,,,,,,,,,,,,,,,,,,,,,,,,,,,,
772,FP,,ROMAN CATHOLIC CHURCH OF ST HELENA (FP),"1315 Olmstead Ave, Bronx, NY, 10462, USA",BX,10462,,,,,closed,,,,,closed,,,,,open,12:00 PM,02:00 PM,,,closed,,,,,closed,,,,,closed,,,,,closed,,,,,,,,,,,,,,,,,,,,,,,,,,,,,,,,,,,,,,,,1705136414075,1736240419772,325bccc2-6087-47dc-90b5-1167f7576b24,40.834253780001,-73.854928684353,100,Bronx County,Open,FP,,,,,,,,,,,,,,,,,,,,,,,,,,,,
782,FP,,"AL-MADINAH SCHOOL, INC (FP)","383 3rd Ave, Brooklyn, NY, 11215, USA",BK,11215,,,,,closed,,,,,closed,,,,,closed,,,,,closed,,,,,open,12:30 PM,02:30 PM,,,closed,,,,,closed,,,,,,,,,,,,,,,,,,,,,,,,,,,,,,,,,,,,,,,,1721116822523,1776153626337,7ee0d233-57e8-421d-9749-565a1acf4830,40.674227490404,-73.988546865987,100,Kings County,Open,FP,,,,,,,,,,,,,,,,,,,,,,,,,,,,
783,FP,,CELESTIAL CHURCH OF CHRIST ILERI PARISH (FP),"138 Waverly Ave, Brooklyn, NY, 11205, USA",BK,11205,,,,,closed,,,,,closed,,,,,closed,,,,,closed,,,,,closed,,,,,open,12:00 PM,03:00 PM,,,closed,,,,,,,,,,,,,,,,,,,,,,,,,,,,,,,,,,,,,,,,1721116822523,1721203223491,315fb921-d26d-4caf-b8d7-edd041cc7f38,40.693704099717,-73.968063673921,100,Kings County,Open,FP,,,,,,,,,,,,,,,,,,,,,,,,,,,,
784,FP,,EASTCHESTER PRESBYTERIAN CHURCH (FP),"3154 Fish Ave, Bronx, NY, 10469, USA",BX,10469,,,,,closed,,,,,closed,,,,,closed,,,,,closed,,,,,closed,,,,,open,10:00 AM,11:00 AM,,,closed,,,,,,,,,,,,,,,,,,,,,,,,,,,,,,,,,,,,,,,,1721116822523,1721203223491,77daa68c-1a4f-4591-8fc8-e40b85765f55,40.871322034333,-73.847255219634,100,Bronx County,Open,FP,,,,,,,,,,,,,,,,,,,,,,,,,,,,
785,FP,,GURU SEVA HIDU MILAN MANDIR CULTURAL GROUP (FP),"3201 Bruckner Blvd, Bronx, NY, 10461, USA",BX,10461,,,,,closed,,,,,closed,,,,,closed,,,,,closed,,,,,closed,,,,,open,11:00 AM,03:00 PM,,,closed,,,,,,,,,,,,,,,,,,,,,,,,,,,,,,,,,,,,,,,,1721116822523,1721116822523,42d0025c-1865-4308-93e4-27491ec68722,40.838879500906,-73.826124190272,100,Bronx County,Open,FP,,,,,,,,,,,,,,,,,,,,,,,,,,,,
786,FP,,KINGDOM GLOBAL MISSIONS (FP),"2945 W 33rd St, Brooklyn, NY, 11224, USA",BK,11224,,,,,closed,,,,,closed,,,,,closed,,,,,closed,,,,,closed,,,,,open,12:00 PM,03:00 PM,,,closed,,,,,,,,,,,,,,,,,,,,,,,,,,,,,,,,,,,,,,,,1721116822523,1754985615026,5c09db07-856f-4d8f-8899-3325a92ad3d9,40.573925655602,-73.998782678507,100,Kings County,Open,FP,,,,,,,,,,,,,,,,,,,,,,,,,,,,
787,FP,,"PASWO (PAKISTAN AMERICAN SKILLED WOMEN ORGANIZATION, INC) (FP)","930 Ditmas Ave, Brooklyn, NY, 11218, USA",BK,11218,,,,,closed,,,,,closed,,,,,open,01:00 PM,02:00 PM,,,closed,,,,,closed,,,,,closed,,,,,closed,,,,,,,,,,,,,,,,,,,,,,,,,,,,,,,,,,,,,,,,1721116822523,1755590417552,38ce0453-a59e-4374-9c7d-5404c6b2a464,40.636494257784,-73.9683511732,100,Kings County,Open,FP,,,,,,,,,,,,,,,,,,,,,,,,,,,,
788,FP,,CHAPEL OF THE GREAT RESTORER FOOD PANTRY (FP),"1121 Longwood Ave, Bronx, NY, 10474, USA",BX,10474,,,,,closed,,,,,closed,,,,,closed,,,,,closed,,,,,closed,,,,,open,12:00 PM,02:00 PM,,,closed,,,,,,,,,,,,,,,,,,,,,,,,,,,,,,,,,,,,,,,,1724832024478,1724918427217,edd5a0f3-0e95-4d51-a1e9-3fd5cea3d893,40.814808016091,-73.893347221377,100,Bronx County,Open,FP,,,,,,,,,,,,,,,,,,,,,,,,,,,,
789,FP,,FOOD AND NUTRITION SERVICES PROGRAM,"1802 Crotona Ave, Bronx, NY, 10457, USA",BX,10457,,,,,closed,,,,,closed,,,,,open,10:00 AM,04:00 PM,,,closed,,,,,closed,,,,,closed,,,,,closed,,,,,,,,,,,,,,,,,,,,,,,,,,,,,,,,,,,,,,,,1724832024478,1724832024478,3b628b85-279d-4f7e-baa0-6dfd8793c895,40.842662798633,-73.893489378455,100,Bronx County,Open,FP,,,,,,,,,,,,,,,,,,,,,,,,,,,,
791,FP,,MINISTERIO LA LUZ DE LA ESPERANZA PARA LAS NACIONES DE JESUCRISTO,79-01 BROADWAY,QN,11373,,,,,closed,,,,,closed,,,,,closed,,,,,open,05:00 PM,07:00 PM,,,closed,,,,,closed,,,,,closed,,,,,,,,,,,,,,,,,,,,,,,,,,,,,,,,,,,,,,,,1724832024478,1724832024478,38de27a0-a3e6-4174-8f90-262f0681e26d,40.744594112385,-73.886174407735,100,Queens County,Open,FP,,,,,,,,,,,,,,,,,,,,,,,,,,,,
794,FP,,BETHANY BAPTIST CHURCH (FP),"304 W 154th St, New York, NY, 10039, USA",NY,10039,,,,,closed,,,,,closed,,,,,closed,,,,,closed,,,,,open,12:00 PM,03:00 PM,,,closed,,,,,closed,,,,,,,,,,,,,,,,,,,,,,,,,,,,,,,,,,,,,,,,1727769627977,1736931638129,f80692bc-8a92-4783-9449-504f13be8087,40.82866070365,-73.93848435671,100,New York County,Open,FP,,,,,,,,,,,,,,,,,,,,,,,,,,,,
795,FP,,NUEVO SIGLO CARES (SERVING GOD THROUGH YOU) (FP),"213 Sherman Ave, New York, NY, 10034, USA",NY,10034,,,,,closed,,,,,closed,,,,,closed,,,,,closed,,,,,open,02:00 PM,04:00 PM,,,closed,,,,,closed,,,,,,,,,,,,,,,,,,,,,,,,,,,,,,,,,,,,,,,,1727769627977,1737536419473,12af44f7-cee4-44dc-a6b7-21eaed69c223,40.865411158123,-73.92060114719,100,New York County,Open,FP,,,,,,,,,,,,,,,,,,,,,,,,,,,,
796,,SK,BROOKLYN FAITH SDA CHURCH (SK),"5518 Church Ave, Brooklyn, NY, 11203, USA",BK,11203,,,,,,,,,,,,,,,,,,,,,,,,,,,,,,,,,,,,,,,,closed,,,,,closed,,,,,closed,,,,,closed,,,,,open,12:00 PM,03:00 PM,,,closed,,,,,closed,,,,,1727769627977,1727769627977,4458969c-5ac7-4065-9bd4-91b0c399e0a0,40.652373521893,-73.924916821497,100,Kings County,Open,SK,,,,,,,,,,,,,,,,,,,,,,,,,,,,
797,FP,,"CARING SHEPHERD SUPPLIES MINISTRIES, INC","4119 Barnes Ave, Bronx, NY, 10466, USA",BX,10466,,,,,closed,,,,,closed,,,,,closed,,,,,closed,,,,,open,04:00 PM,06:00 PM,,,closed,,,,,closed,,,,,,,,,,,,,,,,,,,,,,,,,,,,,,,,,,,,,,,,1727769627977,1776326423723,1b7a8ea7-02a5-45e0-92e1-a5937d3a4799,40.890375525174,-73.855909618482,100,Bronx County,Open,FP,,,,,,,,,,,,,,,,,,,,,,,,,,,,
798,FP,,FRESH ANOINTING INTERNATIONAL CHARITIES (FAIC) (FP),"109-41 FRANCIS LEWIS BLVD, QN 11429",QN,11429,,,,,closed,,,,,closed,,,,,closed,,,,,open,11:00 AM,02:00 PM,,,closed,,,,,closed,,,,,closed,,,,,,,,,,,,,,,,,,,,,,,,,,,,,,,,,,,,,,,,1727769627977,1770973227479,c647203c-83cb-4714-8416-494f508f6d71,40.707731424229,-73.75109157234,99.29,Queens County,Open,FP,,,,,,,,,,,,,,,,,,,,,,,,,,,,
799,FP,,"MYLAH'S ORGANIZATION, INC (FP)",447 NEW LOTS AVENUE,BK,11207,,,,,open,10:30 AM,01:00 PM,,,closed,,,,,closed,,,,,open,10:30 AM,01:00 PM,,,closed,,,,,closed,,,,,closed,,,,,,,,,,,,,,,,,,,,,,,,,,,,,,,,,,,,,,,,1727769627977,1780041671768,91b85ac1-bfed-4327-8053-64dc2eb16211,40.662897043239,-73.891214446114,100,Kings County,Open,FP,,,,,,,,,,,,,,,,,,,,,,,,,,,,
800,FP,,ST. PETERS - YVONNE GITTENS FOOD,"137-28 244th St, Rosedale, NY, 11422, USA",QN,11422,,,,,closed,,,,,closed,,,,,closed,,,,,closed,,,,,closed,,,,,open,11:00 AM,01:00 PM,,,closed,,,,,,,,,,,,,,,,,,,,,,,,,,,,,,,,,,,,,,,,1727769627977,1755590417552,4e814d25-9cf5-44f7-a516-2283fb466302,40.667754523767,-73.733337695586,100,Queens County,Open,FP,,,,,,,,,,,,,,,,,,,,,,,,,,,,
801,FP,,NEW BEGINNING FOOD PROGRAM,"242-01 Braddock Ave, Bellerose, NY, 11426, USA",QN,11426,,,,,closed,,,,,open,10:00 AM,11:30 AM,,,closed,,,,,closed,,,,,closed,,,,,closed,,,,,closed,,,,,,,,,,,,,,,,,,,,,,,,,,,,,,,,,,,,,,,,1729756825366,1729756825366,fdb35752-cc96-4288-96c0-4f562937c08e,40.72626381215,-73.726064299106,100,Queens County,Open,FP,,,,,,,,,,,,,,,,,,,,,,,,,,,,
802,FP,,MUNA SOCIAL SERVICES - JACKSON HEIGHTS COMMUNITY ,"35-35 71st St, Jackson Heights, NY, 11372, USA",QN,11372,,,,,closed,,,,,closed,,,,,closed,,,,,open,02:00 PM,03:00 PM,,,closed,,,,,closed,,,,,closed,,,,,,,,,,,,,,,,,,,,,,,,,,,,,,,,,,,,,,,,1730624432120,1734512421307,9308ed71-6927-461e-81b0-e4c2b16da933,40.74967002531,-73.894511467728,100,Queens County,Open,FP,,,,,,,,,,,,,,,,,,,,,,,,,,,,
804,FP,,STREAMS OF BLESSINGS FOOD PANTRY,"579 Gates Ave, Brooklyn, NY, 11221, USA",BK,11221,,,,,closed,,,,,closed,,,,,closed,,,,,closed,,,,,closed,,,,,closed,,,,,open,01:30 PM,02:30 PM,,,,,,,,,,,,,,,,,,,,,,,,,,,,,,,,,,,,,,1739264418758,1780473618609,f505fb45-ec3e-4829-bee0-0833cf734951,40.687141446717,-73.943620703157,100,Kings County,Open,FP,,,,,,,,,,,,,,,,,,,,,,,,,,,,
806,FP,,CHURCH OF GOD OF WOODYCREST AVENUE FP,"923 Woodycrest Ave, Bronx, NY, 10452, USA",BX,10452,,,,,closed,,,,,closed,,,,,closed,,,,,closed,,,,,closed,,,,,open,10:00 AM,01:00 PM,,,closed,,,,,,,,,,,,,,,,,,,,,,,,,,,,,,,,,,,,,,,,1739264418758,1739350821423,872dfd96-2c01-4abc-bf88-7eb6c60dc81d,40.830595939358,-73.929664534235,100,Bronx County,Open,FP,,,,,,,,,,,,,,,,,,,,,,,,,,,,
807,FP,,FLUSHING JEWISH COMMUNITY COUNCIL FP,"171-39 Northern Blvd, Flushing, NY, 11358, USA",QN,11358,,,,,closed,,,,,open,09:00 AM,10:30 AM,,,closed,,,,,closed,,,,,closed,,,,,closed,,,,,closed,,,,,,,,,,,,,,,,,,,,,,,,,,,,,,,,,,,,,,,,1739264418758,1739350821423,b91a83b2-fdbb-4568-bbaf-5d402ae266b8,40.757896360363,-73.7944742077,100,Queens County,Open,FP,,,,,,,,,,,,,,,,,,,,,,,,,,,,
808,FPK,,KINGSBRIDGE CENTER FOR ISRAEL (FPK),"5905 Riverdale Ave, Bronx, NY, 10471, USA",BX,10471,,,,,closed,,,,,closed,,,,,open,07:00 PM,09:00 PM,,,closed,,,,,closed,,,,,closed,,,,,open,09:00 AM,12:00 PM,,,,,,,,,,,,,,,,,,,,,,,,,,,,,,,,,,,,,,1739264418758,1739350821423,b15928b2-2cd9-4f81-9780-152ae3601b58,40.907061463644,-73.90425710655,100,Bronx County,Open,FP,,,,,,,,,,,,,,,,,,,,,,,,,,,,
809,FP,,LOUISEA MAZE EMILE COMMUNITY SERVICE,"1757 President St, Brooklyn, NY, 11213, USA",BK,11213,,,,,closed,,,,,closed,,,,,closed,,,,,closed,,,,,open,10:00 AM,12:00 PM,,,closed,,,,,closed,,,,,,,,,,,,,,,,,,,,,,,,,,,,,,,,,,,,,,,,1739264418758,1739523625780,858c3dc9-dca1-4b92-99f5-2d2fae660b47,40.667041684811,-73.928774843891,100,Kings County,Open,FP,,,,,,,,,,,,,,,,,,,,,,,,,,,,
810,FP,,LOVE WINS NYC (HARLEM) (FP),"521 WEST126th St, New York, NY, 10027, USA",NY,10027,,,,,closed,,,,,closed,,,,,open,01:00 PM,03:00 PM,,,closed,,,,,closed,,,,,closed,,,,,closed,,,,,,,,,,,,,,,,,,,,,,,,,,,,,,,,,,,,,,,,1739264418758,1739350821423,5859e6cb-417a-4727-98b3-01b68c947bdb,40.814849003598,-73.956152738052,99.75,New York County,Open,FP,,,,,,,,,,,,,,,,,,,,,,,,,,,,
811,FP,,"NEW HOPE PENTECOSTAL CHURCH OF JESUS CHRIST, INC (FP)","1838 Park Pl, Brooklyn, NY, 11233, USA",BK,11233,,,,,closed,,,,,closed,,,,,closed,,,,,closed,,,,,closed,,,,,open,12:00 PM,02:00 PM,,,closed,,,,,,,,,,,,,,,,,,,,,,,,,,,,,,,,,,,,,,,,1739264418758,1739350821423,20b290dd-d4d9-47bb-87d5-31174d9d18ec,40.671483548671,-73.916427378504,100,Kings County,Open,FP,,,,,,,,,,,,,,,,,,,,,,,,,,,,
812,,SK,ST. JAMES CHURCH-COMMUNITY KITCHEN (SK),"865 Madison Ave, New York, NY, 10021, USA",NY,10021,,,,,,,,,,,,,,,,,,,,,,,,,,,,,,,,,,,,,,,,closed,,,,,open,12:00 PM,01:00 PM,,,closed,,,,,closed,,,,,open,06:30 PM,07:30 PM,,,closed,,,,,closed,,,,,1739264418758,1739350821423,31001bce-62c0-4fa5-9ced-d05feed8e298,40.771333347434,-73.965586486256,100,New York County,Open,SK,,,,,,,,,,,,,,,,,,,,,,,,,,,,
813,FP,,AIDS SERVICE CENTER OF LOWER MANHATTAN (FP),"64 WEST 35th St, 3RD FL, New York, NY, 10001, USA",NY,10001,,,,,closed,,,,,closed,,,,,open,10:00 AM,03:00 PM,,,closed,,,,,closed,,,,,closed,,,,,closed,,,,,,,,,,,,,,,,,,,,,,,,,,,,,,,,,,,,,,,,1755590417552,1755676816226,06f1145b-d771-4bc4-a324-efdab96aac91,40.75009859202,-73.98666630219,98.53,New York County,Open,FP,,,,,,,,,,,,,,,,,,,,,,,,,,,,
814,FP,,ALLIANCE CASA WASHINGTON HEIGHTS (FP),"2036 Amsterdam Ave, New York, NY, 10032, USA",NY,10032,,,,,closed,,,,,closed,,,,,open,10:00 AM,03:00 PM,,,closed,,,,,closed,,,,,closed,,,,,closed,,,,,,,,,,,,,,,,,,,,,,,,,,,,,,,,,,,,,,,,1755590417552,1755676816226,b939b2d9-f145-40c6-a096-985501329f64,40.835229265893,-73.940571031506,100,New York County,Open,FP,,,,,,,,,,,,,,,,,,,,,,,,,,,,
815,FP,,FIRST UNITED CHRISTIAN CHURCH (FP),"109 Victory Blvd, Staten Island, NY, 10301, USA",SI,10301,,,,,closed,,,,,open,10:00 AM,01:00 PM,,,closed,,,,,closed,,,,,closed,,,,,closed,,,,,open,01:30 PM,03:30 PM,,,,,,,,,,,,,,,,,,,,,,,,,,,,,,,,,,,,,,1755590417552,1755676816226,948ff11c-51ba-4897-8af0-6f03bc05be3a,40.637659132778,-74.080221249759,100,Richmond County,Open,FP,,,,,,,,,,,,,,,,,,,,,,,,,,,,
816,FP,,MAS STATEN ISLAND CENTER FOOD PANTRY (FP),"180 Burgher Ave, Staten Island, NY, 10304, USA",SI,10304,,,,,closed,,,,,closed,,,,,closed,,,,,closed,,,,,open,03:00 PM,06:00 PM,,,closed,,,,,closed,,,,,,,,,,,,,,,,,,,,,,,,,,,,,,,,,,,,,,,,1755590417552,1755676816226,3ebe3a74-af25-4af7-ba2a-a1ecab2458e0,40.592418061845,-74.091916938355,100,Richmond County,Open,FP,,,,,,,,,,,,,,,,,,,,,,,,,,,,
817,FP,,MASJID AR RAHMAN FOOD PANTRY,"98-10 211th St, Queens Village, NY, 11429, USA",QN,11429,,,,,closed,,,,,closed,,,,,closed,,,,,closed,,,,,open,02:30 PM,04:00 PM,,,closed,,,,,closed,,,,,,,,,,,,,,,,,,,,,,,,,,,,,,,,,,,,,,,,1755590417552,1755676816226,6addd7ad-b886-4e4a-a87b-a082aea89b92,40.714142364782,-73.749161303858,100,Queens County,Open,FP,,,,,,,,,,,,,,,,,,,,,,,,,,,,
818,FPK,,MET COUNCIL BROOKLYN HUB (FPK),"1271 60th St, Brooklyn, NY, 11219, USA",BK,11219,,,,,closed,,,,,open,12:30 PM,04:30 PM,,,open,12:30 PM,04:30 PM,,,open,12:30 PM,04:30 PM,,,closed,,,,,closed,,,,,closed,,,,,,,,,,,,,,,,,,,,,,,,,,,,,,,,,,,,,,,,1755590417552,1767085220672,e7ffcd47-37bf-44b1-8228-ea59258f9e28,40.629318384747,-73.998923159204,100,Kings County,Open,FP,,,,,,,,,,,,,,,,,,,,,,,,,,,,
819,FP,,ZERO HUNGER CAMPAIGN (CCSO) (FP),"93-15 Corona Ave, Elmhurst, NY, 11373, USA",QN,11373,,,,,closed,,,,,closed,,,,,open,11:00 AM,01:00 PM,,,closed,,,,,open,11:00 AM,01:00 PM,,,closed,,,,,closed,,,,,,,,,,,,,,,,,,,,,,,,,,,,,,,,,,,,,,,,1755590417552,1762246830946,0fb6ddb5-dfcd-4819-9149-90aa92daf1eb,40.74261128937,-73.871398621179,100,Queens County,Open,FP,,,,,,,,,,,,,,,,,,,,,,,,,,,,
821,FP,,ALLIANCE TABERNACLE OF CLARENDON ROAD CHURCH,"3304 Clarendon Rd, Brooklyn, NY, 11203, USA",BK,11203,,,,,closed,,,,,closed,,,,,closed,,,,,closed,,,,,closed,,,,,open,12:00 PM,02:00 PM,,,closed,,,,,,,,,,,,,,,,,,,,,,,,,,,,,,,,,,,,,,,,1764147616107,1764147616107,f83b037b-1794-4525-851d-a6e671f0feab,40.643277103381,-73.945492968869,100,Kings County,Open,FP,,,,,,,,,,,,,,,,,,,,,,,,,,,,
822,FP,,ANGELS THROUGH CHRIST ,"2263 BEDFORD Ave, Brooklyn, NY, 11226, USA",BK,11226,,,,,closed,,,,,closed,,,,,closed,,,,,closed,,,,,closed,,,,,open,01:00 PM,03:00 PM,,,closed,,,,,,,,,,,,,,,,,,,,,,,,,,,,,,,,,,,,,,,,1764147616107,1771491629320,8fcee9cd-cbb4-4c9c-a2b3-c7f77882f0fc,40.648797550541,-73.955419992076,100,Kings County,Open,FP,,,,,,,,,,,,,,,,,,,,,,,,,,,,
823,FP,,BETHANY HOUSE (SCO FAMILY OF SERVICES),"164 Suydam St, Brooklyn, NY, 11221, USA",BK,11221,,,,,closed,,,,,closed,,,,,closed,,,,,open,11:00 AM,01:00 PM,,,closed,,,,,closed,,,,,closed,,,,,,,,,,,,,,,,,,,,,,,,,,,,,,,,,,,,,,,,1764147616107,1764234017140,25b3e832-59b6-48e3-beb4-08cabb03abde,40.69928573477,-73.926303858834,100,Kings County,Open,FP,,,,,,,,,,,,,,,,,,,,,,,,,,,,
824,FP,,EL REMANENTE FOOD PANTRY,"1402 Crotona Park E, Bronx, NY, 10460, USA",BX,10460,,,,,closed,,,,,closed,,,,,closed,,,,,closed,,,,,closed,,,,,open,11:00 AM,12:30 PM,,,closed,,,,,,,,,,,,,,,,,,,,,,,,,,,,,,,,,,,,,,,,1764147616107,1764234017140,bb519aef-0bd9-4f74-b456-437983f85c8d,40.834359056705,-73.896709957112,100,Bronx County,Open,FP,,,,,,,,,,,,,,,,,,,,,,,,,,,,
825,FP,,EVANGELICAL FREE CHURCH OF AMERICA - COMMUNITY BIBLE,"102-16 89th Ave, Richmond Hill, NY, 11418, USA",QN,11418,,,,,closed,,,,,closed,,,,,closed,,,,,closed,,,,,closed,,,,,open,08:00 AM,11:00 AM,,,closed,,,,,,,,,,,,,,,,,,,,,,,,,,,,,,,,,,,,,,,,1764147616107,1764234017140,0cf1d716-5927-4790-a570-e2f4c032da52,40.693218368428,-73.843565422037,100,Queens County,Open,FP,,,,,,,,,,,,,,,,,,,,,,,,,,,,
826,FP,,RESILIENCE USA FOUNDATION INC,"221-61 92nd Ave, Queens Village, NY, 11428, USA",QN,11428,,,,,closed,,,,,closed,,,,,open,02:00 PM,03:00 PM,,,closed,,,,,closed,,,,,closed,,,,,closed,,,,,,,,,,,,,,,,,,,,,,,,,,,,,,,,,,,,,,,,1764147616107,1764234017140,2f9436a5-6b52-46e0-9780-ae16207fd02d,40.726583120751,-73.735785714228,100,Queens County,Open,FP,,,,,,,,,,,,,,,,,,,,,,,,,,,,
827,FP,,REWRITE CORPORATION ,"425 Howard Ave, Brooklyn, NY, 11233, USA",BK,11233,,,,,closed,,,,,closed,,,,,closed,,,,,closed,,,,,closed,,,,,open,11:00 AM,02:00 PM,,,closed,,,,,,,,,,,,,,,,,,,,,,,,,,,,,,,,,,,,,,,,1764147616107,1764234017140,584949b2-9f31-4033-9b68-38ee90b23a88,40.673161605686,-73.919431955516,100,Kings County,Open,FP,,,,,,,,,,,,,,,,,,,,,,,,,,,,
828,FP,,TRUE DIVINITY OUTREACH FOOD PANTRY ,"115-27 Sutphin Blvd, Jamaica, NY, 11434, USA",QN,11434,,,,,closed,,,,,open,10:00 AM,02:00 PM,,,closed,,,,,open,10:00 AM,02:00 PM,,,closed,,,,,closed,,,,,closed,,,,,,,,,,,,,,,,,,,,,,,,,,,,,,,,,,,,,,,,1764147616107,1764234017140,e80fef2e-a14a-417f-9c80-d4e2d6b92d93,40.684160800038,-73.792301115483,100,Queens County,Open,FP,,,,,,,,,,,,,,,,,,,,,,,,,,,,
829,FP,,161ST STREET MERCHANT'S ASSOC. INC ,"85 E 165th St, Bronx, NY, 10452, USA",BX,10452,,,,,closed,,,,,closed,,,,,closed,,,,,open,12:00 PM,01:00 PM,,,closed,,,,,closed,,,,,closed,,,,,,,,,,,,,,,,,,,,,,,,,,,,,,,,,,,,,,,,1768294826469,1768381391448,ecb11c95-a283-4700-87ee-ab8eec2bd757,40.831686947882,-73.922297560574,100,Bronx County,Open,FP,,,,,,,,,,,,,,,,,,,,,,,,,,,,
830,FP,,CHGC FOOD DISTRIBUTION ,221-02 LINDEN BLVD,QN,11411,,,,,closed,,,,,closed,,,,,closed,,,,,closed,,,,,open,02:00 PM,04:00 PM,,,closed,,,,,closed,,,,,,,,,,,,,,,,,,,,,,,,,,,,,,,,,,,,,,,,1768294826469,1768294826469,6cb3db75-0f94-49a3-91d7-8793e628d2b0,40.694706784885,-73.739162363922,100,Queens County,Open,FP,,,,,,,,,,,,,,,,,,,,,,,,,,,,
831,FP,,"COMMUNITY FEED UP (MASJIDUS SABUR, INC)",2975 BAINBRIDGE ,BX,10458,,,,,closed,,,,,closed,,,,,closed,,,,,closed,,,,,open,04:00 PM,06:00 PM,,,closed,,,,,closed,,,,,,,,,,,,,,,,,,,,,,,,,,,,,,,,,,,,,,,,1768294826469,1768381391448,240720de-c379-44f4-8ec3-d079cf642b4f,40.871160054054,-73.884573967142,97.53,Bronx County,Open,FP,,,,,,,,,,,,,,,,,,,,,,,,,,,,
832,FP,,POWERHOUSE ZION APOSTOLIC CHURCH PANTRY ,"92-11 172nd St, Jamaica, NY, 11433, USA",QN,11433,,,,,closed,,,,,open,01:00 PM,02:00 PM,,,closed,,,,,closed,,,,,closed,,,,,closed,,,,,closed,,,,,,,,,,,,,,,,,,,,,,,,,,,,,,,,,,,,,,,,1768294826469,1770195630339,5c56cc92-4a31-4dc9-926e-2179731092c6,40.707212626332,-73.7877600518,100,Queens County,Open,FP,,,,,,,,,,,,,,,,,,,,,,,,,,,,
833,FP,,SHELTER ROCK SDA CHURCH COMMUNITY PANTRY ,157-18 MEYER AVENUE ,QN,11434,,,,,closed,,,,,closed,,,,,closed,,,,,open,10:00 AM,12:00 PM,,,closed,,,,,closed,,,,,closed,,,,,,,,,,,,,,,,,,,,,,,,,,,,,,,,,,,,,,,,1768294826469,1768381391448,bb6be334-623d-410c-a347-5a06b8401c4a,40.687616323441,-73.789516144334,100,Queens County,Open,FP,,,,,,,,,,,,,,,,,,,,,,,,,,,,
834,FP,,ST. CAMILLUS CHURCH FOOD PANTRY,"99-15 Rockaway Beach Blvd, Rockaway Park, NY, 11694, USA",QN,11694,,,,,closed,,,,,closed,,,,,open,10:00 AM,12:30 PM,,,closed,,,,,closed,,,,,closed,,,,,closed,,,,,,,,,,,,,,,,,,,,,,,,,,,,,,,,,,,,,,,,1768294826469,1768381391448,d522e398-ac82-456e-8f28-4a939d04924b,40.583902299676,-73.820731776683,100,Queens County,Open,FP,,,,,,,,,,,,,,,,,,,,,,,,,,,,
835,FP,,TABERNACLE OF JOY COMMUNITY CARE,"1800 Topping Ave, Bronx, NY, 10457, USA",BX,10457,,,,,closed,,,,,closed,,,,,closed,,,,,open,12:00 PM,03:00 PM,,,closed,,,,,closed,,,,,closed,,,,,,,,,,,,,,,,,,,,,,,,,,,,,,,,,,,,,,,,1768294826469,1768467627524,d4b95409-38e9-42ba-9da9-e9dc41e0bc55,40.846876129902,-73.905438954898,100,Bronx County,Open,FP,,,,,,,,,,,,,,,,,,,,,,,,,,,,
836,FP,,MISSION'S MINISTRY POP UP PANTRY (NEW JERSALEM WORSHIP CENTER),"122-05 Smith St, Jamaica, NY, 11434, USA",QN,11434,,,,,closed,,,,,closed,,,,,closed,,,,,open,02:30 PM,04:00 PM,,,closed,,,,,open,12:00 PM,03:00 PM,,,closed,,,,,,,,,,,,,,,,,,,,,,,,,,,,,,,,,,,,,,,,1775203223771,1776326423723,0db38e0e-0dbf-476f-be6a-39eb839ce3c1,40.679806652795,-73.778390592792,100,Queens County,Open,FP,,,,,,,,,,,,,,,,,,,,,,,,,,,,
837,FP,,"THE PRADO OF TRANSITIONING FORWARD, INC","225 E 149th St, Bronx, NY, 10451, USA",BX,10451,,,,,closed,,,,,closed,,,,,closed,,,,,closed,,,,,closed,,,,,open,12:00 PM,01:00 PM,,,closed,,,,,,,,,,,,,,,,,,,,,,,,,,,,,,,,,,,,,,,,1775203223771,1775289624593,a40a1e79-6b41-44e9-9f18-53d4f0dfab50,40.818167399065,-73.924741388264,100,Bronx County,Open,FP,,,,,,,,,,,,,,,,,,,,,,,,,,,,
838,FP,,POWERRAIN PENTECOSTAL INTERNATIONAL MINISTRIES INC,816 EAST 165TH ST,BX,10459,,,,,closed,,,,,closed,,,,,closed,,,,,closed,,,,,closed,,,,,open,10:00 AM,01:00 PM,,,closed,,,,,,,,,,,,,,,,,,,,,,,,,,,,,,,,,,,,,,,,1775203223771,1775548825397,33170ebd-fcc7-41f8-89a9-de75c864e940,40.824175295804,-73.900914487383,100,Bronx County,Open,FP,,,,,,,,,,,,,,,,,,,,,,,,,,,,
839,FP,,FIRST GHANA SDA CHURCH,"45 Goble Pl, Bronx, NY, 10452, USA",BX,10452,,,,,closed,,,,,closed,,,,,closed,,,,,open,12:00 PM,03:00 PM,,,closed,,,,,closed,,,,,closed,,,,,,,,,,,,,,,,,,,,,,,,,,,,,,,,,,,,,,,,1775203223771,1775289624593,6fda083a-bc23-4bc7-8af0-3531b4fe864f,40.84428364916,-73.916941524445,100,Bronx County,Open,FP,,,,,,,,,,,,,,,,,,,,,,,,,,,,
840,FP,,ENDTIME RESCUE INTERNATIONAL CHURCH ,"140-20 Bascom Ave, Jamaica, NY, 11436, USA",QN,11436,,,,,closed,,,,,closed,,,,,closed,,,,,closed,,,,,open,10:00 AM,01:00 PM,,,closed,,,,,closed,,,,,,,,,,,,,,,,,,,,,,,,,,,,,,,,,,,,,,,,1775203223771,1775289624593,0e927dfb-0d7e-4617-9ffc-4426a998c10a,40.673324591794,-73.799347278569,100,Queens County,Open,FP,,,,,,,,,,,,,,,,,,,,,,,,,,,,
841,FP,,ELOHIM FOUNDATION INC,"4415 Glenwood Rd, Brooklyn, NY, 11203, USA",BK,11203,,,,,open,01:00 PM,02:00 PM,,,closed,,,,,closed,,,,,closed,,,,,closed,,,,,closed,,,,,closed,,,,,,,,,,,,,,,,,,,,,,,,,,,,,,,,,,,,,,,,1775203223771,1775203223771,0d63f61a-4e84-4bd0-874c-8b735f4be391,40.634998968167,-73.933809182576,100,Kings County,Open,FP,,,,,,,,,,,,,,,,,,,,,,,,,,,,
842,FP,,CHURCH ALIVE DEVELOPMENT CORP,"315 E 170th St, Bronx, NY, 10456, USA",BX,10456,,,,,closed,,,,,closed,,,,,closed,,,,,closed,,,,,open,10:00 AM,01:00 PM,,,closed,,,,,closed,,,,,,,,,,,,,,,,,,,,,,,,,,,,,,,,,,,,,,,,1775203223771,1775289624593,a1085c1e-30a1-4da9-8700-e194750a8547,40.837402148562,-73.909791006665,100,Bronx County,Open,FP,,,,,,,,,,,,,,,,,,,,,,,,,,,,
843,FP,,BROWNSVILLE FRESH MARKET PANTRY,"315 Sutter Ave, Brooklyn, NY, 11212, USA",BK,11212,,,,,closed,,,,,closed,,,,,closed,,,,,closed,,,,,open,04:00 PM,05:00 PM,,,closed,,,,,closed,,,,,,,,,,,,,,,,,,,,,,,,,,,,,,,,,,,,,,,,1775203223771,1775203223771,79277760-1bba-4a9a-8388-255be7f7ca5c,40.667956611453,-73.908264997373,100,Kings County,Open,FP,,,,,,,,,,,,,,,,,,,,,,,,,,,,
